product_id,carat,color,clarity,cut,price,product_url,web_certificate_url,fluorescence,polish,symmetry,table,depth,lw_ratio,web_measurements,web_sku
1320316,1.96,E,VVS1,Ideal,610,https://www.luvansh.com/product/1320316/igi-certified-1-96-e-vvs1-round-lab-created-diamond-r,https://api.igi.org/viewpdf.php?r=LG738516036,NONE,Excellent,Excellent,54.00%,62.10%,1,8.01 - 8.04 x 4.98 mm,LV-ROUNDEVVS1-738516036
2255436,2.08,D,VVS2,Ideal,610,https://www.luvansh.com/product/2255436/igi-certified-2-08-d-vvs2-round-lab-created-diamond-r,https://api.igi.org/viewpdf.php?r=LG760591822,NONE,Excellent,Excellent,58.00%,62.20%,1.01,8.18 - 8.12 x 5.07 mm,LV-ROUNDDVVS2-760591822
2267538,2.08,D,VVS2,Ideal,610,https://www.luvansh.com/product/2267538/igi-certified-2-08-d-vvs2-round-lab-created-diamond-r,https://api.igi.org/viewpdf.php?r=LG762533691,NONE,Excellent,Excellent,56.00%,62.30%,1,8.17 - 8.13 x 5.08 mm,LV-ROUNDDVVS2-762533691
2262743,2.08,D,VVS2,Ideal,610,https://www.luvansh.com/product/2262743/igi-certified-2-08-d-vvs2-round-lab-created-diamond-r,https://api.igi.org/viewpdf.php?r=LG762501910,NONE,Excellent,Excellent,58.00%,61.40%,1.01,8.23 - 8.18 x 5.04 mm,LV-ROUNDDVVS2-762501910
2284374,2.09,D,VVS2,Ideal,610,https://www.luvansh.com/product/2284374/igi-certified-2-09-d-vvs2-round-lab-created-diamond-r,https://api.igi.org/viewpdf.php?r=LG764624429,NONE,Excellent,Excellent,58.00%,61.20%,1,8.26 - 8.23 x 5.05 mm,LV-ROUNDDVVS2-764624429
2279524,2.09,D,VVS2,Ideal,610,https://www.luvansh.com/product/2279524/igi-certified-2-09-d-vvs2-round-lab-created-diamond-r,https://api.igi.org/viewpdf.php?r=LG763658149,NONE,Excellent,Excellent,58.00%,62.10%,1,8.2 - 8.16 x 5.08 mm,LV-ROUNDDVVS2-763658149
2272368,2.09,D,VVS2,Ideal,610,https://www.luvansh.com/product/2272368/igi-certified-2-09-d-vvs2-round-lab-created-diamond-r,https://api.igi.org/viewpdf.php?r=LG762558691,NONE,Excellent,Excellent,57.00%,62.00%,1,8.22 - 8.19 x 5.09 mm,LV-ROUNDDVVS2-762558691
2277110,2.08,D,VVS2,Ideal,610,https://www.luvansh.com/product/2277110/igi-certified-2-08-d-vvs2-round-lab-created-diamond-r,https://api.igi.org/viewpdf.php?r=LG763618449,NONE,Excellent,Excellent,58.00%,62.10%,1,8.15 - 8.12 x 5.05 mm,LV-ROUNDDVVS2-763618449
2337797,2.08,D,VVS2,Ideal,610,https://www.luvansh.com/product/2337797/igi-certified-2-08-d-vvs2-round-lab-created-diamond-r,https://api.igi.org/viewpdf.php?r=LG766666708,NONE,Excellent,Excellent,58.00%,62.10%,1,8.19 - 8.16 x 5.07 mm,LV-ROUNDDVVS2-766666708
2337579,2.08,D,VVS2,Ideal,610,https://www.luvansh.com/product/2337579/igi-certified-2-08-d-vvs2-round-lab-created-diamond-r,https://api.igi.org/viewpdf.php?r=LG768646043,NONE,Excellent,Excellent,57.00%,62.00%,1,8.16 - 8.15 x 5.05 mm,LV-ROUNDDVVS2-768646043
2337863,2.08,D,VVS2,Ideal,610,https://www.luvansh.com/product/2337863/igi-certified-2-08-d-vvs2-round-lab-created-diamond-r,https://api.igi.org/viewpdf.php?r=LG768607506,NONE,Excellent,Excellent,58.00%,61.80%,1,8.19 - 8.15 x 5.05 mm,LV-ROUNDDVVS2-768607506
2337499,2.08,D,VVS2,Ideal,610,https://www.luvansh.com/product/2337499/igi-certified-2-08-d-vvs2-round-lab-created-diamond-r,https://api.igi.org/viewpdf.php?r=LG767609901,NONE,Excellent,Excellent,57.00%,62.10%,1,8.15 - 8.13 x 5.06 mm,LV-ROUNDDVVS2-767609901
2451791,2.02,E,VVS1,Ideal,610,https://www.luvansh.com/product/2451791/igi-certified-2-02-e-vvs1-round-lab-created-diamond-r,https://api.igi.org/viewpdf.php?r=LG769641019,NONE,Excellent,Excellent,58.00%,62.20%,1,8.06 - 8.08 x 5.02 mm,LV-ROUNDEVVS1-769641019
2437397,2.07,D,VVS2,Ideal,610,https://www.luvansh.com/product/2437397/igi-certified-2-07-d-vvs2-round-lab-created-diamond-r,https://api.igi.org/viewpdf.php?r=LG773631320,NONE,Excellent,Excellent,58.00%,61.30%,1,8.19 - 8.15 x 5.01 mm,LV-ROUNDDVVS2-773631320
2246083,2.09,D,VVS2,Ideal,610,https://www.luvansh.com/product/2246083/igi-certified-2-09-d-vvs2-round-lab-created-diamond-r,https://api.igi.org/viewpdf.php?r=LG760517478,NONE,Excellent,Excellent,57.00%,61.60%,1,8.26 - 8.24 x 5.08 mm,LV-ROUNDDVVS2-760517478
1522175,2.03,E,VVS1,Ideal,610,https://www.luvansh.com/product/1522175/igi-certified-2-03-e-vvs1-round-lab-created-diamond-r,https://api.igi.org/viewpdf.php?r=LG738504126,NONE,Excellent,Excellent,58.00%,62.30%,1,8.070 - 8.110 x 62.3 mm,LV-ROUNDEVVS1-738504126
1320316,1.96,E,VVS1,Ideal,610,https://www.luvansh.com/product/1320316/igi-certified-1-96-e-vvs1-round-lab-created-diamond-r,https://api.igi.org/viewpdf.php?r=LG738516036,NONE,Excellent,Excellent,54.00%,62.10%,1,8.01 - 8.04 x 4.98 mm,LV-ROUNDEVVS1-738516036
2255436,2.08,D,VVS2,Ideal,610,https://www.luvansh.com/product/2255436/igi-certified-2-08-d-vvs2-round-lab-created-diamond-r,https://api.igi.org/viewpdf.php?r=LG760591822,NONE,Excellent,Excellent,58.00%,62.20%,1.01,8.18 - 8.12 x 5.07 mm,LV-ROUNDDVVS2-760591822
2267538,2.08,D,VVS2,Ideal,610,https://www.luvansh.com/product/2267538/igi-certified-2-08-d-vvs2-round-lab-created-diamond-r,https://api.igi.org/viewpdf.php?r=LG762533691,NONE,Excellent,Excellent,56.00%,62.30%,1,8.17 - 8.13 x 5.08 mm,LV-ROUNDDVVS2-762533691
2262743,2.08,D,VVS2,Ideal,610,https://www.luvansh.com/product/2262743/igi-certified-2-08-d-vvs2-round-lab-created-diamond-r,https://api.igi.org/viewpdf.php?r=LG762501910,NONE,Excellent,Excellent,58.00%,61.40%,1.01,8.23 - 8.18 x 5.04 mm,LV-ROUNDDVVS2-762501910
2284374,2.09,D,VVS2,Ideal,610,https://www.luvansh.com/product/2284374/igi-certified-2-09-d-vvs2-round-lab-created-diamond-r,https://api.igi.org/viewpdf.php?r=LG764624429,NONE,Excellent,Excellent,58.00%,61.20%,1,8.26 - 8.23 x 5.05 mm,LV-ROUNDDVVS2-764624429
2279524,2.09,D,VVS2,Ideal,610,https://www.luvansh.com/product/2279524/igi-certified-2-09-d-vvs2-round-lab-created-diamond-r,https://api.igi.org/viewpdf.php?r=LG763658149,NONE,Excellent,Excellent,58.00%,62.10%,1,8.2 - 8.16 x 5.08 mm,LV-ROUNDDVVS2-763658149
2272368,2.09,D,VVS2,Ideal,610,https://www.luvansh.com/product/2272368/igi-certified-2-09-d-vvs2-round-lab-created-diamond-r,https://api.igi.org/viewpdf.php?r=LG762558691,NONE,Excellent,Excellent,57.00%,62.00%,1,8.22 - 8.19 x 5.09 mm,LV-ROUNDDVVS2-762558691
2277110,2.08,D,VVS2,Ideal,610,https://www.luvansh.com/product/2277110/igi-certified-2-08-d-vvs2-round-lab-created-diamond-r,https://api.igi.org/viewpdf.php?r=LG763618449,NONE,Excellent,Excellent,58.00%,62.10%,1,8.15 - 8.12 x 5.05 mm,LV-ROUNDDVVS2-763618449
2337797,2.08,D,VVS2,Ideal,610,https://www.luvansh.com/product/2337797/igi-certified-2-08-d-vvs2-round-lab-created-diamond-r,https://api.igi.org/viewpdf.php?r=LG766666708,NONE,Excellent,Excellent,58.00%,62.10%,1,8.19 - 8.16 x 5.07 mm,LV-ROUNDDVVS2-766666708
2337579,2.08,D,VVS2,Ideal,610,https://www.luvansh.com/product/2337579/igi-certified-2-08-d-vvs2-round-lab-created-diamond-r,https://api.igi.org/viewpdf.php?r=LG768646043,NONE,Excellent,Excellent,57.00%,62.00%,1,8.16 - 8.15 x 5.05 mm,LV-ROUNDDVVS2-768646043
2337863,2.08,D,VVS2,Ideal,610,https://www.luvansh.com/product/2337863/igi-certified-2-08-d-vvs2-round-lab-created-diamond-r,https://api.igi.org/viewpdf.php?r=LG768607506,NONE,Excellent,Excellent,58.00%,61.80%,1,8.19 - 8.15 x 5.05 mm,LV-ROUNDDVVS2-768607506
2337499,2.08,D,VVS2,Ideal,610,https://www.luvansh.com/product/2337499/igi-certified-2-08-d-vvs2-round-lab-created-diamond-r,https://api.igi.org/viewpdf.php?r=LG767609901,NONE,Excellent,Excellent,57.00%,62.10%,1,8.15 - 8.13 x 5.06 mm,LV-ROUNDDVVS2-767609901
2451791,2.02,E,VVS1,Ideal,610,https://www.luvansh.com/product/2451791/igi-certified-2-02-e-vvs1-round-lab-created-diamond-r,https://api.igi.org/viewpdf.php?r=LG769641019,NONE,Excellent,Excellent,58.00%,62.20%,1,8.06 - 8.08 x 5.02 mm,LV-ROUNDEVVS1-769641019
2437397,2.07,D,VVS2,Ideal,610,https://www.luvansh.com/product/2437397/igi-certified-2-07-d-vvs2-round-lab-created-diamond-r,https://api.igi.org/viewpdf.php?r=LG773631320,NONE,Excellent,Excellent,58.00%,61.30%,1,8.19 - 8.15 x 5.01 mm,LV-ROUNDDVVS2-773631320
2428657,2,E,VVS1,Ideal,604,https://www.luvansh.com/product/2428657/igi-certified-2-0-e-vvs1-round-lab-created-diamond-r,https://api.igi.org/viewpdf.php?r=LG756535323,NONE,Excellent,Excellent,56.00%,61.70%,1,8.08 - 8.11 x 4.99 mm,LV-ROUNDEVVS1-756535323
2284360,2.09,D,VVS2,Ideal,604,https://www.luvansh.com/product/2284360/igi-certified-2-09-d-vvs2-round-lab-created-diamond-r,https://api.igi.org/viewpdf.php?r=LG764623582,NONE,Excellent,Excellent,58.00%,61.40%,1,8.28 - 8.24 x 5.07 mm,LV-ROUNDDVVS2-764623582
2284373,2.07,D,VVS2,Ideal,604,https://www.luvansh.com/product/2284373/igi-certified-2-07-d-vvs2-round-lab-created-diamond-r,https://api.igi.org/viewpdf.php?r=LG764620525,NONE,Excellent,Excellent,58.00%,61.80%,1,8.21 - 8.17 x 5.07 mm,LV-ROUNDDVVS2-764620525
2369278,2,E,VVS1,Ideal,604,https://www.luvansh.com/product/2369278/igi-certified-2-0-e-vvs1-round-lab-created-diamond-r,https://api.igi.org/viewpdf.php?r=LG759504660,NONE,Excellent,Excellent,57.00%,62.30%,1,8 - 8.04 x 5 mm,LV-ROUNDEVVS1-759504660
2403285,2.06,D,VVS2,Ideal,604,https://www.luvansh.com/product/2403285/igi-certified-2-06-d-vvs2-round-lab-created-diamond-r,https://api.igi.org/viewpdf.php?r=LG770667206,NONE,Excellent,Excellent,58.00%,61.70%,1,8.15 - 8.12 x 5.02 mm,LV-ROUNDDVVS2-770667206
1512718,2.29,F,VVS2,Ideal,604,https://www.luvansh.com/product/1512718/igi-certified-2-29-f-vvs2-round-lab-created-diamond-r,https://api.igi.org/viewpdf.php?r=LG594324840,NONE,Excellent,Excellent,58.00%,61.60%,1,8.650 - 8.670 x 61.6 mm,LV-ROUNDFVVS2-594324840
1983644,2.02,F,VVS1,Ideal,604,https://www.luvansh.com/product/1983644/igi-certified-2-02-f-vvs1-round-lab-created-diamond-r,https://api.igi.org/viewpdf.php?r=LG756519782,NONE,Excellent,Excellent,57.00%,62.30%,1,8.03 - 8.06 x 5.01 mm,LV-ROUNDFVVS1-756519782
2182963,2.06,D,VVS2,Ideal,604,https://www.luvansh.com/product/2182963/igi-certified-2-06-d-vvs2-round-lab-created-diamond-r,https://api.igi.org/viewpdf.php?r=LG627417297,NONE,Excellent,Excellent,58.00%,62.20%,1,8.1 - 8.13 x 5.04 mm,LV-ROUNDDVVS2-627417297
2428657,2,E,VVS1,Ideal,604,https://www.luvansh.com/product/2428657/igi-certified-2-0-e-vvs1-round-lab-created-diamond-r,https://api.igi.org/viewpdf.php?r=LG756535323,NONE,Excellent,Excellent,56.00%,61.70%,1,8.08 - 8.11 x 4.99 mm,LV-ROUNDEVVS1-756535323
2284360,2.09,D,VVS2,Ideal,604,https://www.luvansh.com/product/2284360/igi-certified-2-09-d-vvs2-round-lab-created-diamond-r,https://api.igi.org/viewpdf.php?r=LG764623582,NONE,Excellent,Excellent,58.00%,61.40%,1,8.28 - 8.24 x 5.07 mm,LV-ROUNDDVVS2-764623582
2284373,2.07,D,VVS2,Ideal,604,https://www.luvansh.com/product/2284373/igi-certified-2-07-d-vvs2-round-lab-created-diamond-r,https://api.igi.org/viewpdf.php?r=LG764620525,NONE,Excellent,Excellent,58.00%,61.80%,1,8.21 - 8.17 x 5.07 mm,LV-ROUNDDVVS2-764620525
2369278,2,E,VVS1,Ideal,604,https://www.luvansh.com/product/2369278/igi-certified-2-0-e-vvs1-round-lab-created-diamond-r,https://api.igi.org/viewpdf.php?r=LG759504660,NONE,Excellent,Excellent,57.00%,62.30%,1,8 - 8.04 x 5 mm,LV-ROUNDEVVS1-759504660
2403285,2.06,D,VVS2,Ideal,604,https://www.luvansh.com/product/2403285/igi-certified-2-06-d-vvs2-round-lab-created-diamond-r,https://api.igi.org/viewpdf.php?r=LG770667206,NONE,Excellent,Excellent,58.00%,61.70%,1,8.15 - 8.12 x 5.02 mm,LV-ROUNDDVVS2-770667206
1512718,2.29,F,VVS2,Ideal,604,https://www.luvansh.com/product/1512718/igi-certified-2-29-f-vvs2-round-lab-created-diamond-r,https://api.igi.org/viewpdf.php?r=LG594324840,NONE,Excellent,Excellent,58.00%,61.60%,1,8.650 - 8.670 x 61.6 mm,LV-ROUNDFVVS2-594324840
1983644,2.02,F,VVS1,Ideal,604,https://www.luvansh.com/product/1983644/igi-certified-2-02-f-vvs1-round-lab-created-diamond-r,https://api.igi.org/viewpdf.php?r=LG756519782,NONE,Excellent,Excellent,57.00%,62.30%,1,8.03 - 8.06 x 5.01 mm,LV-ROUNDFVVS1-756519782
2182963,2.06,D,VVS2,Ideal,604,https://www.luvansh.com/product/2182963/igi-certified-2-06-d-vvs2-round-lab-created-diamond-r,https://api.igi.org/viewpdf.php?r=LG627417297,NONE,Excellent,Excellent,58.00%,62.20%,1,8.1 - 8.13 x 5.04 mm,LV-ROUNDDVVS2-627417297
1777964,2.09,F,VVS1,Ideal,600,https://www.luvansh.com/product/1777964/igi-certified-2-09-f-vvs1-round-lab-created-diamond-r,https://api.igi.org/viewpdf.php?r=LG739579598,NONE,Excellent,Excellent,57.00%,62.10%,1,8.170 - 8.200 x 62.1 mm,LV-ROUNDFVVS1-739579598
1800341,2.1,F,VVS1,Ideal,600,https://www.luvansh.com/product/1800341/igi-certified-2-1-f-vvs1-round-lab-created-diamond-r,https://api.igi.org/viewpdf.php?r=LG739579888,NONE,Excellent,Excellent,58.00%,61.70%,1,8.170 - 8.200 x 61.7 mm,LV-ROUNDFVVS1-739579888
2403135,2.05,D,VVS2,Ideal,600,https://www.luvansh.com/product/2403135/igi-certified-2-05-d-vvs2-round-lab-created-diamond-r,https://api.igi.org/viewpdf.php?r=LG771609873,NONE,Excellent,Excellent,57.00%,62.20%,1,8.13 - 8.09 x 5.05 mm,LV-ROUNDDVVS2-771609873
2376780,2.04,D,VVS2,Ideal,600,https://www.luvansh.com/product/2376780/igi-certified-2-04-d-vvs2-round-lab-created-diamond-r,https://api.igi.org/viewpdf.php?r=LG769657583,NONE,Excellent,Excellent,58.00%,62.10%,1,8.1 - 8.06 x 5.02 mm,LV-ROUNDDVVS2-769657583
2375987,2.04,D,VVS2,Ideal,600,https://www.luvansh.com/product/2375987/igi-certified-2-04-d-vvs2-round-lab-created-diamond-r,https://api.igi.org/viewpdf.php?r=LG769672207,NONE,Excellent,Excellent,58.00%,61.00%,1,8.2 - 8.17 x 4.99 mm,LV-ROUNDDVVS2-769672207
2260353,2.06,D,VVS2,Ideal,600,https://www.luvansh.com/product/2260353/igi-certified-2-06-d-vvs2-round-lab-created-diamond-r,https://api.igi.org/viewpdf.php?r=LG761538309,NONE,Excellent,Excellent,58.00%,61.90%,1,8.16 - 8.13 x 5.05 mm,LV-ROUNDDVVS2-761538309
2281946,2.05,D,VVS2,Ideal,600,https://www.luvansh.com/product/2281946/igi-certified-2-05-d-vvs2-round-lab-created-diamond-r,https://api.igi.org/viewpdf.php?r=LG763672772,NONE,Excellent,Excellent,58.00%,61.00%,1,8.24 - 8.21 x 5.02 mm,LV-ROUNDDVVS2-763672772
2319761,2.07,E,VVS1,Ideal,600,https://www.luvansh.com/product/2319761/igi-certified-2-07-e-vvs1-round-lab-created-diamond-r,https://api.igi.org/viewpdf.php?r=LG760561769,NONE,Excellent,Excellent,58.00%,61.60%,1,8.15 - 8.19 x 5.03 mm,LV-ROUNDEVVS1-760561769
2451450,2.07,E,VVS1,Ideal,600,https://www.luvansh.com/product/2451450/igi-certified-2-07-e-vvs1-round-lab-created-diamond-r,https://api.igi.org/viewpdf.php?r=LG759504965,NONE,Excellent,Excellent,56.00%,61.70%,1,8.14 - 8.17 x 5.03 mm,LV-ROUNDEVVS1-759504965
1777964,2.09,F,VVS1,Ideal,600,https://www.luvansh.com/product/1777964/igi-certified-2-09-f-vvs1-round-lab-created-diamond-r,https://api.igi.org/viewpdf.php?r=LG739579598,NONE,Excellent,Excellent,57.00%,62.10%,1,8.170 - 8.200 x 62.1 mm,LV-ROUNDFVVS1-739579598
1800341,2.1,F,VVS1,Ideal,600,https://www.luvansh.com/product/1800341/igi-certified-2-1-f-vvs1-round-lab-created-diamond-r,https://api.igi.org/viewpdf.php?r=LG739579888,NONE,Excellent,Excellent,58.00%,61.70%,1,8.170 - 8.200 x 61.7 mm,LV-ROUNDFVVS1-739579888
2403135,2.05,D,VVS2,Ideal,600,https://www.luvansh.com/product/2403135/igi-certified-2-05-d-vvs2-round-lab-created-diamond-r,https://api.igi.org/viewpdf.php?r=LG771609873,NONE,Excellent,Excellent,57.00%,62.20%,1,8.13 - 8.09 x 5.05 mm,LV-ROUNDDVVS2-771609873
2376780,2.04,D,VVS2,Ideal,600,https://www.luvansh.com/product/2376780/igi-certified-2-04-d-vvs2-round-lab-created-diamond-r,https://api.igi.org/viewpdf.php?r=LG769657583,NONE,Excellent,Excellent,58.00%,62.10%,1,8.1 - 8.06 x 5.02 mm,LV-ROUNDDVVS2-769657583
2375987,2.04,D,VVS2,Ideal,600,https://www.luvansh.com/product/2375987/igi-certified-2-04-d-vvs2-round-lab-created-diamond-r,https://api.igi.org/viewpdf.php?r=LG769672207,NONE,Excellent,Excellent,58.00%,61.00%,1,8.2 - 8.17 x 4.99 mm,LV-ROUNDDVVS2-769672207
2260353,2.06,D,VVS2,Ideal,600,https://www.luvansh.com/product/2260353/igi-certified-2-06-d-vvs2-round-lab-created-diamond-r,https://api.igi.org/viewpdf.php?r=LG761538309,NONE,Excellent,Excellent,58.00%,61.90%,1,8.16 - 8.13 x 5.05 mm,LV-ROUNDDVVS2-761538309
2281946,2.05,D,VVS2,Ideal,600,https://www.luvansh.com/product/2281946/igi-certified-2-05-d-vvs2-round-lab-created-diamond-r,https://api.igi.org/viewpdf.php?r=LG763672772,NONE,Excellent,Excellent,58.00%,61.00%,1,8.24 - 8.21 x 5.02 mm,LV-ROUNDDVVS2-763672772
2319761,2.07,E,VVS1,Ideal,600,https://www.luvansh.com/product/2319761/igi-certified-2-07-e-vvs1-round-lab-created-diamond-r,https://api.igi.org/viewpdf.php?r=LG760561769,NONE,Excellent,Excellent,58.00%,61.60%,1,8.15 - 8.19 x 5.03 mm,LV-ROUNDEVVS1-760561769
2451450,2.07,E,VVS1,Ideal,600,https://www.luvansh.com/product/2451450/igi-certified-2-07-e-vvs1-round-lab-created-diamond-r,https://api.igi.org/viewpdf.php?r=LG759504965,NONE,Excellent,Excellent,56.00%,61.70%,1,8.14 - 8.17 x 5.03 mm,LV-ROUNDEVVS1-759504965
2451242,2.04,E,VVS1,Ideal,594,https://www.luvansh.com/product/2451242/igi-certified-2-04-e-vvs1-round-lab-created-diamond-r,https://api.igi.org/viewpdf.php?r=LG759504885,NONE,Excellent,Excellent,58.00%,61.00%,1,8.14 - 8.16 x 4.97 mm,LV-ROUNDEVVS1-759504885
2451583,2.04,E,VVS1,Ideal,594,https://www.luvansh.com/product/2451583/igi-certified-2-04-e-vvs1-round-lab-created-diamond-r,https://api.igi.org/viewpdf.php?r=LG756577405,NONE,Excellent,Excellent,57.00%,61.10%,1,8.13 - 8.17 x 4.98 mm,LV-ROUNDEVVS1-756577405
2452349,2.04,E,VVS1,Ideal,594,https://www.luvansh.com/product/2452349/igi-certified-2-04-e-vvs1-round-lab-created-diamond-r,https://api.igi.org/viewpdf.php?r=LG769625365,NONE,Excellent,Excellent,58.00%,61.20%,1,8.12 - 8.15 x 4.98 mm,LV-ROUNDEVVS1-769625365
2410956,2.04,E,VVS1,Ideal,594,https://www.luvansh.com/product/2410956/igi-certified-2-04-e-vvs1-round-lab-created-diamond-r,https://api.igi.org/viewpdf.php?r=LG759504803,NONE,Excellent,Excellent,58.00%,61.40%,1,8.11 - 8.13 x 4.99 mm,LV-ROUNDEVVS1-759504803
2391251,2.03,D,VVS2,Ideal,594,https://www.luvansh.com/product/2391251/igi-certified-2-03-d-vvs2-round-lab-created-diamond-r,https://api.igi.org/viewpdf.php?r=LG760519512,NONE,Excellent,Excellent,56.00%,62.30%,1,8.09 - 8.06 x 5.03 mm,LV-ROUNDDVVS2-760519512
2451242,2.04,E,VVS1,Ideal,594,https://www.luvansh.com/product/2451242/igi-certified-2-04-e-vvs1-round-lab-created-diamond-r,https://api.igi.org/viewpdf.php?r=LG759504885,NONE,Excellent,Excellent,58.00%,61.00%,1,8.14 - 8.16 x 4.97 mm,LV-ROUNDEVVS1-759504885
2451583,2.04,E,VVS1,Ideal,594,https://www.luvansh.com/product/2451583/igi-certified-2-04-e-vvs1-round-lab-created-diamond-r,https://api.igi.org/viewpdf.php?r=LG756577405,NONE,Excellent,Excellent,57.00%,61.10%,1,8.13 - 8.17 x 4.98 mm,LV-ROUNDEVVS1-756577405
2452349,2.04,E,VVS1,Ideal,594,https://www.luvansh.com/product/2452349/igi-certified-2-04-e-vvs1-round-lab-created-diamond-r,https://api.igi.org/viewpdf.php?r=LG769625365,NONE,Excellent,Excellent,58.00%,61.20%,1,8.12 - 8.15 x 4.98 mm,LV-ROUNDEVVS1-769625365
2410956,2.04,E,VVS1,Ideal,594,https://www.luvansh.com/product/2410956/igi-certified-2-04-e-vvs1-round-lab-created-diamond-r,https://api.igi.org/viewpdf.php?r=LG759504803,NONE,Excellent,Excellent,58.00%,61.40%,1,8.11 - 8.13 x 4.99 mm,LV-ROUNDEVVS1-759504803
2391251,2.03,D,VVS2,Ideal,594,https://www.luvansh.com/product/2391251/igi-certified-2-03-d-vvs2-round-lab-created-diamond-r,https://api.igi.org/viewpdf.php?r=LG760519512,NONE,Excellent,Excellent,56.00%,62.30%,1,8.09 - 8.06 x 5.03 mm,LV-ROUNDDVVS2-760519512
2391404,2.01,D,VVS2,Ideal,590,https://www.luvansh.com/product/2391404/igi-certified-2-01-d-vvs2-round-lab-created-diamond-r,https://api.igi.org/viewpdf.php?r=LG760563988,NONE,Excellent,Excellent,58.00%,62.20%,1.01,8.09 - 7.98 x 5.01 mm,LV-ROUNDDVVS2-760563988
2411032,2.03,E,VVS1,Ideal,590,https://www.luvansh.com/product/2411032/igi-certified-2-03-e-vvs1-round-lab-created-diamond-r,https://api.igi.org/viewpdf.php?r=LG759504550,NONE,Excellent,Excellent,56.00%,62.20%,1,8.06 - 8.1 x 5.03 mm,LV-ROUNDEVVS1-759504550
2366835,2.09,F,VVS1,Ideal,590,https://www.luvansh.com/product/2366835/igi-certified-2-09-f-vvs1-round-lab-created-diamond-r,https://api.igi.org/viewpdf.php?r=LG761506945,NONE,Excellent,Excellent,56.00%,62.30%,1,8.17 - 8.14 x 5.08 mm,LV-ROUNDFVVS1-761506945
2293132,1.95,F,VVS1,Ideal,590,https://www.luvansh.com/product/2293132/igi-certified-1-95-f-vvs1-round-lab-created-diamond-r,https://api.igi.org/viewpdf.php?r=LG760545252,NONE,Excellent,Excellent,58.00%,61.80%,1,7.99 - 8.01 x 4.94 mm,LV-ROUNDFVVS1-760545252
2437354,2.01,D,VVS2,Ideal,590,https://www.luvansh.com/product/2437354/igi-certified-2-01-d-vvs2-round-lab-created-diamond-r,https://api.igi.org/viewpdf.php?r=LG773631319,NONE,Excellent,Excellent,58.00%,61.80%,1,8.06 - 8.02 x 4.96 mm,LV-ROUNDDVVS2-773631319
2391404,2.01,D,VVS2,Ideal,590,https://www.luvansh.com/product/2391404/igi-certified-2-01-d-vvs2-round-lab-created-diamond-r,https://api.igi.org/viewpdf.php?r=LG760563988,NONE,Excellent,Excellent,58.00%,62.20%,1.01,8.09 - 7.98 x 5.01 mm,LV-ROUNDDVVS2-760563988
2411032,2.03,E,VVS1,Ideal,590,https://www.luvansh.com/product/2411032/igi-certified-2-03-e-vvs1-round-lab-created-diamond-r,https://api.igi.org/viewpdf.php?r=LG759504550,NONE,Excellent,Excellent,56.00%,62.20%,1,8.06 - 8.1 x 5.03 mm,LV-ROUNDEVVS1-759504550
2366835,2.09,F,VVS1,Ideal,590,https://www.luvansh.com/product/2366835/igi-certified-2-09-f-vvs1-round-lab-created-diamond-r,https://api.igi.org/viewpdf.php?r=LG761506945,NONE,Excellent,Excellent,56.00%,62.30%,1,8.17 - 8.14 x 5.08 mm,LV-ROUNDFVVS1-761506945
2293132,1.95,F,VVS1,Ideal,590,https://www.luvansh.com/product/2293132/igi-certified-1-95-f-vvs1-round-lab-created-diamond-r,https://api.igi.org/viewpdf.php?r=LG760545252,NONE,Excellent,Excellent,58.00%,61.80%,1,7.99 - 8.01 x 4.94 mm,LV-ROUNDFVVS1-760545252
2437354,2.01,D,VVS2,Ideal,590,https://www.luvansh.com/product/2437354/igi-certified-2-01-d-vvs2-round-lab-created-diamond-r,https://api.igi.org/viewpdf.php?r=LG773631319,NONE,Excellent,Excellent,58.00%,61.80%,1,8.06 - 8.02 x 4.96 mm,LV-ROUNDDVVS2-773631319
2451429,2.01,E,VVS1,Ideal,584,https://www.luvansh.com/product/2451429/igi-certified-2-01-e-vvs1-round-lab-created-diamond-r,https://api.igi.org/viewpdf.php?r=LG759504869,NONE,Excellent,Excellent,57.00%,61.80%,1,8.03 - 8.07 x 4.98 mm,LV-ROUNDEVVS1-759504869
2410955,2.02,E,VVS1,Ideal,584,https://www.luvansh.com/product/2410955/igi-certified-2-02-e-vvs1-round-lab-created-diamond-r,https://api.igi.org/viewpdf.php?r=LG759504708,NONE,Excellent,Excellent,57.00%,61.80%,1,8.08 - 8.12 x 5 mm,LV-ROUNDEVVS1-759504708
2411060,2.01,E,VVS1,Ideal,584,https://www.luvansh.com/product/2411060/igi-certified-2-01-e-vvs1-round-lab-created-diamond-r,https://api.igi.org/viewpdf.php?r=LG759504238,NONE,Excellent,Excellent,58.00%,61.10%,1,8.1 - 8.14 x 4.96 mm,LV-ROUNDEVVS1-759504238
2391744,2,D,VVS2,Ideal,584,https://www.luvansh.com/product/2391744/igi-certified-2-0-d-vvs2-round-lab-created-diamond-r,https://api.igi.org/viewpdf.php?r=LG760572694,NONE,Excellent,Excellent,56.00%,61.60%,1,8.11 - 8.08 x 4.99 mm,LV-ROUNDDVVS2-760572694
1517309,1.84,D,VVS2,Ideal,584,https://www.luvansh.com/product/1517309/igi-certified-1-84-d-vvs2-round-lab-created-diamond-r,https://api.igi.org/viewpdf.php?r=LG687544035,NONE,Excellent,Excellent,55.00%,61.30%,1,7.890 - 7.920 x 61.3 mm,LV-ROUNDDVVS2-687544035
2451429,2.01,E,VVS1,Ideal,584,https://www.luvansh.com/product/2451429/igi-certified-2-01-e-vvs1-round-lab-created-diamond-r,https://api.igi.org/viewpdf.php?r=LG759504869,NONE,Excellent,Excellent,57.00%,61.80%,1,8.03 - 8.07 x 4.98 mm,LV-ROUNDEVVS1-759504869
2410955,2.02,E,VVS1,Ideal,584,https://www.luvansh.com/product/2410955/igi-certified-2-02-e-vvs1-round-lab-created-diamond-r,https://api.igi.org/viewpdf.php?r=LG759504708,NONE,Excellent,Excellent,57.00%,61.80%,1,8.08 - 8.12 x 5 mm,LV-ROUNDEVVS1-759504708
2411060,2.01,E,VVS1,Ideal,584,https://www.luvansh.com/product/2411060/igi-certified-2-01-e-vvs1-round-lab-created-diamond-r,https://api.igi.org/viewpdf.php?r=LG759504238,NONE,Excellent,Excellent,58.00%,61.10%,1,8.1 - 8.14 x 4.96 mm,LV-ROUNDEVVS1-759504238
2391744,2,D,VVS2,Ideal,584,https://www.luvansh.com/product/2391744/igi-certified-2-0-d-vvs2-round-lab-created-diamond-r,https://api.igi.org/viewpdf.php?r=LG760572694,NONE,Excellent,Excellent,56.00%,61.60%,1,8.11 - 8.08 x 4.99 mm,LV-ROUNDDVVS2-760572694
1517309,1.84,D,VVS2,Ideal,584,https://www.luvansh.com/product/1517309/igi-certified-1-84-d-vvs2-round-lab-created-diamond-r,https://api.igi.org/viewpdf.php?r=LG687544035,NONE,Excellent,Excellent,55.00%,61.30%,1,7.890 - 7.920 x 61.3 mm,LV-ROUNDDVVS2-687544035
2055673,2.17,D,VVS2,Ideal,580,https://www.luvansh.com/product/2055673/igi-certified-2-17-d-vvs2-round-lab-created-diamond-r,https://api.igi.org/viewpdf.php?r=LG757505106,NONE,Excellent,Excellent,58.00%,61.60%,1,8.31 - 8.27 x 5.11 mm,LV-ROUNDDVVS2-757505106
1932534,1.83,D,VVS2,Ideal,580,https://www.luvansh.com/product/1932534/igi-certified-1-83-d-vvs2-round-lab-created-diamond-r,https://api.igi.org/viewpdf.php?r=LG747518194,NONE,Excellent,Excellent,57.00%,61.70%,1,7.820 - 7.850 x 61.7 mm,LV-ROUNDDVVS2-747518194
1523347,2.06,E,VVS2,Ideal,580,https://www.luvansh.com/product/1523347/igi-certified-2-06-e-vvs2-round-lab-created-diamond-r,https://api.igi.org/viewpdf.php?r=LG729570598,NONE,Excellent,Excellent,57.00%,62.00%,1,8.120 - 8.160 x 62 mm,LV-ROUNDEVVS2-729570598
2410954,2,E,VVS1,Ideal,580,https://www.luvansh.com/product/2410954/igi-certified-2-0-e-vvs1-round-lab-created-diamond-r,https://api.igi.org/viewpdf.php?r=LG759504707,NONE,Excellent,Excellent,58.00%,61.90%,1,8.02 - 8.05 x 4.98 mm,LV-ROUNDEVVS1-759504707
2418195,2.05,E,VVS2,Ideal,580,https://www.luvansh.com/product/2418195/igi-certified-2-05-e-vvs2-round-lab-created-diamond-r,https://api.igi.org/viewpdf.php?r=LG771624926,NONE,Excellent,Excellent,58.00%,61.20%,1,8.19 - 8.22 x 5.02 mm,LV-ROUNDEVVS2-LG771624926
2451455,2,E,VVS1,Ideal,580,https://www.luvansh.com/product/2451455/igi-certified-2-0-e-vvs1-round-lab-created-diamond-r,https://api.igi.org/viewpdf.php?r=LG759504940,NONE,Excellent,Excellent,58.00%,62.20%,1,7.99 - 8.03 x 4.99 mm,LV-ROUNDEVVS1-759504940
2451529,2,E,VVS1,Ideal,580,https://www.luvansh.com/product/2451529/igi-certified-2-0-e-vvs1-round-lab-created-diamond-r,https://api.igi.org/viewpdf.php?r=LG756581235,NONE,Excellent,Excellent,58.00%,61.40%,1,8.07 - 8.11 x 4.97 mm,LV-ROUNDEVVS1-756581235
2451531,1.99,E,VVS1,Ideal,580,https://www.luvansh.com/product/2451531/igi-certified-1-99-e-vvs1-round-lab-created-diamond-r,https://api.igi.org/viewpdf.php?r=LG756581232,NONE,Excellent,Excellent,57.00%,62.10%,1,8.03 - 8.06 x 5 mm,LV-ROUNDEVVS1-756581232
2055673,2.17,D,VVS2,Ideal,580,https://www.luvansh.com/product/2055673/igi-certified-2-17-d-vvs2-round-lab-created-diamond-r,https://api.igi.org/viewpdf.php?r=LG757505106,NONE,Excellent,Excellent,58.00%,61.60%,1,8.31 - 8.27 x 5.11 mm,LV-ROUNDDVVS2-757505106
1932534,1.83,D,VVS2,Ideal,580,https://www.luvansh.com/product/1932534/igi-certified-1-83-d-vvs2-round-lab-created-diamond-r,https://api.igi.org/viewpdf.php?r=LG747518194,NONE,Excellent,Excellent,57.00%,61.70%,1,7.820 - 7.850 x 61.7 mm,LV-ROUNDDVVS2-747518194
1523347,2.06,E,VVS2,Ideal,580,https://www.luvansh.com/product/1523347/igi-certified-2-06-e-vvs2-round-lab-created-diamond-r,https://api.igi.org/viewpdf.php?r=LG729570598,NONE,Excellent,Excellent,57.00%,62.00%,1,8.120 - 8.160 x 62 mm,LV-ROUNDEVVS2-729570598
2410954,2,E,VVS1,Ideal,580,https://www.luvansh.com/product/2410954/igi-certified-2-0-e-vvs1-round-lab-created-diamond-r,https://api.igi.org/viewpdf.php?r=LG759504707,NONE,Excellent,Excellent,58.00%,61.90%,1,8.02 - 8.05 x 4.98 mm,LV-ROUNDEVVS1-759504707
2418195,2.05,E,VVS2,Ideal,580,https://www.luvansh.com/product/2418195/igi-certified-2-05-e-vvs2-round-lab-created-diamond-r,https://api.igi.org/viewpdf.php?r=LG771624926,NONE,Excellent,Excellent,58.00%,61.20%,1,8.19 - 8.22 x 5.02 mm,LV-ROUNDEVVS2-LG771624926
2451455,2,E,VVS1,Ideal,580,https://www.luvansh.com/product/2451455/igi-certified-2-0-e-vvs1-round-lab-created-diamond-r,https://api.igi.org/viewpdf.php?r=LG759504940,NONE,Excellent,Excellent,58.00%,62.20%,1,7.99 - 8.03 x 4.99 mm,LV-ROUNDEVVS1-759504940
2451529,2,E,VVS1,Ideal,580,https://www.luvansh.com/product/2451529/igi-certified-2-0-e-vvs1-round-lab-created-diamond-r,https://api.igi.org/viewpdf.php?r=LG756581235,NONE,Excellent,Excellent,58.00%,61.40%,1,8.07 - 8.11 x 4.97 mm,LV-ROUNDEVVS1-756581235
2451531,1.99,E,VVS1,Ideal,580,https://www.luvansh.com/product/2451531/igi-certified-1-99-e-vvs1-round-lab-created-diamond-r,https://api.igi.org/viewpdf.php?r=LG756581232,NONE,Excellent,Excellent,57.00%,62.10%,1,8.03 - 8.06 x 5 mm,LV-ROUNDEVVS1-756581232
2424442,2.04,E,VVS2,Ideal,574,https://www.luvansh.com/product/2424442/igi-certified-2-04-e-vvs2-round-lab-created-diamond-r,https://api.igi.org/viewpdf.php?r=LG772606711,NONE,Excellent,Excellent,58.00%,61.50%,1,8.11 - 8.14 x 5 mm,LV-ROUNDEVVS2-LG772606711
2418116,2.04,E,VVS2,Ideal,574,https://www.luvansh.com/product/2418116/igi-certified-2-04-e-vvs2-round-lab-created-diamond-r,https://api.igi.org/viewpdf.php?r=LG770659173,NONE,Excellent,Excellent,58.00%,61.30%,1,8.15 - 8.17 x 5 mm,LV-ROUNDEVVS2-LG770659173
2398935,2.04,E,VVS2,Ideal,574,https://www.luvansh.com/product/2398935/igi-certified-2-04-e-vvs2-round-lab-created-diamond-r,https://api.igi.org/viewpdf.php?r=LG766666866,NONE,Excellent,Excellent,58.00%,61.20%,1,8.18 - 8.21 x 5.01 mm,LV-ROUNDEVVS2-LG766666866
2424442,2.04,E,VVS2,Ideal,574,https://www.luvansh.com/product/2424442/igi-certified-2-04-e-vvs2-round-lab-created-diamond-r,https://api.igi.org/viewpdf.php?r=LG772606711,NONE,Excellent,Excellent,58.00%,61.50%,1,8.11 - 8.14 x 5 mm,LV-ROUNDEVVS2-LG772606711
2418116,2.04,E,VVS2,Ideal,574,https://www.luvansh.com/product/2418116/igi-certified-2-04-e-vvs2-round-lab-created-diamond-r,https://api.igi.org/viewpdf.php?r=LG770659173,NONE,Excellent,Excellent,58.00%,61.30%,1,8.15 - 8.17 x 5 mm,LV-ROUNDEVVS2-LG770659173
2398935,2.04,E,VVS2,Ideal,574,https://www.luvansh.com/product/2398935/igi-certified-2-04-e-vvs2-round-lab-created-diamond-r,https://api.igi.org/viewpdf.php?r=LG766666866,NONE,Excellent,Excellent,58.00%,61.20%,1,8.18 - 8.21 x 5.01 mm,LV-ROUNDEVVS2-LG766666866
1851470,2.05,E,VVS1,Ideal,570,https://www.luvansh.com/product/1851470/igi-certified-2-05-e-vvs1-round-lab-created-diamond-r,https://api.igi.org/viewpdf.php?r=LG718507530,NONE,Excellent,Excellent,57.00%,62.20%,1,8.12 - 8.15 x 62.2 mm,LV-ROUNDEVVS1-718507530
1352575,2.3,D,VVS2,Ideal,570,https://www.luvansh.com/product/1352575/igi-certified-2-3-d-vvs2-round-lab-created-diamond-r,https://api.igi.org/viewpdf.php?r=LG669418943,NONE,Excellent,Excellent,58.00%,61.00%,1,8.48 - 8.52 x 5.19 mm,LV-ROUNDDVVS2-669418943
1353539,2.29,D,VVS2,Ideal,570,https://www.luvansh.com/product/1353539/igi-certified-2-29-d-vvs2-round-lab-created-diamond-r,https://api.igi.org/viewpdf.php?r=LG689565861,NONE,Excellent,Excellent,58.00%,61.60%,1,8.44 - 8.47 x 5.21 mm,LV-ROUNDDVVS2-689565861
2451465,2.06,F,VVS1,Ideal,570,https://www.luvansh.com/product/2451465/igi-certified-2-06-f-vvs1-round-lab-created-diamond-r,https://api.igi.org/viewpdf.php?r=LG759505080,NONE,Excellent,Excellent,58.00%,62.20%,1,8.08 - 8.11 x 5.03 mm,LV-ROUNDFVVS1-759505080
1851470,2.05,E,VVS1,Ideal,570,https://www.luvansh.com/product/1851470/igi-certified-2-05-e-vvs1-round-lab-created-diamond-r,https://api.igi.org/viewpdf.php?r=LG718507530,NONE,Excellent,Excellent,57.00%,62.20%,1,8.12 - 8.15 x 62.2 mm,LV-ROUNDEVVS1-718507530
1352575,2.3,D,VVS2,Ideal,570,https://www.luvansh.com/product/1352575/igi-certified-2-3-d-vvs2-round-lab-created-diamond-r,https://api.igi.org/viewpdf.php?r=LG669418943,NONE,Excellent,Excellent,58.00%,61.00%,1,8.48 - 8.52 x 5.19 mm,LV-ROUNDDVVS2-669418943
1353539,2.29,D,VVS2,Ideal,570,https://www.luvansh.com/product/1353539/igi-certified-2-29-d-vvs2-round-lab-created-diamond-r,https://api.igi.org/viewpdf.php?r=LG689565861,NONE,Excellent,Excellent,58.00%,61.60%,1,8.44 - 8.47 x 5.21 mm,LV-ROUNDDVVS2-689565861
2451465,2.06,F,VVS1,Ideal,570,https://www.luvansh.com/product/2451465/igi-certified-2-06-f-vvs1-round-lab-created-diamond-r,https://api.igi.org/viewpdf.php?r=LG759505080,NONE,Excellent,Excellent,58.00%,62.20%,1,8.08 - 8.11 x 5.03 mm,LV-ROUNDFVVS1-759505080
2411015,2.05,F,VVS1,Ideal,564,https://www.luvansh.com/product/2411015/igi-certified-2-05-f-vvs1-round-lab-created-diamond-r,https://api.igi.org/viewpdf.php?r=LG759504217,NONE,Excellent,Excellent,58.00%,62.00%,1,8.08 - 8.12 x 5.02 mm,LV-ROUNDFVVS1-759504217
2293142,2.25,D,VVS2,Ideal,564,https://www.luvansh.com/product/2293142/igi-certified-2-25-d-vvs2-round-lab-created-diamond-r,https://api.igi.org/viewpdf.php?r=LG760545268,NONE,Excellent,Excellent,58.00%,61.50%,1,8.39 - 8.42 x 5.17 mm,LV-ROUNDDVVS2-760545268
1618689,2.15,D,VVS1,Ideal,564,https://www.luvansh.com/product/1618689/igi-certified-2-15-d-vvs1-round-lab-created-diamond-r,https://api.igi.org/viewpdf.php?r=LG680525343,NONE,Excellent,Excellent,57.00%,61.20%,1,8.3 - 8.34 x 5.09 mm,LV-ROUNDDVVS1-680525343
2411015,2.05,F,VVS1,Ideal,564,https://www.luvansh.com/product/2411015/igi-certified-2-05-f-vvs1-round-lab-created-diamond-r,https://api.igi.org/viewpdf.php?r=LG759504217,NONE,Excellent,Excellent,58.00%,62.00%,1,8.08 - 8.12 x 5.02 mm,LV-ROUNDFVVS1-759504217
2293142,2.25,D,VVS2,Ideal,564,https://www.luvansh.com/product/2293142/igi-certified-2-25-d-vvs2-round-lab-created-diamond-r,https://api.igi.org/viewpdf.php?r=LG760545268,NONE,Excellent,Excellent,58.00%,61.50%,1,8.39 - 8.42 x 5.17 mm,LV-ROUNDDVVS2-760545268
1618689,2.15,D,VVS1,Ideal,564,https://www.luvansh.com/product/1618689/igi-certified-2-15-d-vvs1-round-lab-created-diamond-r,https://api.igi.org/viewpdf.php?r=LG680525343,NONE,Excellent,Excellent,57.00%,61.20%,1,8.3 - 8.34 x 5.09 mm,LV-ROUNDDVVS1-680525343
1979196,2.22,E,VVS1,Ideal,560,https://www.luvansh.com/product/1979196/igi-certified-2-22-e-vvs1-round-lab-created-diamond-r,https://api.igi.org/viewpdf.php?r=LG743573262,NONE,Excellent,Excellent,57.00%,61.10%,1,8.37 - 8.41 x 5.12 mm,LV-ROUNDEVVS1-LG743573262
2237204,2.1,D,VVS2,Ideal,560,https://www.luvansh.com/product/2237204/igi-certified-2-1-d-vvs2-round-lab-created-diamond-r,https://api.igi.org/viewpdf.php?r=LG758575300,NONE,Excellent,Excellent,58.00%,61.50%,1,8.29 - 8.25 x 5.08 mm,LV-ROUNDDVVS2-758575300
1618666,2.12,D,VVS1,Ideal,560,https://www.luvansh.com/product/1618666/igi-certified-2-12-d-vvs1-round-lab-created-diamond-r,https://api.igi.org/viewpdf.php?r=LG680525076,NONE,Excellent,Excellent,57.00%,61.70%,1,8.21 - 8.25 x 5.08 mm,LV-ROUNDDVVS1-680525076
2438940,2.03,D,VVS2,Ideal,560,https://www.luvansh.com/product/2438940/igi-certified-2-03-d-vvs2-round-lab-created-diamond-r,https://api.igi.org/viewpdf.php?r=LG764616427,NONE,Excellent,Excellent,58.00%,62.30%,1.01,8.12 - 8.04 x 5.03 mm,LV-ROUNDDVVS2-764616427
2451433,2.03,F,VVS1,Ideal,560,https://www.luvansh.com/product/2451433/igi-certified-2-03-f-vvs1-round-lab-created-diamond-r,https://api.igi.org/viewpdf.php?r=LG759504519,NONE,Excellent,Excellent,58.00%,62.20%,1,8.05 - 8.07 x 5.01 mm,LV-ROUNDFVVS1-759504519
2248323,2.09,D,VVS2,Ideal,560,https://www.luvansh.com/product/2248323/igi-certified-2-09-d-vvs2-round-lab-created-diamond-r,https://api.igi.org/viewpdf.php?r=LG760555308,NONE,Excellent,Excellent,57.00%,61.80%,1.01,8.2 - 8.15 x 5.06 mm,LV-ROUNDDVVS2-760555308
2342652,2.1,E,VVS2,Ideal,560,https://www.luvansh.com/product/2342652/igi-certified-2-1-e-vvs2-round-lab-created-diamond-r,https://api.igi.org/viewpdf.php?r=LG758576464,NONE,Excellent,Excellent,58.00%,62.10%,1,8.21 - 8.17 x 5.09 mm,LV-ROUNDEVVS2-758576464
2342921,2.1,E,VVS2,Ideal,560,https://www.luvansh.com/product/2342921/igi-certified-2-1-e-vvs2-round-lab-created-diamond-r,https://api.igi.org/viewpdf.php?r=LG759530527,NONE,Excellent,Excellent,58.00%,62.20%,1.01,8.26 - 8.2 x 5.11 mm,LV-ROUNDEVVS2-759530527
1979196,2.22,E,VVS1,Ideal,560,https://www.luvansh.com/product/1979196/igi-certified-2-22-e-vvs1-round-lab-created-diamond-r,https://api.igi.org/viewpdf.php?r=LG743573262,NONE,Excellent,Excellent,57.00%,61.10%,1,8.37 - 8.41 x 5.12 mm,LV-ROUNDEVVS1-LG743573262
2237204,2.1,D,VVS2,Ideal,560,https://www.luvansh.com/product/2237204/igi-certified-2-1-d-vvs2-round-lab-created-diamond-r,https://api.igi.org/viewpdf.php?r=LG758575300,NONE,Excellent,Excellent,58.00%,61.50%,1,8.29 - 8.25 x 5.08 mm,LV-ROUNDDVVS2-758575300
1618666,2.12,D,VVS1,Ideal,560,https://www.luvansh.com/product/1618666/igi-certified-2-12-d-vvs1-round-lab-created-diamond-r,https://api.igi.org/viewpdf.php?r=LG680525076,NONE,Excellent,Excellent,57.00%,61.70%,1,8.21 - 8.25 x 5.08 mm,LV-ROUNDDVVS1-680525076
2438940,2.03,D,VVS2,Ideal,560,https://www.luvansh.com/product/2438940/igi-certified-2-03-d-vvs2-round-lab-created-diamond-r,https://api.igi.org/viewpdf.php?r=LG764616427,NONE,Excellent,Excellent,58.00%,62.30%,1.01,8.12 - 8.04 x 5.03 mm,LV-ROUNDDVVS2-764616427
2451433,2.03,F,VVS1,Ideal,560,https://www.luvansh.com/product/2451433/igi-certified-2-03-f-vvs1-round-lab-created-diamond-r,https://api.igi.org/viewpdf.php?r=LG759504519,NONE,Excellent,Excellent,58.00%,62.20%,1,8.05 - 8.07 x 5.01 mm,LV-ROUNDFVVS1-759504519
2248323,2.09,D,VVS2,Ideal,560,https://www.luvansh.com/product/2248323/igi-certified-2-09-d-vvs2-round-lab-created-diamond-r,https://api.igi.org/viewpdf.php?r=LG760555308,NONE,Excellent,Excellent,57.00%,61.80%,1.01,8.2 - 8.15 x 5.06 mm,LV-ROUNDDVVS2-760555308
2342652,2.1,E,VVS2,Ideal,560,https://www.luvansh.com/product/2342652/igi-certified-2-1-e-vvs2-round-lab-created-diamond-r,https://api.igi.org/viewpdf.php?r=LG758576464,NONE,Excellent,Excellent,58.00%,62.10%,1,8.21 - 8.17 x 5.09 mm,LV-ROUNDEVVS2-758576464
2342921,2.1,E,VVS2,Ideal,560,https://www.luvansh.com/product/2342921/igi-certified-2-1-e-vvs2-round-lab-created-diamond-r,https://api.igi.org/viewpdf.php?r=LG759530527,NONE,Excellent,Excellent,58.00%,62.20%,1.01,8.26 - 8.2 x 5.11 mm,LV-ROUNDEVVS2-759530527
2410726,2.2,D,VVS2,Ideal,554,https://www.luvansh.com/product/2410726/igi-certified-2-2-d-vvs2-round-lab-created-diamond-r,https://api.igi.org/viewpdf.php?r=LG770611235,NONE,Excellent,Excellent,58.00%,61.30%,1,8.29 - 8.33 x 5.09 mm,LV-ROUNDDVVS2-770611235
2366747,2.05,D,VVS2,Ideal,554,https://www.luvansh.com/product/2366747/igi-certified-2-05-d-vvs2-round-lab-created-diamond-r,https://api.igi.org/viewpdf.php?r=LG761516079,NONE,Excellent,Excellent,58.00%,62.30%,1.01,8.13 - 8.08 x 5.05 mm,LV-ROUNDDVVS2-761516079
2344022,2.1,E,VVS2,Ideal,554,https://www.luvansh.com/product/2344022/igi-certified-2-1-e-vvs2-round-lab-created-diamond-r,https://api.igi.org/viewpdf.php?r=LG762533663,NONE,Excellent,Excellent,58.00%,61.70%,1,8.25 - 8.23 x 5.08 mm,LV-ROUNDEVVS2-762533663
2284560,2.08,E,VVS2,Ideal,554,https://www.luvansh.com/product/2284560/igi-certified-2-08-e-vvs2-round-lab-created-diamond-r,https://api.igi.org/viewpdf.php?r=LG764612625,NONE,Excellent,Excellent,57.00%,62.30%,1,8.14 - 8.11 x 5.06 mm,LV-ROUNDEVVS2-764612625
2253220,2.1,E,VVS2,Ideal,554,https://www.luvansh.com/product/2253220/igi-certified-2-1-e-vvs2-round-lab-created-diamond-r,https://api.igi.org/viewpdf.php?r=LG760585380,NONE,Excellent,Excellent,56.00%,61.90%,1,8.21 - 8.17 x 5.07 mm,LV-ROUNDEVVS2-760585380
2250832,2.1,E,VVS2,Ideal,554,https://www.luvansh.com/product/2250832/igi-certified-2-1-e-vvs2-round-lab-created-diamond-r,https://api.igi.org/viewpdf.php?r=LG760572571,NONE,Excellent,Excellent,58.00%,61.90%,1.01,8.22 - 8.17 x 5.08 mm,LV-ROUNDEVVS2-760572571
2262888,2.1,E,VVS2,Ideal,554,https://www.luvansh.com/product/2262888/igi-certified-2-1-e-vvs2-round-lab-created-diamond-r,https://api.igi.org/viewpdf.php?r=LG762501370,NONE,Excellent,Excellent,57.00%,61.50%,1,8.25 - 8.21 x 5.06 mm,LV-ROUNDEVVS2-762501370
2265259,2.28,E,VVS2,Ideal,554,https://www.luvansh.com/product/2265259/igi-certified-2-28-e-vvs2-round-lab-created-diamond-r,https://api.igi.org/viewpdf.php?r=LG762517755,NONE,Excellent,Excellent,56.00%,62.20%,1.01,8.42 - 8.37 x 5.22 mm,LV-ROUNDEVVS2-762517755
2438908,2.01,D,VVS2,Ideal,554,https://www.luvansh.com/product/2438908/igi-certified-2-01-d-vvs2-round-lab-created-diamond-r,https://api.igi.org/viewpdf.php?r=LG764616385,NONE,Excellent,Excellent,57.00%,62.20%,1.01,8.09 - 8.04 x 5.02 mm,LV-ROUNDDVVS2-764616385
2438932,2.1,D,VVS2,Ideal,554,https://www.luvansh.com/product/2438932/igi-certified-2-1-d-vvs2-round-lab-created-diamond-r,https://api.igi.org/viewpdf.php?r=LG764617610,NONE,Excellent,Excellent,58.00%,62.30%,1,8.19 - 8.15 x 5.09 mm,LV-ROUNDDVVS2-764617610
2439060,2.02,D,VVS2,Ideal,554,https://www.luvansh.com/product/2439060/igi-certified-2-02-d-vvs2-round-lab-created-diamond-r,https://api.igi.org/viewpdf.php?r=LG764695543,NONE,Excellent,Excellent,55.00%,61.30%,1.01,8.14 - 8.09 x 4.97 mm,LV-ROUNDDVVS2-764695543
2438201,2.09,D,VVS2,Ideal,554,https://www.luvansh.com/product/2438201/igi-certified-2-09-d-vvs2-round-lab-created-diamond-r,https://api.igi.org/viewpdf.php?r=LG761524113,NONE,Excellent,Excellent,58.00%,61.30%,1,8.22 - 8.18 x 5.03 mm,LV-ROUNDDVVS2-761524113
2233315,2.1,D,VVS2,Ideal,554,https://www.luvansh.com/product/2233315/igi-certified-2-1-d-vvs2-round-lab-created-diamond-r,https://api.igi.org/viewpdf.php?r=LG758519097,NONE,Excellent,Excellent,56.00%,61.60%,1,8.26 - 8.23 x 5.08 mm,LV-ROUNDDVVS2-758519097
2233317,2.1,D,VVS2,Ideal,554,https://www.luvansh.com/product/2233317/igi-certified-2-1-d-vvs2-round-lab-created-diamond-r,https://api.igi.org/viewpdf.php?r=LG758521090,NONE,Excellent,Excellent,58.00%,62.10%,1.01,8.24 - 8.19 x 5.09 mm,LV-ROUNDDVVS2-758521090
2231675,2.1,D,VVS2,Ideal,554,https://www.luvansh.com/product/2231675/igi-certified-2-1-d-vvs2-round-lab-created-diamond-r,https://api.igi.org/viewpdf.php?r=LG758501892,NONE,Excellent,Excellent,57.00%,62.30%,1,8.21 - 8.18 x 5.1 mm,LV-ROUNDDVVS2-758501892
2237187,2.1,D,VVS2,Ideal,554,https://www.luvansh.com/product/2237187/igi-certified-2-1-d-vvs2-round-lab-created-diamond-r,https://api.igi.org/viewpdf.php?r=LG758583271,NONE,Excellent,Excellent,57.00%,62.10%,1,8.2 - 8.16 x 5.08 mm,LV-ROUNDDVVS2-758583271
2237190,2.1,D,VVS2,Ideal,554,https://www.luvansh.com/product/2237190/igi-certified-2-1-d-vvs2-round-lab-created-diamond-r,https://api.igi.org/viewpdf.php?r=LG758585105,NONE,Excellent,Excellent,58.00%,61.90%,1,8.23 - 8.21 x 5.09 mm,LV-ROUNDDVVS2-758585105
2235285,2.1,E,VVS2,Ideal,554,https://www.luvansh.com/product/2235285/igi-certified-2-1-e-vvs2-round-lab-created-diamond-r,https://api.igi.org/viewpdf.php?r=LG758549725,NONE,Excellent,Excellent,57.00%,62.20%,1,8.24 - 8.2 x 5.11 mm,LV-ROUNDEVVS2-758549725
2238431,2.1,E,VVS2,Ideal,554,https://www.luvansh.com/product/2238431/igi-certified-2-1-e-vvs2-round-lab-created-diamond-r,https://api.igi.org/viewpdf.php?r=LG759514061,NONE,Excellent,Excellent,58.00%,61.50%,1.01,8.25 - 8.2 x 5.06 mm,LV-ROUNDEVVS2-759514061
2240013,2.1,D,VVS2,Ideal,554,https://www.luvansh.com/product/2240013/igi-certified-2-1-d-vvs2-round-lab-created-diamond-r,https://api.igi.org/viewpdf.php?r=LG759521343,NONE,Excellent,Excellent,58.00%,61.20%,1,8.26 - 8.23 x 5.05 mm,LV-ROUNDDVVS2-759521343
2242093,2.1,E,VVS2,Ideal,554,https://www.luvansh.com/product/2242093/igi-certified-2-1-e-vvs2-round-lab-created-diamond-r,https://api.igi.org/viewpdf.php?r=LG759530397,NONE,Excellent,Excellent,58.00%,62.20%,1,8.19 - 8.15 x 5.08 mm,LV-ROUNDEVVS2-759530397
2242084,2.1,E,VVS2,Ideal,554,https://www.luvansh.com/product/2242084/igi-certified-2-1-e-vvs2-round-lab-created-diamond-r,https://api.igi.org/viewpdf.php?r=LG759530516,NONE,Excellent,Excellent,58.00%,61.60%,1,8.24 - 8.2 x 5.06 mm,LV-ROUNDEVVS2-759530516
2244131,2.08,E,VVS2,Ideal,554,https://www.luvansh.com/product/2244131/igi-certified-2-08-e-vvs2-round-lab-created-diamond-r,https://api.igi.org/viewpdf.php?r=LG760508563,NONE,Excellent,Excellent,58.00%,61.70%,1.01,8.25 - 8.2 x 5.07 mm,LV-ROUNDEVVS2-760508563
2244113,2.1,E,VVS2,Ideal,554,https://www.luvansh.com/product/2244113/igi-certified-2-1-e-vvs2-round-lab-created-diamond-r,https://api.igi.org/viewpdf.php?r=LG760513219,NONE,Excellent,Excellent,58.00%,61.60%,1,8.2 - 8.17 x 5.05 mm,LV-ROUNDEVVS2-760513219
2060519,2.1,E,VVS2,Ideal,554,https://www.luvansh.com/product/2060519/igi-certified-2-1-e-vvs2-round-lab-created-diamond-r,https://api.igi.org/viewpdf.php?r=LG758524150,NONE,Excellent,Excellent,57.00%,61.80%,1,8.24 - 8.2 x 5.08 mm,LV-ROUNDEVVS2-758524150
2062940,2.1,E,VVS2,Ideal,554,https://www.luvansh.com/product/2062940/igi-certified-2-1-e-vvs2-round-lab-created-diamond-r,https://api.igi.org/viewpdf.php?r=LG758539991,NONE,Excellent,Excellent,57.00%,61.70%,1,8.21 - 8.17 x 5.05 mm,LV-ROUNDEVVS2-758539991
2067629,2.1,E,VVS2,Ideal,554,https://www.luvansh.com/product/2067629/igi-certified-2-1-e-vvs2-round-lab-created-diamond-r,https://api.igi.org/viewpdf.php?r=LG758576505,NONE,Excellent,Excellent,58.00%,61.60%,1,8.23 - 8.2 x 5.06 mm,LV-ROUNDEVVS2-758576505
2067618,2.1,E,VVS2,Ideal,554,https://www.luvansh.com/product/2067618/igi-certified-2-1-e-vvs2-round-lab-created-diamond-r,https://api.igi.org/viewpdf.php?r=LG758575445,NONE,Excellent,Excellent,56.00%,61.80%,1,8.26 - 8.22 x 5.09 mm,LV-ROUNDEVVS2-758575445
2058130,2.1,E,VVS2,Ideal,554,https://www.luvansh.com/product/2058130/igi-certified-2-1-e-vvs2-round-lab-created-diamond-r,https://api.igi.org/viewpdf.php?r=LG758501658,NONE,Excellent,Excellent,58.00%,61.10%,1,8.24 - 8.22 x 5.03 mm,LV-ROUNDEVVS2-758501658
2058144,2.1,E,VVS2,Ideal,554,https://www.luvansh.com/product/2058144/igi-certified-2-1-e-vvs2-round-lab-created-diamond-r,https://api.igi.org/viewpdf.php?r=LG757536393,NONE,Excellent,Excellent,58.00%,61.90%,1,8.21 - 8.17 x 5.07 mm,LV-ROUNDEVVS2-757536393
2410726,2.2,D,VVS2,Ideal,554,https://www.luvansh.com/product/2410726/igi-certified-2-2-d-vvs2-round-lab-created-diamond-r,https://api.igi.org/viewpdf.php?r=LG770611235,NONE,Excellent,Excellent,58.00%,61.30%,1,8.29 - 8.33 x 5.09 mm,LV-ROUNDDVVS2-770611235
2366747,2.05,D,VVS2,Ideal,554,https://www.luvansh.com/product/2366747/igi-certified-2-05-d-vvs2-round-lab-created-diamond-r,https://api.igi.org/viewpdf.php?r=LG761516079,NONE,Excellent,Excellent,58.00%,62.30%,1.01,8.13 - 8.08 x 5.05 mm,LV-ROUNDDVVS2-761516079
2344022,2.1,E,VVS2,Ideal,554,https://www.luvansh.com/product/2344022/igi-certified-2-1-e-vvs2-round-lab-created-diamond-r,https://api.igi.org/viewpdf.php?r=LG762533663,NONE,Excellent,Excellent,58.00%,61.70%,1,8.25 - 8.23 x 5.08 mm,LV-ROUNDEVVS2-762533663
2284560,2.08,E,VVS2,Ideal,554,https://www.luvansh.com/product/2284560/igi-certified-2-08-e-vvs2-round-lab-created-diamond-r,https://api.igi.org/viewpdf.php?r=LG764612625,NONE,Excellent,Excellent,57.00%,62.30%,1,8.14 - 8.11 x 5.06 mm,LV-ROUNDEVVS2-764612625
2253220,2.1,E,VVS2,Ideal,554,https://www.luvansh.com/product/2253220/igi-certified-2-1-e-vvs2-round-lab-created-diamond-r,https://api.igi.org/viewpdf.php?r=LG760585380,NONE,Excellent,Excellent,56.00%,61.90%,1,8.21 - 8.17 x 5.07 mm,LV-ROUNDEVVS2-760585380
2250832,2.1,E,VVS2,Ideal,554,https://www.luvansh.com/product/2250832/igi-certified-2-1-e-vvs2-round-lab-created-diamond-r,https://api.igi.org/viewpdf.php?r=LG760572571,NONE,Excellent,Excellent,58.00%,61.90%,1.01,8.22 - 8.17 x 5.08 mm,LV-ROUNDEVVS2-760572571
2262888,2.1,E,VVS2,Ideal,554,https://www.luvansh.com/product/2262888/igi-certified-2-1-e-vvs2-round-lab-created-diamond-r,https://api.igi.org/viewpdf.php?r=LG762501370,NONE,Excellent,Excellent,57.00%,61.50%,1,8.25 - 8.21 x 5.06 mm,LV-ROUNDEVVS2-762501370
2265259,2.28,E,VVS2,Ideal,554,https://www.luvansh.com/product/2265259/igi-certified-2-28-e-vvs2-round-lab-created-diamond-r,https://api.igi.org/viewpdf.php?r=LG762517755,NONE,Excellent,Excellent,56.00%,62.20%,1.01,8.42 - 8.37 x 5.22 mm,LV-ROUNDEVVS2-762517755
2438908,2.01,D,VVS2,Ideal,554,https://www.luvansh.com/product/2438908/igi-certified-2-01-d-vvs2-round-lab-created-diamond-r,https://api.igi.org/viewpdf.php?r=LG764616385,NONE,Excellent,Excellent,57.00%,62.20%,1.01,8.09 - 8.04 x 5.02 mm,LV-ROUNDDVVS2-764616385
2438932,2.1,D,VVS2,Ideal,554,https://www.luvansh.com/product/2438932/igi-certified-2-1-d-vvs2-round-lab-created-diamond-r,https://api.igi.org/viewpdf.php?r=LG764617610,NONE,Excellent,Excellent,58.00%,62.30%,1,8.19 - 8.15 x 5.09 mm,LV-ROUNDDVVS2-764617610
2439060,2.02,D,VVS2,Ideal,554,https://www.luvansh.com/product/2439060/igi-certified-2-02-d-vvs2-round-lab-created-diamond-r,https://api.igi.org/viewpdf.php?r=LG764695543,NONE,Excellent,Excellent,55.00%,61.30%,1.01,8.14 - 8.09 x 4.97 mm,LV-ROUNDDVVS2-764695543
2438201,2.09,D,VVS2,Ideal,554,https://www.luvansh.com/product/2438201/igi-certified-2-09-d-vvs2-round-lab-created-diamond-r,https://api.igi.org/viewpdf.php?r=LG761524113,NONE,Excellent,Excellent,58.00%,61.30%,1,8.22 - 8.18 x 5.03 mm,LV-ROUNDDVVS2-761524113
2233315,2.1,D,VVS2,Ideal,554,https://www.luvansh.com/product/2233315/igi-certified-2-1-d-vvs2-round-lab-created-diamond-r,https://api.igi.org/viewpdf.php?r=LG758519097,NONE,Excellent,Excellent,56.00%,61.60%,1,8.26 - 8.23 x 5.08 mm,LV-ROUNDDVVS2-758519097
2233317,2.1,D,VVS2,Ideal,554,https://www.luvansh.com/product/2233317/igi-certified-2-1-d-vvs2-round-lab-created-diamond-r,https://api.igi.org/viewpdf.php?r=LG758521090,NONE,Excellent,Excellent,58.00%,62.10%,1.01,8.24 - 8.19 x 5.09 mm,LV-ROUNDDVVS2-758521090
2231675,2.1,D,VVS2,Ideal,554,https://www.luvansh.com/product/2231675/igi-certified-2-1-d-vvs2-round-lab-created-diamond-r,https://api.igi.org/viewpdf.php?r=LG758501892,NONE,Excellent,Excellent,57.00%,62.30%,1,8.21 - 8.18 x 5.1 mm,LV-ROUNDDVVS2-758501892
2237187,2.1,D,VVS2,Ideal,554,https://www.luvansh.com/product/2237187/igi-certified-2-1-d-vvs2-round-lab-created-diamond-r,https://api.igi.org/viewpdf.php?r=LG758583271,NONE,Excellent,Excellent,57.00%,62.10%,1,8.2 - 8.16 x 5.08 mm,LV-ROUNDDVVS2-758583271
2237190,2.1,D,VVS2,Ideal,554,https://www.luvansh.com/product/2237190/igi-certified-2-1-d-vvs2-round-lab-created-diamond-r,https://api.igi.org/viewpdf.php?r=LG758585105,NONE,Excellent,Excellent,58.00%,61.90%,1,8.23 - 8.21 x 5.09 mm,LV-ROUNDDVVS2-758585105
2235285,2.1,E,VVS2,Ideal,554,https://www.luvansh.com/product/2235285/igi-certified-2-1-e-vvs2-round-lab-created-diamond-r,https://api.igi.org/viewpdf.php?r=LG758549725,NONE,Excellent,Excellent,57.00%,62.20%,1,8.24 - 8.2 x 5.11 mm,LV-ROUNDEVVS2-758549725
2238431,2.1,E,VVS2,Ideal,554,https://www.luvansh.com/product/2238431/igi-certified-2-1-e-vvs2-round-lab-created-diamond-r,https://api.igi.org/viewpdf.php?r=LG759514061,NONE,Excellent,Excellent,58.00%,61.50%,1.01,8.25 - 8.2 x 5.06 mm,LV-ROUNDEVVS2-759514061
2240013,2.1,D,VVS2,Ideal,554,https://www.luvansh.com/product/2240013/igi-certified-2-1-d-vvs2-round-lab-created-diamond-r,https://api.igi.org/viewpdf.php?r=LG759521343,NONE,Excellent,Excellent,58.00%,61.20%,1,8.26 - 8.23 x 5.05 mm,LV-ROUNDDVVS2-759521343
2242093,2.1,E,VVS2,Ideal,554,https://www.luvansh.com/product/2242093/igi-certified-2-1-e-vvs2-round-lab-created-diamond-r,https://api.igi.org/viewpdf.php?r=LG759530397,NONE,Excellent,Excellent,58.00%,62.20%,1,8.19 - 8.15 x 5.08 mm,LV-ROUNDEVVS2-759530397
2242084,2.1,E,VVS2,Ideal,554,https://www.luvansh.com/product/2242084/igi-certified-2-1-e-vvs2-round-lab-created-diamond-r,https://api.igi.org/viewpdf.php?r=LG759530516,NONE,Excellent,Excellent,58.00%,61.60%,1,8.24 - 8.2 x 5.06 mm,LV-ROUNDEVVS2-759530516
2244131,2.08,E,VVS2,Ideal,554,https://www.luvansh.com/product/2244131/igi-certified-2-08-e-vvs2-round-lab-created-diamond-r,https://api.igi.org/viewpdf.php?r=LG760508563,NONE,Excellent,Excellent,58.00%,61.70%,1.01,8.25 - 8.2 x 5.07 mm,LV-ROUNDEVVS2-760508563
2244113,2.1,E,VVS2,Ideal,554,https://www.luvansh.com/product/2244113/igi-certified-2-1-e-vvs2-round-lab-created-diamond-r,https://api.igi.org/viewpdf.php?r=LG760513219,NONE,Excellent,Excellent,58.00%,61.60%,1,8.2 - 8.17 x 5.05 mm,LV-ROUNDEVVS2-760513219
2060519,2.1,E,VVS2,Ideal,554,https://www.luvansh.com/product/2060519/igi-certified-2-1-e-vvs2-round-lab-created-diamond-r,https://api.igi.org/viewpdf.php?r=LG758524150,NONE,Excellent,Excellent,57.00%,61.80%,1,8.24 - 8.2 x 5.08 mm,LV-ROUNDEVVS2-758524150
2062940,2.1,E,VVS2,Ideal,554,https://www.luvansh.com/product/2062940/igi-certified-2-1-e-vvs2-round-lab-created-diamond-r,https://api.igi.org/viewpdf.php?r=LG758539991,NONE,Excellent,Excellent,57.00%,61.70%,1,8.21 - 8.17 x 5.05 mm,LV-ROUNDEVVS2-758539991
2067629,2.1,E,VVS2,Ideal,554,https://www.luvansh.com/product/2067629/igi-certified-2-1-e-vvs2-round-lab-created-diamond-r,https://api.igi.org/viewpdf.php?r=LG758576505,NONE,Excellent,Excellent,58.00%,61.60%,1,8.23 - 8.2 x 5.06 mm,LV-ROUNDEVVS2-758576505
2067618,2.1,E,VVS2,Ideal,554,https://www.luvansh.com/product/2067618/igi-certified-2-1-e-vvs2-round-lab-created-diamond-r,https://api.igi.org/viewpdf.php?r=LG758575445,NONE,Excellent,Excellent,56.00%,61.80%,1,8.26 - 8.22 x 5.09 mm,LV-ROUNDEVVS2-758575445
2058130,2.1,E,VVS2,Ideal,554,https://www.luvansh.com/product/2058130/igi-certified-2-1-e-vvs2-round-lab-created-diamond-r,https://api.igi.org/viewpdf.php?r=LG758501658,NONE,Excellent,Excellent,58.00%,61.10%,1,8.24 - 8.22 x 5.03 mm,LV-ROUNDEVVS2-758501658
2058144,2.1,E,VVS2,Ideal,554,https://www.luvansh.com/product/2058144/igi-certified-2-1-e-vvs2-round-lab-created-diamond-r,https://api.igi.org/viewpdf.php?r=LG757536393,NONE,Excellent,Excellent,58.00%,61.90%,1,8.21 - 8.17 x 5.07 mm,LV-ROUNDEVVS2-757536393
1984550,2.05,E,VVS2,Ideal,550,https://www.luvansh.com/product/1984550/igi-certified-2-05-e-vvs2-round-lab-created-diamond-r,https://api.igi.org/viewpdf.php?r=LG726535906,NONE,Excellent,Excellent,57.00%,61.90%,1,8.140 - 8.170 x 61.9 mm,LV-ROUNDEVVS2-726535906
2070022,2.09,E,VVS2,Ideal,550,https://www.luvansh.com/product/2070022/igi-certified-2-09-e-vvs2-round-lab-created-diamond-r,https://api.igi.org/viewpdf.php?r=LG758587740,NONE,Excellent,Excellent,57.00%,62.30%,1.01,8.23 - 8.18 x 5.11 mm,LV-ROUNDEVVS2-758587740
2058184,2.07,E,VVS2,Ideal,550,https://www.luvansh.com/product/2058184/igi-certified-2-07-e-vvs2-round-lab-created-diamond-r,https://api.igi.org/viewpdf.php?r=LG757535344,NONE,Excellent,Excellent,58.00%,61.80%,1,8.15 - 8.13 x 5.03 mm,LV-ROUNDEVVS2-757535344
2067616,2.09,E,VVS2,Ideal,550,https://www.luvansh.com/product/2067616/igi-certified-2-09-e-vvs2-round-lab-created-diamond-r,https://api.igi.org/viewpdf.php?r=LG758576590,NONE,Excellent,Excellent,57.00%,61.30%,1,8.29 - 8.26 x 5.07 mm,LV-ROUNDEVVS2-758576590
2067647,2.09,E,VVS2,Ideal,550,https://www.luvansh.com/product/2067647/igi-certified-2-09-e-vvs2-round-lab-created-diamond-r,https://api.igi.org/viewpdf.php?r=LG758570307,NONE,Excellent,Excellent,58.00%,61.70%,1,8.24 - 8.22 x 5.08 mm,LV-ROUNDEVVS2-758570307
2062914,2.09,E,VVS2,Ideal,550,https://www.luvansh.com/product/2062914/igi-certified-2-09-e-vvs2-round-lab-created-diamond-r,https://api.igi.org/viewpdf.php?r=LG758531971,NONE,Excellent,Excellent,58.00%,62.20%,1,8.21 - 8.17 x 5.1 mm,LV-ROUNDEVVS2-758531971
2065281,2.08,E,VVS2,Ideal,550,https://www.luvansh.com/product/2065281/igi-certified-2-08-e-vvs2-round-lab-created-diamond-r,https://api.igi.org/viewpdf.php?r=LG758547397,NONE,Excellent,Excellent,57.00%,62.20%,1,8.22 - 8.18 x 5.1 mm,LV-ROUNDEVVS2-758547397
2065284,2.09,E,VVS2,Ideal,550,https://www.luvansh.com/product/2065284/igi-certified-2-09-e-vvs2-round-lab-created-diamond-r,https://api.igi.org/viewpdf.php?r=LG758547781,NONE,Excellent,Excellent,58.00%,61.30%,1.01,8.28 - 8.23 x 5.06 mm,LV-ROUNDEVVS2-758547781
2065251,2.09,E,VVS2,Ideal,550,https://www.luvansh.com/product/2065251/igi-certified-2-09-e-vvs2-round-lab-created-diamond-r,https://api.igi.org/viewpdf.php?r=LG758556182,NONE,Excellent,Excellent,58.00%,61.90%,1,8.21 - 8.17 x 5.07 mm,LV-ROUNDEVVS2-758556182
2060523,2.09,E,VVS2,Ideal,550,https://www.luvansh.com/product/2060523/igi-certified-2-09-e-vvs2-round-lab-created-diamond-r,https://api.igi.org/viewpdf.php?r=LG758522796,NONE,Excellent,Excellent,58.00%,62.00%,1,8.18 - 8.14 x 5.06 mm,LV-ROUNDEVVS2-758522796
2060546,2.09,E,VVS2,Ideal,550,https://www.luvansh.com/product/2060546/igi-certified-2-09-e-vvs2-round-lab-created-diamond-r,https://api.igi.org/viewpdf.php?r=LG758522800,NONE,Excellent,Excellent,58.00%,61.90%,1,8.23 - 8.2 x 5.08 mm,LV-ROUNDEVVS2-758522800
2060555,2.09,E,VVS2,Ideal,550,https://www.luvansh.com/product/2060555/igi-certified-2-09-e-vvs2-round-lab-created-diamond-r,https://api.igi.org/viewpdf.php?r=LG758509795,NONE,Excellent,Excellent,58.00%,61.90%,1,8.23 - 8.19 x 5.08 mm,LV-ROUNDEVVS2-758509795
2243937,2.09,D,VVS2,Ideal,550,https://www.luvansh.com/product/2243937/igi-certified-2-09-d-vvs2-round-lab-created-diamond-r,https://api.igi.org/viewpdf.php?r=LG760508924,NONE,Excellent,Excellent,57.00%,61.50%,1,8.27 - 8.24 x 5.08 mm,LV-ROUNDDVVS2-760508924
2244122,2.08,E,VVS2,Ideal,550,https://www.luvansh.com/product/2244122/igi-certified-2-08-e-vvs2-round-lab-created-diamond-r,https://api.igi.org/viewpdf.php?r=LG760503985,NONE,Excellent,Excellent,58.00%,61.90%,1.01,8.18 - 8.12 x 5.05 mm,LV-ROUNDEVVS2-760503985
2242065,2.09,E,VVS2,Ideal,550,https://www.luvansh.com/product/2242065/igi-certified-2-09-e-vvs2-round-lab-created-diamond-r,https://api.igi.org/viewpdf.php?r=LG759526970,NONE,Excellent,Excellent,56.00%,62.30%,1,8.19 - 8.16 x 5.09 mm,LV-ROUNDEVVS2-759526970
2242078,2.09,E,VVS2,Ideal,550,https://www.luvansh.com/product/2242078/igi-certified-2-09-e-vvs2-round-lab-created-diamond-r,https://api.igi.org/viewpdf.php?r=LG759531314,NONE,Excellent,Excellent,57.00%,61.00%,1.01,8.28 - 8.23 x 5.03 mm,LV-ROUNDEVVS2-759531314
2242082,2.09,E,VVS2,Ideal,550,https://www.luvansh.com/product/2242082/igi-certified-2-09-e-vvs2-round-lab-created-diamond-r,https://api.igi.org/viewpdf.php?r=LG760501377,NONE,Excellent,Excellent,57.00%,61.90%,1.01,8.22 - 8.16 x 5.08 mm,LV-ROUNDEVVS2-760501377
2242087,2.09,E,VVS2,Ideal,550,https://www.luvansh.com/product/2242087/igi-certified-2-09-e-vvs2-round-lab-created-diamond-r,https://api.igi.org/viewpdf.php?r=LG759530394,NONE,Excellent,Excellent,58.00%,62.10%,1,8.21 - 8.17 x 5.09 mm,LV-ROUNDEVVS2-759530394
2242089,2.09,E,VVS2,Ideal,550,https://www.luvansh.com/product/2242089/igi-certified-2-09-e-vvs2-round-lab-created-diamond-r,https://api.igi.org/viewpdf.php?r=LG759527036,NONE,Excellent,Excellent,58.00%,61.40%,1.01,8.24 - 8.19 x 5.05 mm,LV-ROUNDEVVS2-759527036
2242096,2.09,E,VVS2,Ideal,550,https://www.luvansh.com/product/2242096/igi-certified-2-09-e-vvs2-round-lab-created-diamond-r,https://api.igi.org/viewpdf.php?r=LG759527168,NONE,Excellent,Excellent,57.00%,62.20%,1.01,8.17 - 8.12 x 5.07 mm,LV-ROUNDEVVS2-759527168
2241818,2.09,D,VVS2,Ideal,550,https://www.luvansh.com/product/2241818/igi-certified-2-09-d-vvs2-round-lab-created-diamond-r,https://api.igi.org/viewpdf.php?r=LG759530118,NONE,Excellent,Excellent,58.00%,62.20%,1,8.15 - 8.12 x 5.06 mm,LV-ROUNDDVVS2-759530118
2241826,2.09,D,VVS2,Ideal,550,https://www.luvansh.com/product/2241826/igi-certified-2-09-d-vvs2-round-lab-created-diamond-r,https://api.igi.org/viewpdf.php?r=LG759530077,NONE,Excellent,Excellent,58.00%,62.30%,1.01,8.23 - 8.16 x 5.1 mm,LV-ROUNDDVVS2-759530077
2237192,2.08,D,VVS2,Ideal,550,https://www.luvansh.com/product/2237192/igi-certified-2-08-d-vvs2-round-lab-created-diamond-r,https://api.igi.org/viewpdf.php?r=LG758575516,NONE,Excellent,Excellent,57.00%,61.60%,1,8.21 - 8.17 x 5.04 mm,LV-ROUNDDVVS2-758575516
2237193,2.09,D,VVS2,Ideal,550,https://www.luvansh.com/product/2237193/igi-certified-2-09-d-vvs2-round-lab-created-diamond-r,https://api.igi.org/viewpdf.php?r=LG758583304,NONE,Excellent,Excellent,56.00%,62.20%,1.01,8.2 - 8.15 x 5.09 mm,LV-ROUNDDVVS2-758583304
2235163,2.09,D,VVS2,Ideal,550,https://www.luvansh.com/product/2235163/igi-certified-2-09-d-vvs2-round-lab-created-diamond-r,https://api.igi.org/viewpdf.php?r=LG758539986,NONE,Excellent,Excellent,58.00%,61.50%,1.01,8.23 - 8.16 x 5.04 mm,LV-ROUNDDVVS2-758539986
2234210,2.09,D,VVS2,Ideal,550,https://www.luvansh.com/product/2234210/igi-certified-2-09-d-vvs2-round-lab-created-diamond-r,https://api.igi.org/viewpdf.php?r=LG758537108,NONE,Excellent,Excellent,58.00%,62.30%,1,8.16 - 8.14 x 5.08 mm,LV-ROUNDDVVS2-758537108
2234213,2.08,D,VVS2,Ideal,550,https://www.luvansh.com/product/2234213/igi-certified-2-08-d-vvs2-round-lab-created-diamond-r,https://api.igi.org/viewpdf.php?r=LG758522865,NONE,Excellent,Excellent,58.00%,61.70%,1,8.2 - 8.16 x 5.05 mm,LV-ROUNDDVVS2-758522865
2234220,2.08,D,VVS2,Ideal,550,https://www.luvansh.com/product/2234220/igi-certified-2-08-d-vvs2-round-lab-created-diamond-r,https://api.igi.org/viewpdf.php?r=LG758524095,NONE,Excellent,Excellent,56.00%,62.10%,1.01,8.23 - 8.18 x 5.09 mm,LV-ROUNDDVVS2-758524095
2237161,2.09,D,VVS2,Ideal,550,https://www.luvansh.com/product/2237161/igi-certified-2-09-d-vvs2-round-lab-created-diamond-r,https://api.igi.org/viewpdf.php?r=LG758583347,NONE,Excellent,Excellent,58.00%,61.70%,1,8.23 - 8.2 x 5.07 mm,LV-ROUNDDVVS2-758583347
2224674,2.09,D,VVS2,Ideal,550,https://www.luvansh.com/product/2224674/igi-certified-2-09-d-vvs2-round-lab-created-diamond-r,https://api.igi.org/viewpdf.php?r=LG754545788,NONE,Excellent,Excellent,57.00%,61.70%,1,8.24 - 8.21 x 5.07 mm,LV-ROUNDDVVS2-754545788
1540896,2.09,D,VVS1,Ideal,550,https://www.luvansh.com/product/1540896/igi-certified-2-09-d-vvs1-round-lab-created-diamond-r,https://api.igi.org/viewpdf.php?r=LG677521587,NONE,Excellent,Excellent,58.00%,62.30%,1,8.14 - 8.18 x 5.09 mm,LV-ROUNDDVVS1-677521587
1384957,2.08,D,VVS1,Ideal,550,https://www.luvansh.com/product/1384957/igi-certified-2-08-d-vvs1-round-lab-created-diamond-r,https://api.igi.org/viewpdf.php?r=LG680525339,NONE,Excellent,Excellent,58.00%,61.10%,1,8.22 - 8.25 x 5.03 mm,LV-ROUNDDVVS1-680525339
2439051,2.08,D,VVS2,Ideal,550,https://www.luvansh.com/product/2439051/igi-certified-2-08-d-vvs2-round-lab-created-diamond-r,https://api.igi.org/viewpdf.php?r=LG764695539,NONE,Excellent,Excellent,58.00%,61.70%,1.01,8.2 - 8.15 x 5.05 mm,LV-ROUNDDVVS2-764695539
2439435,2,D,VVS2,Ideal,550,https://www.luvansh.com/product/2439435/igi-certified-2-0-d-vvs2-round-lab-created-diamond-r,https://api.igi.org/viewpdf.php?r=LG765604984,NONE,Excellent,Excellent,56.00%,61.50%,1,8.11 - 8.07 x 4.97 mm,LV-ROUNDDVVS2-765604984
2439444,2.09,D,VVS2,Ideal,550,https://www.luvansh.com/product/2439444/igi-certified-2-09-d-vvs2-round-lab-created-diamond-r,https://api.igi.org/viewpdf.php?r=LG765604986,NONE,Excellent,Excellent,56.00%,61.20%,1,8.26 - 8.22 x 5.04 mm,LV-ROUNDDVVS2-765604986
2438971,2.08,D,VVS2,Ideal,550,https://www.luvansh.com/product/2438971/igi-certified-2-08-d-vvs2-round-lab-created-diamond-r,https://api.igi.org/viewpdf.php?r=LG764617599,NONE,Excellent,Excellent,57.00%,61.40%,1.01,8.2 - 8.15 x 5.02 mm,LV-ROUNDDVVS2-764617599
2267733,2.09,E,VVS2,Ideal,550,https://www.luvansh.com/product/2267733/igi-certified-2-09-e-vvs2-round-lab-created-diamond-r,https://api.igi.org/viewpdf.php?r=LG762539193,NONE,Excellent,Excellent,58.00%,61.00%,1.01,8.27 - 8.21 x 5.03 mm,LV-ROUNDEVVS2-762539193
2260444,2.09,E,VVS2,Ideal,550,https://www.luvansh.com/product/2260444/igi-certified-2-09-e-vvs2-round-lab-created-diamond-r,https://api.igi.org/viewpdf.php?r=LG761549234,NONE,Excellent,Excellent,58.00%,61.40%,1.01,8.26 - 8.2 x 5.05 mm,LV-ROUNDEVVS2-761549234
2250826,2.09,E,VVS2,Ideal,550,https://www.luvansh.com/product/2250826/igi-certified-2-09-e-vvs2-round-lab-created-diamond-r,https://api.igi.org/viewpdf.php?r=LG760572692,NONE,Excellent,Excellent,57.00%,61.80%,1.01,8.26 - 8.18 x 5.09 mm,LV-ROUNDEVVS2-760572692
2250827,2.09,E,VVS2,Ideal,550,https://www.luvansh.com/product/2250827/igi-certified-2-09-e-vvs2-round-lab-created-diamond-r,https://api.igi.org/viewpdf.php?r=LG760572693,NONE,Excellent,Excellent,56.00%,61.50%,1,8.25 - 8.22 x 5.07 mm,LV-ROUNDEVVS2-760572693
2250833,2.09,E,VVS2,Ideal,550,https://www.luvansh.com/product/2250833/igi-certified-2-09-e-vvs2-round-lab-created-diamond-r,https://api.igi.org/viewpdf.php?r=LG760572570,NONE,Excellent,Excellent,56.00%,62.20%,1.01,8.21 - 8.16 x 5.09 mm,LV-ROUNDEVVS2-760572570
2248430,2.09,E,VVS2,Ideal,550,https://www.luvansh.com/product/2248430/igi-certified-2-09-e-vvs2-round-lab-created-diamond-r,https://api.igi.org/viewpdf.php?r=LG760553765,NONE,Excellent,Excellent,57.00%,62.30%,1,8.21 - 8.18 x 5.11 mm,LV-ROUNDEVVS2-760553765
2253217,2.09,E,VVS2,Ideal,550,https://www.luvansh.com/product/2253217/igi-certified-2-09-e-vvs2-round-lab-created-diamond-r,https://api.igi.org/viewpdf.php?r=LG760585937,NONE,Excellent,Excellent,58.00%,61.90%,1,8.21 - 8.18 x 5.07 mm,LV-ROUNDEVVS2-760585937
2253240,2.08,E,VVS2,Ideal,550,https://www.luvansh.com/product/2253240/igi-certified-2-08-e-vvs2-round-lab-created-diamond-r,https://api.igi.org/viewpdf.php?r=LG760585879,NONE,Excellent,Excellent,57.00%,61.30%,1,8.26 - 8.23 x 5.06 mm,LV-ROUNDEVVS2-760585879
2255584,2.09,E,VVS2,Ideal,550,https://www.luvansh.com/product/2255584/igi-certified-2-09-e-vvs2-round-lab-created-diamond-r,https://api.igi.org/viewpdf.php?r=LG760595967,NONE,Excellent,Excellent,57.00%,61.10%,1.01,8.3 - 8.19 x 5.02 mm,LV-ROUNDEVVS2-760595967
2282047,2.08,E,VVS2,Ideal,550,https://www.luvansh.com/product/2282047/igi-certified-2-08-e-vvs2-round-lab-created-diamond-r,https://api.igi.org/viewpdf.php?r=LG764601240,NONE,Excellent,Excellent,58.00%,62.00%,1.01,8.21 - 8.15 x 5.07 mm,LV-ROUNDEVVS2-764601240
2282054,2.09,E,VVS2,Ideal,550,https://www.luvansh.com/product/2282054/igi-certified-2-09-e-vvs2-round-lab-created-diamond-r,https://api.igi.org/viewpdf.php?r=LG763669937,NONE,Excellent,Excellent,58.00%,61.20%,1,8.26 - 8.23 x 5.05 mm,LV-ROUNDEVVS2-763669937
2279743,2.08,E,VVS2,Ideal,550,https://www.luvansh.com/product/2279743/igi-certified-2-08-e-vvs2-round-lab-created-diamond-r,https://api.igi.org/viewpdf.php?r=LG763655281,NONE,Excellent,Excellent,57.00%,61.90%,1.01,8.18 - 8.12 x 5.04 mm,LV-ROUNDEVVS2-763655281
2284553,2.09,E,VVS2,Ideal,550,https://www.luvansh.com/product/2284553/igi-certified-2-09-e-vvs2-round-lab-created-diamond-r,https://api.igi.org/viewpdf.php?r=LG764619908,NONE,Excellent,Excellent,56.00%,62.10%,1,8.25 - 8.21 x 5.11 mm,LV-ROUNDEVVS2-764619908
2270133,2.09,E,VVS2,Ideal,550,https://www.luvansh.com/product/2270133/igi-certified-2-09-e-vvs2-round-lab-created-diamond-r,https://api.igi.org/viewpdf.php?r=LG762549740,NONE,Excellent,Excellent,58.00%,62.20%,1,8.18 - 8.14 x 5.08 mm,LV-ROUNDEVVS2-762549740
2277269,2.08,E,VVS2,Ideal,550,https://www.luvansh.com/product/2277269/igi-certified-2-08-e-vvs2-round-lab-created-diamond-r,https://api.igi.org/viewpdf.php?r=LG763632338,NONE,Excellent,Excellent,58.00%,62.10%,1.01,8.23 - 8.18 x 5.09 mm,LV-ROUNDEVVS2-763632338
2277282,2.08,E,VVS2,Ideal,550,https://www.luvansh.com/product/2277282/igi-certified-2-08-e-vvs2-round-lab-created-diamond-r,https://api.igi.org/viewpdf.php?r=LG763632422,NONE,Excellent,Excellent,56.00%,62.00%,1.01,8.23 - 8.17 x 5.09 mm,LV-ROUNDEVVS2-763632422
2277258,2.09,E,VVS2,Ideal,550,https://www.luvansh.com/product/2277258/igi-certified-2-09-e-vvs2-round-lab-created-diamond-r,https://api.igi.org/viewpdf.php?r=LG763652982,NONE,Excellent,Excellent,57.00%,61.50%,1,8.23 - 8.19 x 5.04 mm,LV-ROUNDEVVS2-763652982
2279757,2.09,E,VVS2,Ideal,550,https://www.luvansh.com/product/2279757/igi-certified-2-09-e-vvs2-round-lab-created-diamond-r,https://api.igi.org/viewpdf.php?r=LG763658698,NONE,Excellent,Excellent,58.00%,61.10%,1.01,8.3 - 8.24 x 5.06 mm,LV-ROUNDEVVS2-763658698
2353077,2.1,D,VVS2,Ideal,550,https://www.luvansh.com/product/2353077/igi-certified-2-1-d-vvs2-round-lab-created-diamond-r,https://api.igi.org/viewpdf.php?r=LG761516376,NONE,Excellent,Excellent,57.00%,62.30%,1,8.18 - 8.15 x 5.08 mm,LV-ROUNDDVVS2-761516376
2366394,2.1,D,VVS2,Ideal,550,https://www.luvansh.com/product/2366394/igi-certified-2-1-d-vvs2-round-lab-created-diamond-r,https://api.igi.org/viewpdf.php?r=LG761508442,NONE,Excellent,Excellent,58.00%,61.00%,1,8.26 - 8.23 x 5.04 mm,LV-ROUNDDVVS2-761508442
2366445,2.03,D,VVS2,Ideal,550,https://www.luvansh.com/product/2366445/igi-certified-2-03-d-vvs2-round-lab-created-diamond-r,https://api.igi.org/viewpdf.php?r=LG761510278,NONE,Excellent,Excellent,57.00%,62.20%,1,8.1 - 8.07 x 5.02 mm,LV-ROUNDDVVS2-761510278
2415600,2.03,D,VVS2,Ideal,550,https://www.luvansh.com/product/2415600/igi-certified-2-03-d-vvs2-round-lab-created-diamond-r,https://api.igi.org/viewpdf.php?r=LG758555575,NONE,Excellent,Excellent,58.00%,61.90%,1,8.11 - 8.09 x 5.01 mm,LV-ROUNDDVVS2-758555575
2416339,2.21,D,VVS2,Ideal,550,https://www.luvansh.com/product/2416339/igi-certified-2-21-d-vvs2-round-lab-created-diamond-r,https://api.igi.org/viewpdf.php?r=LG765601167,NONE,Excellent,Excellent,56.00%,61.90%,1,8.35 - 8.31 x 5.16 mm,LV-ROUNDDVVS2-765601167
1984550,2.05,E,VVS2,Ideal,550,https://www.luvansh.com/product/1984550/igi-certified-2-05-e-vvs2-round-lab-created-diamond-r,https://api.igi.org/viewpdf.php?r=LG726535906,NONE,Excellent,Excellent,57.00%,61.90%,1,8.140 - 8.170 x 61.9 mm,LV-ROUNDEVVS2-726535906
2070022,2.09,E,VVS2,Ideal,550,https://www.luvansh.com/product/2070022/igi-certified-2-09-e-vvs2-round-lab-created-diamond-r,https://api.igi.org/viewpdf.php?r=LG758587740,NONE,Excellent,Excellent,57.00%,62.30%,1.01,8.23 - 8.18 x 5.11 mm,LV-ROUNDEVVS2-758587740
2058184,2.07,E,VVS2,Ideal,550,https://www.luvansh.com/product/2058184/igi-certified-2-07-e-vvs2-round-lab-created-diamond-r,https://api.igi.org/viewpdf.php?r=LG757535344,NONE,Excellent,Excellent,58.00%,61.80%,1,8.15 - 8.13 x 5.03 mm,LV-ROUNDEVVS2-757535344
2067616,2.09,E,VVS2,Ideal,550,https://www.luvansh.com/product/2067616/igi-certified-2-09-e-vvs2-round-lab-created-diamond-r,https://api.igi.org/viewpdf.php?r=LG758576590,NONE,Excellent,Excellent,57.00%,61.30%,1,8.29 - 8.26 x 5.07 mm,LV-ROUNDEVVS2-758576590
2067647,2.09,E,VVS2,Ideal,550,https://www.luvansh.com/product/2067647/igi-certified-2-09-e-vvs2-round-lab-created-diamond-r,https://api.igi.org/viewpdf.php?r=LG758570307,NONE,Excellent,Excellent,58.00%,61.70%,1,8.24 - 8.22 x 5.08 mm,LV-ROUNDEVVS2-758570307
2062914,2.09,E,VVS2,Ideal,550,https://www.luvansh.com/product/2062914/igi-certified-2-09-e-vvs2-round-lab-created-diamond-r,https://api.igi.org/viewpdf.php?r=LG758531971,NONE,Excellent,Excellent,58.00%,62.20%,1,8.21 - 8.17 x 5.1 mm,LV-ROUNDEVVS2-758531971
2065281,2.08,E,VVS2,Ideal,550,https://www.luvansh.com/product/2065281/igi-certified-2-08-e-vvs2-round-lab-created-diamond-r,https://api.igi.org/viewpdf.php?r=LG758547397,NONE,Excellent,Excellent,57.00%,62.20%,1,8.22 - 8.18 x 5.1 mm,LV-ROUNDEVVS2-758547397
2065284,2.09,E,VVS2,Ideal,550,https://www.luvansh.com/product/2065284/igi-certified-2-09-e-vvs2-round-lab-created-diamond-r,https://api.igi.org/viewpdf.php?r=LG758547781,NONE,Excellent,Excellent,58.00%,61.30%,1.01,8.28 - 8.23 x 5.06 mm,LV-ROUNDEVVS2-758547781
2065251,2.09,E,VVS2,Ideal,550,https://www.luvansh.com/product/2065251/igi-certified-2-09-e-vvs2-round-lab-created-diamond-r,https://api.igi.org/viewpdf.php?r=LG758556182,NONE,Excellent,Excellent,58.00%,61.90%,1,8.21 - 8.17 x 5.07 mm,LV-ROUNDEVVS2-758556182
2060523,2.09,E,VVS2,Ideal,550,https://www.luvansh.com/product/2060523/igi-certified-2-09-e-vvs2-round-lab-created-diamond-r,https://api.igi.org/viewpdf.php?r=LG758522796,NONE,Excellent,Excellent,58.00%,62.00%,1,8.18 - 8.14 x 5.06 mm,LV-ROUNDEVVS2-758522796
2060546,2.09,E,VVS2,Ideal,550,https://www.luvansh.com/product/2060546/igi-certified-2-09-e-vvs2-round-lab-created-diamond-r,https://api.igi.org/viewpdf.php?r=LG758522800,NONE,Excellent,Excellent,58.00%,61.90%,1,8.23 - 8.2 x 5.08 mm,LV-ROUNDEVVS2-758522800
2060555,2.09,E,VVS2,Ideal,550,https://www.luvansh.com/product/2060555/igi-certified-2-09-e-vvs2-round-lab-created-diamond-r,https://api.igi.org/viewpdf.php?r=LG758509795,NONE,Excellent,Excellent,58.00%,61.90%,1,8.23 - 8.19 x 5.08 mm,LV-ROUNDEVVS2-758509795
2243937,2.09,D,VVS2,Ideal,550,https://www.luvansh.com/product/2243937/igi-certified-2-09-d-vvs2-round-lab-created-diamond-r,https://api.igi.org/viewpdf.php?r=LG760508924,NONE,Excellent,Excellent,57.00%,61.50%,1,8.27 - 8.24 x 5.08 mm,LV-ROUNDDVVS2-760508924
2244122,2.08,E,VVS2,Ideal,550,https://www.luvansh.com/product/2244122/igi-certified-2-08-e-vvs2-round-lab-created-diamond-r,https://api.igi.org/viewpdf.php?r=LG760503985,NONE,Excellent,Excellent,58.00%,61.90%,1.01,8.18 - 8.12 x 5.05 mm,LV-ROUNDEVVS2-760503985
2242065,2.09,E,VVS2,Ideal,550,https://www.luvansh.com/product/2242065/igi-certified-2-09-e-vvs2-round-lab-created-diamond-r,https://api.igi.org/viewpdf.php?r=LG759526970,NONE,Excellent,Excellent,56.00%,62.30%,1,8.19 - 8.16 x 5.09 mm,LV-ROUNDEVVS2-759526970
2242078,2.09,E,VVS2,Ideal,550,https://www.luvansh.com/product/2242078/igi-certified-2-09-e-vvs2-round-lab-created-diamond-r,https://api.igi.org/viewpdf.php?r=LG759531314,NONE,Excellent,Excellent,57.00%,61.00%,1.01,8.28 - 8.23 x 5.03 mm,LV-ROUNDEVVS2-759531314
2242082,2.09,E,VVS2,Ideal,550,https://www.luvansh.com/product/2242082/igi-certified-2-09-e-vvs2-round-lab-created-diamond-r,https://api.igi.org/viewpdf.php?r=LG760501377,NONE,Excellent,Excellent,57.00%,61.90%,1.01,8.22 - 8.16 x 5.08 mm,LV-ROUNDEVVS2-760501377
2242087,2.09,E,VVS2,Ideal,550,https://www.luvansh.com/product/2242087/igi-certified-2-09-e-vvs2-round-lab-created-diamond-r,https://api.igi.org/viewpdf.php?r=LG759530394,NONE,Excellent,Excellent,58.00%,62.10%,1,8.21 - 8.17 x 5.09 mm,LV-ROUNDEVVS2-759530394
2242089,2.09,E,VVS2,Ideal,550,https://www.luvansh.com/product/2242089/igi-certified-2-09-e-vvs2-round-lab-created-diamond-r,https://api.igi.org/viewpdf.php?r=LG759527036,NONE,Excellent,Excellent,58.00%,61.40%,1.01,8.24 - 8.19 x 5.05 mm,LV-ROUNDEVVS2-759527036
2242096,2.09,E,VVS2,Ideal,550,https://www.luvansh.com/product/2242096/igi-certified-2-09-e-vvs2-round-lab-created-diamond-r,https://api.igi.org/viewpdf.php?r=LG759527168,NONE,Excellent,Excellent,57.00%,62.20%,1.01,8.17 - 8.12 x 5.07 mm,LV-ROUNDEVVS2-759527168
2241818,2.09,D,VVS2,Ideal,550,https://www.luvansh.com/product/2241818/igi-certified-2-09-d-vvs2-round-lab-created-diamond-r,https://api.igi.org/viewpdf.php?r=LG759530118,NONE,Excellent,Excellent,58.00%,62.20%,1,8.15 - 8.12 x 5.06 mm,LV-ROUNDDVVS2-759530118
2241826,2.09,D,VVS2,Ideal,550,https://www.luvansh.com/product/2241826/igi-certified-2-09-d-vvs2-round-lab-created-diamond-r,https://api.igi.org/viewpdf.php?r=LG759530077,NONE,Excellent,Excellent,58.00%,62.30%,1.01,8.23 - 8.16 x 5.1 mm,LV-ROUNDDVVS2-759530077
2237192,2.08,D,VVS2,Ideal,550,https://www.luvansh.com/product/2237192/igi-certified-2-08-d-vvs2-round-lab-created-diamond-r,https://api.igi.org/viewpdf.php?r=LG758575516,NONE,Excellent,Excellent,57.00%,61.60%,1,8.21 - 8.17 x 5.04 mm,LV-ROUNDDVVS2-758575516
2237193,2.09,D,VVS2,Ideal,550,https://www.luvansh.com/product/2237193/igi-certified-2-09-d-vvs2-round-lab-created-diamond-r,https://api.igi.org/viewpdf.php?r=LG758583304,NONE,Excellent,Excellent,56.00%,62.20%,1.01,8.2 - 8.15 x 5.09 mm,LV-ROUNDDVVS2-758583304
2235163,2.09,D,VVS2,Ideal,550,https://www.luvansh.com/product/2235163/igi-certified-2-09-d-vvs2-round-lab-created-diamond-r,https://api.igi.org/viewpdf.php?r=LG758539986,NONE,Excellent,Excellent,58.00%,61.50%,1.01,8.23 - 8.16 x 5.04 mm,LV-ROUNDDVVS2-758539986
2234210,2.09,D,VVS2,Ideal,550,https://www.luvansh.com/product/2234210/igi-certified-2-09-d-vvs2-round-lab-created-diamond-r,https://api.igi.org/viewpdf.php?r=LG758537108,NONE,Excellent,Excellent,58.00%,62.30%,1,8.16 - 8.14 x 5.08 mm,LV-ROUNDDVVS2-758537108
2234213,2.08,D,VVS2,Ideal,550,https://www.luvansh.com/product/2234213/igi-certified-2-08-d-vvs2-round-lab-created-diamond-r,https://api.igi.org/viewpdf.php?r=LG758522865,NONE,Excellent,Excellent,58.00%,61.70%,1,8.2 - 8.16 x 5.05 mm,LV-ROUNDDVVS2-758522865
2234220,2.08,D,VVS2,Ideal,550,https://www.luvansh.com/product/2234220/igi-certified-2-08-d-vvs2-round-lab-created-diamond-r,https://api.igi.org/viewpdf.php?r=LG758524095,NONE,Excellent,Excellent,56.00%,62.10%,1.01,8.23 - 8.18 x 5.09 mm,LV-ROUNDDVVS2-758524095
2237161,2.09,D,VVS2,Ideal,550,https://www.luvansh.com/product/2237161/igi-certified-2-09-d-vvs2-round-lab-created-diamond-r,https://api.igi.org/viewpdf.php?r=LG758583347,NONE,Excellent,Excellent,58.00%,61.70%,1,8.23 - 8.2 x 5.07 mm,LV-ROUNDDVVS2-758583347
2224674,2.09,D,VVS2,Ideal,550,https://www.luvansh.com/product/2224674/igi-certified-2-09-d-vvs2-round-lab-created-diamond-r,https://api.igi.org/viewpdf.php?r=LG754545788,NONE,Excellent,Excellent,57.00%,61.70%,1,8.24 - 8.21 x 5.07 mm,LV-ROUNDDVVS2-754545788
1540896,2.09,D,VVS1,Ideal,550,https://www.luvansh.com/product/1540896/igi-certified-2-09-d-vvs1-round-lab-created-diamond-r,https://api.igi.org/viewpdf.php?r=LG677521587,NONE,Excellent,Excellent,58.00%,62.30%,1,8.14 - 8.18 x 5.09 mm,LV-ROUNDDVVS1-677521587
1384957,2.08,D,VVS1,Ideal,550,https://www.luvansh.com/product/1384957/igi-certified-2-08-d-vvs1-round-lab-created-diamond-r,https://api.igi.org/viewpdf.php?r=LG680525339,NONE,Excellent,Excellent,58.00%,61.10%,1,8.22 - 8.25 x 5.03 mm,LV-ROUNDDVVS1-680525339
2439051,2.08,D,VVS2,Ideal,550,https://www.luvansh.com/product/2439051/igi-certified-2-08-d-vvs2-round-lab-created-diamond-r,https://api.igi.org/viewpdf.php?r=LG764695539,NONE,Excellent,Excellent,58.00%,61.70%,1.01,8.2 - 8.15 x 5.05 mm,LV-ROUNDDVVS2-764695539
2439435,2,D,VVS2,Ideal,550,https://www.luvansh.com/product/2439435/igi-certified-2-0-d-vvs2-round-lab-created-diamond-r,https://api.igi.org/viewpdf.php?r=LG765604984,NONE,Excellent,Excellent,56.00%,61.50%,1,8.11 - 8.07 x 4.97 mm,LV-ROUNDDVVS2-765604984
2439444,2.09,D,VVS2,Ideal,550,https://www.luvansh.com/product/2439444/igi-certified-2-09-d-vvs2-round-lab-created-diamond-r,https://api.igi.org/viewpdf.php?r=LG765604986,NONE,Excellent,Excellent,56.00%,61.20%,1,8.26 - 8.22 x 5.04 mm,LV-ROUNDDVVS2-765604986
2438971,2.08,D,VVS2,Ideal,550,https://www.luvansh.com/product/2438971/igi-certified-2-08-d-vvs2-round-lab-created-diamond-r,https://api.igi.org/viewpdf.php?r=LG764617599,NONE,Excellent,Excellent,57.00%,61.40%,1.01,8.2 - 8.15 x 5.02 mm,LV-ROUNDDVVS2-764617599
2267733,2.09,E,VVS2,Ideal,550,https://www.luvansh.com/product/2267733/igi-certified-2-09-e-vvs2-round-lab-created-diamond-r,https://api.igi.org/viewpdf.php?r=LG762539193,NONE,Excellent,Excellent,58.00%,61.00%,1.01,8.27 - 8.21 x 5.03 mm,LV-ROUNDEVVS2-762539193
2260444,2.09,E,VVS2,Ideal,550,https://www.luvansh.com/product/2260444/igi-certified-2-09-e-vvs2-round-lab-created-diamond-r,https://api.igi.org/viewpdf.php?r=LG761549234,NONE,Excellent,Excellent,58.00%,61.40%,1.01,8.26 - 8.2 x 5.05 mm,LV-ROUNDEVVS2-761549234
2250826,2.09,E,VVS2,Ideal,550,https://www.luvansh.com/product/2250826/igi-certified-2-09-e-vvs2-round-lab-created-diamond-r,https://api.igi.org/viewpdf.php?r=LG760572692,NONE,Excellent,Excellent,57.00%,61.80%,1.01,8.26 - 8.18 x 5.09 mm,LV-ROUNDEVVS2-760572692
2250827,2.09,E,VVS2,Ideal,550,https://www.luvansh.com/product/2250827/igi-certified-2-09-e-vvs2-round-lab-created-diamond-r,https://api.igi.org/viewpdf.php?r=LG760572693,NONE,Excellent,Excellent,56.00%,61.50%,1,8.25 - 8.22 x 5.07 mm,LV-ROUNDEVVS2-760572693
2250833,2.09,E,VVS2,Ideal,550,https://www.luvansh.com/product/2250833/igi-certified-2-09-e-vvs2-round-lab-created-diamond-r,https://api.igi.org/viewpdf.php?r=LG760572570,NONE,Excellent,Excellent,56.00%,62.20%,1.01,8.21 - 8.16 x 5.09 mm,LV-ROUNDEVVS2-760572570
2248430,2.09,E,VVS2,Ideal,550,https://www.luvansh.com/product/2248430/igi-certified-2-09-e-vvs2-round-lab-created-diamond-r,https://api.igi.org/viewpdf.php?r=LG760553765,NONE,Excellent,Excellent,57.00%,62.30%,1,8.21 - 8.18 x 5.11 mm,LV-ROUNDEVVS2-760553765
2253217,2.09,E,VVS2,Ideal,550,https://www.luvansh.com/product/2253217/igi-certified-2-09-e-vvs2-round-lab-created-diamond-r,https://api.igi.org/viewpdf.php?r=LG760585937,NONE,Excellent,Excellent,58.00%,61.90%,1,8.21 - 8.18 x 5.07 mm,LV-ROUNDEVVS2-760585937
2253240,2.08,E,VVS2,Ideal,550,https://www.luvansh.com/product/2253240/igi-certified-2-08-e-vvs2-round-lab-created-diamond-r,https://api.igi.org/viewpdf.php?r=LG760585879,NONE,Excellent,Excellent,57.00%,61.30%,1,8.26 - 8.23 x 5.06 mm,LV-ROUNDEVVS2-760585879
2255584,2.09,E,VVS2,Ideal,550,https://www.luvansh.com/product/2255584/igi-certified-2-09-e-vvs2-round-lab-created-diamond-r,https://api.igi.org/viewpdf.php?r=LG760595967,NONE,Excellent,Excellent,57.00%,61.10%,1.01,8.3 - 8.19 x 5.02 mm,LV-ROUNDEVVS2-760595967
2282047,2.08,E,VVS2,Ideal,550,https://www.luvansh.com/product/2282047/igi-certified-2-08-e-vvs2-round-lab-created-diamond-r,https://api.igi.org/viewpdf.php?r=LG764601240,NONE,Excellent,Excellent,58.00%,62.00%,1.01,8.21 - 8.15 x 5.07 mm,LV-ROUNDEVVS2-764601240
2282054,2.09,E,VVS2,Ideal,550,https://www.luvansh.com/product/2282054/igi-certified-2-09-e-vvs2-round-lab-created-diamond-r,https://api.igi.org/viewpdf.php?r=LG763669937,NONE,Excellent,Excellent,58.00%,61.20%,1,8.26 - 8.23 x 5.05 mm,LV-ROUNDEVVS2-763669937
2279743,2.08,E,VVS2,Ideal,550,https://www.luvansh.com/product/2279743/igi-certified-2-08-e-vvs2-round-lab-created-diamond-r,https://api.igi.org/viewpdf.php?r=LG763655281,NONE,Excellent,Excellent,57.00%,61.90%,1.01,8.18 - 8.12 x 5.04 mm,LV-ROUNDEVVS2-763655281
2284553,2.09,E,VVS2,Ideal,550,https://www.luvansh.com/product/2284553/igi-certified-2-09-e-vvs2-round-lab-created-diamond-r,https://api.igi.org/viewpdf.php?r=LG764619908,NONE,Excellent,Excellent,56.00%,62.10%,1,8.25 - 8.21 x 5.11 mm,LV-ROUNDEVVS2-764619908
2270133,2.09,E,VVS2,Ideal,550,https://www.luvansh.com/product/2270133/igi-certified-2-09-e-vvs2-round-lab-created-diamond-r,https://api.igi.org/viewpdf.php?r=LG762549740,NONE,Excellent,Excellent,58.00%,62.20%,1,8.18 - 8.14 x 5.08 mm,LV-ROUNDEVVS2-762549740
2277269,2.08,E,VVS2,Ideal,550,https://www.luvansh.com/product/2277269/igi-certified-2-08-e-vvs2-round-lab-created-diamond-r,https://api.igi.org/viewpdf.php?r=LG763632338,NONE,Excellent,Excellent,58.00%,62.10%,1.01,8.23 - 8.18 x 5.09 mm,LV-ROUNDEVVS2-763632338
2277282,2.08,E,VVS2,Ideal,550,https://www.luvansh.com/product/2277282/igi-certified-2-08-e-vvs2-round-lab-created-diamond-r,https://api.igi.org/viewpdf.php?r=LG763632422,NONE,Excellent,Excellent,56.00%,62.00%,1.01,8.23 - 8.17 x 5.09 mm,LV-ROUNDEVVS2-763632422
2277258,2.09,E,VVS2,Ideal,550,https://www.luvansh.com/product/2277258/igi-certified-2-09-e-vvs2-round-lab-created-diamond-r,https://api.igi.org/viewpdf.php?r=LG763652982,NONE,Excellent,Excellent,57.00%,61.50%,1,8.23 - 8.19 x 5.04 mm,LV-ROUNDEVVS2-763652982
2279757,2.09,E,VVS2,Ideal,550,https://www.luvansh.com/product/2279757/igi-certified-2-09-e-vvs2-round-lab-created-diamond-r,https://api.igi.org/viewpdf.php?r=LG763658698,NONE,Excellent,Excellent,58.00%,61.10%,1.01,8.3 - 8.24 x 5.06 mm,LV-ROUNDEVVS2-763658698
2353077,2.1,D,VVS2,Ideal,550,https://www.luvansh.com/product/2353077/igi-certified-2-1-d-vvs2-round-lab-created-diamond-r,https://api.igi.org/viewpdf.php?r=LG761516376,NONE,Excellent,Excellent,57.00%,62.30%,1,8.18 - 8.15 x 5.08 mm,LV-ROUNDDVVS2-761516376
2366394,2.1,D,VVS2,Ideal,550,https://www.luvansh.com/product/2366394/igi-certified-2-1-d-vvs2-round-lab-created-diamond-r,https://api.igi.org/viewpdf.php?r=LG761508442,NONE,Excellent,Excellent,58.00%,61.00%,1,8.26 - 8.23 x 5.04 mm,LV-ROUNDDVVS2-761508442
2366445,2.03,D,VVS2,Ideal,550,https://www.luvansh.com/product/2366445/igi-certified-2-03-d-vvs2-round-lab-created-diamond-r,https://api.igi.org/viewpdf.php?r=LG761510278,NONE,Excellent,Excellent,57.00%,62.20%,1,8.1 - 8.07 x 5.02 mm,LV-ROUNDDVVS2-761510278
2415600,2.03,D,VVS2,Ideal,550,https://www.luvansh.com/product/2415600/igi-certified-2-03-d-vvs2-round-lab-created-diamond-r,https://api.igi.org/viewpdf.php?r=LG758555575,NONE,Excellent,Excellent,58.00%,61.90%,1,8.11 - 8.09 x 5.01 mm,LV-ROUNDDVVS2-758555575
2416339,2.21,D,VVS2,Ideal,550,https://www.luvansh.com/product/2416339/igi-certified-2-21-d-vvs2-round-lab-created-diamond-r,https://api.igi.org/viewpdf.php?r=LG765601167,NONE,Excellent,Excellent,56.00%,61.90%,1,8.35 - 8.31 x 5.16 mm,LV-ROUNDDVVS2-765601167
2416124,2.09,D,VVS2,Ideal,544,https://www.luvansh.com/product/2416124/igi-certified-2-09-d-vvs2-round-lab-created-diamond-r,https://api.igi.org/viewpdf.php?r=LG762568922,NONE,Excellent,Excellent,58.00%,61.60%,1,8.2 - 8.17 x 5.04 mm,LV-ROUNDDVVS2-762568922
2416102,2.01,D,VVS2,Ideal,544,https://www.luvansh.com/product/2416102/igi-certified-2-01-d-vvs2-round-lab-created-diamond-r,https://api.igi.org/viewpdf.php?r=LG762566831,NONE,Excellent,Excellent,57.00%,62.20%,1.01,8.09 - 8.03 x 5.02 mm,LV-ROUNDDVVS2-762566831
2366862,2.01,D,VVS2,Ideal,544,https://www.luvansh.com/product/2366862/igi-certified-2-01-d-vvs2-round-lab-created-diamond-r,https://api.igi.org/viewpdf.php?r=LG762565479,NONE,Excellent,Excellent,56.00%,61.30%,1,8.12 - 8.08 x 4.97 mm,LV-ROUNDDVVS2-762565479
2367297,2.09,D,VVS2,Ideal,544,https://www.luvansh.com/product/2367297/igi-certified-2-09-d-vvs2-round-lab-created-diamond-r,https://api.igi.org/viewpdf.php?r=LG761510927,NONE,Excellent,Excellent,58.00%,61.00%,1,8.24 - 8.21 x 5.02 mm,LV-ROUNDDVVS2-761510927
2366262,2.09,D,VVS2,Ideal,544,https://www.luvansh.com/product/2366262/igi-certified-2-09-d-vvs2-round-lab-created-diamond-r,https://api.igi.org/viewpdf.php?r=LG761516371,NONE,Excellent,Excellent,56.00%,61.20%,1.01,8.26 - 8.21 x 5.04 mm,LV-ROUNDDVVS2-761516371
2327892,2.08,D,VVS2,Ideal,544,https://www.luvansh.com/product/2327892/igi-certified-2-08-d-vvs2-round-lab-created-diamond-r,https://api.igi.org/viewpdf.php?r=LG760546895,NONE,Excellent,Excellent,57.00%,62.30%,1,8.16 - 8.13 x 5.07 mm,LV-ROUNDDVVS2-760546895
2327905,2.09,D,VVS2,Ideal,544,https://www.luvansh.com/product/2327905/igi-certified-2-09-d-vvs2-round-lab-created-diamond-r,https://api.igi.org/viewpdf.php?r=LG760549105,NONE,Excellent,Excellent,58.00%,61.50%,1.01,8.24 - 8.19 x 5.05 mm,LV-ROUNDDVVS2-760549105
2321190,2.08,D,VVS2,Ideal,544,https://www.luvansh.com/product/2321190/igi-certified-2-08-d-vvs2-round-lab-created-diamond-r,https://api.igi.org/viewpdf.php?r=LG756525074,NONE,Excellent,Excellent,57.00%,62.10%,1.01,8.18 - 8.13 x 5.06 mm,LV-ROUNDDVVS2-756525074
2327732,2.01,D,VVS2,Ideal,544,https://www.luvansh.com/product/2327732/igi-certified-2-01-d-vvs2-round-lab-created-diamond-r,https://api.igi.org/viewpdf.php?r=LG756528103,NONE,Excellent,Excellent,57.00%,61.60%,1.01,8.12 - 8.07 x 4.99 mm,LV-ROUNDDVVS2-756528103
2353088,2.08,D,VVS2,Ideal,544,https://www.luvansh.com/product/2353088/igi-certified-2-08-d-vvs2-round-lab-created-diamond-r,https://api.igi.org/viewpdf.php?r=LG761515536,NONE,Excellent,Excellent,55.00%,61.80%,1,8.25 - 8.21 x 5.09 mm,LV-ROUNDDVVS2-761515536
2274832,2.06,E,VVS2,Ideal,544,https://www.luvansh.com/product/2274832/igi-certified-2-06-e-vvs2-round-lab-created-diamond-r,https://api.igi.org/viewpdf.php?r=LG763614246,NONE,Excellent,Excellent,58.00%,61.10%,1.01,8.2 - 8.14 x 4.99 mm,LV-ROUNDEVVS2-763614246
2272509,2.1,E,VVS2,Ideal,544,https://www.luvansh.com/product/2272509/igi-certified-2-1-e-vvs2-round-lab-created-diamond-r,https://api.igi.org/viewpdf.php?r=LG762581446,NONE,Excellent,Excellent,58.00%,62.10%,1.01,8.24 - 8.19 x 5.1 mm,LV-ROUNDEVVS2-762581446
2284557,2.06,E,VVS2,Ideal,544,https://www.luvansh.com/product/2284557/igi-certified-2-06-e-vvs2-round-lab-created-diamond-r,https://api.igi.org/viewpdf.php?r=LG764620156,NONE,Excellent,Excellent,57.00%,62.00%,1.01,8.16 - 8.09 x 5.03 mm,LV-ROUNDEVVS2-764620156
2250820,2.1,E,VVS2,Ideal,544,https://www.luvansh.com/product/2250820/igi-certified-2-1-e-vvs2-round-lab-created-diamond-r,https://api.igi.org/viewpdf.php?r=LG760572139,NONE,Excellent,Excellent,58.00%,62.10%,1,8.22 - 8.19 x 5.09 mm,LV-ROUNDEVVS2-760572139
2265267,2.06,E,VVS2,Ideal,544,https://www.luvansh.com/product/2265267/igi-certified-2-06-e-vvs2-round-lab-created-diamond-r,https://api.igi.org/viewpdf.php?r=LG762513214,NONE,Excellent,Excellent,58.00%,61.50%,1,8.16 - 8.12 x 5.01 mm,LV-ROUNDEVVS2-762513214
2439478,2.06,D,VVS2,Ideal,544,https://www.luvansh.com/product/2439478/igi-certified-2-06-d-vvs2-round-lab-created-diamond-r,https://api.igi.org/viewpdf.php?r=LG765604994,NONE,Excellent,Excellent,58.00%,62.10%,1.01,8.14 - 8.08 x 5.04 mm,LV-ROUNDDVVS2-765604994
2439044,2.17,D,VVS2,Ideal,544,https://www.luvansh.com/product/2439044/igi-certified-2-17-d-vvs2-round-lab-created-diamond-r,https://api.igi.org/viewpdf.php?r=LG764617620,NONE,Excellent,Excellent,58.00%,61.50%,1,8.3 - 8.26 x 5.09 mm,LV-ROUNDDVVS2-764617620
2228453,1.96,D,VVS2,Ideal,544,https://www.luvansh.com/product/2228453/igi-certified-1-96-d-vvs2-round-lab-created-diamond-r,https://api.igi.org/viewpdf.php?r=LG756534529,NONE,Excellent,Excellent,56.00%,61.80%,1.01,8.02 - 7.98 x 4.94 mm,LV-ROUNDDVVS2-756534529
2236145,2.07,D,VVS2,Ideal,544,https://www.luvansh.com/product/2236145/igi-certified-2-07-d-vvs2-round-lab-created-diamond-r,https://api.igi.org/viewpdf.php?r=LG758569105,NONE,Excellent,Excellent,57.00%,61.90%,1,8.2 - 8.16 x 5.07 mm,LV-ROUNDDVVS2-758569105
2237178,2.07,D,VVS2,Ideal,544,https://www.luvansh.com/product/2237178/igi-certified-2-07-d-vvs2-round-lab-created-diamond-r,https://api.igi.org/viewpdf.php?r=LG758576492,NONE,Excellent,Excellent,56.00%,61.60%,1,8.2 - 8.17 x 5.05 mm,LV-ROUNDDVVS2-758576492
2235167,2.07,D,VVS2,Ideal,544,https://www.luvansh.com/product/2235167/igi-certified-2-07-d-vvs2-round-lab-created-diamond-r,https://api.igi.org/viewpdf.php?r=LG758551441,NONE,Excellent,Excellent,57.00%,61.30%,1.01,8.22 - 8.15 x 5.02 mm,LV-ROUNDDVVS2-758551441
2238413,2.1,E,VVS2,Ideal,544,https://www.luvansh.com/product/2238413/igi-certified-2-1-e-vvs2-round-lab-created-diamond-r,https://api.igi.org/viewpdf.php?r=LG758586951,NONE,Excellent,Excellent,57.00%,61.70%,1,8.24 - 8.22 x 5.08 mm,LV-ROUNDEVVS2-758586951
2242059,2.1,E,VVS2,Ideal,544,https://www.luvansh.com/product/2242059/igi-certified-2-1-e-vvs2-round-lab-created-diamond-r,https://api.igi.org/viewpdf.php?r=LG759530734,NONE,Excellent,Excellent,58.00%,62.30%,1,8.19 - 8.16 x 5.09 mm,LV-ROUNDEVVS2-759530734
2242071,2.06,E,VVS2,Ideal,544,https://www.luvansh.com/product/2242071/igi-certified-2-06-e-vvs2-round-lab-created-diamond-r,https://api.igi.org/viewpdf.php?r=LG759527033,NONE,Excellent,Excellent,56.00%,62.00%,1.01,8.21 - 8.15 x 5.07 mm,LV-ROUNDEVVS2-759527033
2244109,2.06,E,VVS2,Ideal,544,https://www.luvansh.com/product/2244109/igi-certified-2-06-e-vvs2-round-lab-created-diamond-r,https://api.igi.org/viewpdf.php?r=LG760509393,NONE,Excellent,Excellent,57.00%,62.30%,1.01,8.14 - 8.09 x 5.06 mm,LV-ROUNDEVVS2-760509393
2243942,1.96,D,VVS2,Ideal,544,https://www.luvansh.com/product/2243942/igi-certified-1-96-d-vvs2-round-lab-created-diamond-r,https://api.igi.org/viewpdf.php?r=LG760509257,NONE,Excellent,Excellent,58.00%,62.30%,1.01,8.02 - 7.97 x 4.98 mm,LV-ROUNDDVVS2-760509257
2060566,2.07,E,VVS2,Ideal,544,https://www.luvansh.com/product/2060566/igi-certified-2-07-e-vvs2-round-lab-created-diamond-r,https://api.igi.org/viewpdf.php?r=LG758522455,NONE,Excellent,Excellent,58.00%,62.10%,1,8.17 - 8.13 x 5.06 mm,LV-ROUNDEVVS2-758522455
2058161,2.07,E,VVS2,Ideal,544,https://www.luvansh.com/product/2058161/igi-certified-2-07-e-vvs2-round-lab-created-diamond-r,https://api.igi.org/viewpdf.php?r=LG758501289,NONE,Excellent,Excellent,57.00%,61.70%,1,8.21 - 8.17 x 5.05 mm,LV-ROUNDEVVS2-758501289
2070025,2.07,E,VVS2,Ideal,544,https://www.luvansh.com/product/2070025/igi-certified-2-07-e-vvs2-round-lab-created-diamond-r,https://api.igi.org/viewpdf.php?r=LG759513965,NONE,Excellent,Excellent,57.00%,62.20%,1,8.18 - 8.16 x 5.08 mm,LV-ROUNDEVVS2-759513965
1918700,1.81,F,VVS1,Ideal,544,https://www.luvansh.com/product/1918700/igi-certified-1-81-f-vvs1-round-lab-created-diamond-r,https://api.igi.org/viewpdf.php?r=LG738516569,NONE,Excellent,Excellent,57.00%,61.20%,1,7.8 - 7.82 x 4.78 mm,LV-ROUNDFVVS1-738516569
2416124,2.09,D,VVS2,Ideal,544,https://www.luvansh.com/product/2416124/igi-certified-2-09-d-vvs2-round-lab-created-diamond-r,https://api.igi.org/viewpdf.php?r=LG762568922,NONE,Excellent,Excellent,58.00%,61.60%,1,8.2 - 8.17 x 5.04 mm,LV-ROUNDDVVS2-762568922
2416102,2.01,D,VVS2,Ideal,544,https://www.luvansh.com/product/2416102/igi-certified-2-01-d-vvs2-round-lab-created-diamond-r,https://api.igi.org/viewpdf.php?r=LG762566831,NONE,Excellent,Excellent,57.00%,62.20%,1.01,8.09 - 8.03 x 5.02 mm,LV-ROUNDDVVS2-762566831
2366862,2.01,D,VVS2,Ideal,544,https://www.luvansh.com/product/2366862/igi-certified-2-01-d-vvs2-round-lab-created-diamond-r,https://api.igi.org/viewpdf.php?r=LG762565479,NONE,Excellent,Excellent,56.00%,61.30%,1,8.12 - 8.08 x 4.97 mm,LV-ROUNDDVVS2-762565479
2367297,2.09,D,VVS2,Ideal,544,https://www.luvansh.com/product/2367297/igi-certified-2-09-d-vvs2-round-lab-created-diamond-r,https://api.igi.org/viewpdf.php?r=LG761510927,NONE,Excellent,Excellent,58.00%,61.00%,1,8.24 - 8.21 x 5.02 mm,LV-ROUNDDVVS2-761510927
2366262,2.09,D,VVS2,Ideal,544,https://www.luvansh.com/product/2366262/igi-certified-2-09-d-vvs2-round-lab-created-diamond-r,https://api.igi.org/viewpdf.php?r=LG761516371,NONE,Excellent,Excellent,56.00%,61.20%,1.01,8.26 - 8.21 x 5.04 mm,LV-ROUNDDVVS2-761516371
2327892,2.08,D,VVS2,Ideal,544,https://www.luvansh.com/product/2327892/igi-certified-2-08-d-vvs2-round-lab-created-diamond-r,https://api.igi.org/viewpdf.php?r=LG760546895,NONE,Excellent,Excellent,57.00%,62.30%,1,8.16 - 8.13 x 5.07 mm,LV-ROUNDDVVS2-760546895
2327905,2.09,D,VVS2,Ideal,544,https://www.luvansh.com/product/2327905/igi-certified-2-09-d-vvs2-round-lab-created-diamond-r,https://api.igi.org/viewpdf.php?r=LG760549105,NONE,Excellent,Excellent,58.00%,61.50%,1.01,8.24 - 8.19 x 5.05 mm,LV-ROUNDDVVS2-760549105
2321190,2.08,D,VVS2,Ideal,544,https://www.luvansh.com/product/2321190/igi-certified-2-08-d-vvs2-round-lab-created-diamond-r,https://api.igi.org/viewpdf.php?r=LG756525074,NONE,Excellent,Excellent,57.00%,62.10%,1.01,8.18 - 8.13 x 5.06 mm,LV-ROUNDDVVS2-756525074
2327732,2.01,D,VVS2,Ideal,544,https://www.luvansh.com/product/2327732/igi-certified-2-01-d-vvs2-round-lab-created-diamond-r,https://api.igi.org/viewpdf.php?r=LG756528103,NONE,Excellent,Excellent,57.00%,61.60%,1.01,8.12 - 8.07 x 4.99 mm,LV-ROUNDDVVS2-756528103
2353088,2.08,D,VVS2,Ideal,544,https://www.luvansh.com/product/2353088/igi-certified-2-08-d-vvs2-round-lab-created-diamond-r,https://api.igi.org/viewpdf.php?r=LG761515536,NONE,Excellent,Excellent,55.00%,61.80%,1,8.25 - 8.21 x 5.09 mm,LV-ROUNDDVVS2-761515536
2274832,2.06,E,VVS2,Ideal,544,https://www.luvansh.com/product/2274832/igi-certified-2-06-e-vvs2-round-lab-created-diamond-r,https://api.igi.org/viewpdf.php?r=LG763614246,NONE,Excellent,Excellent,58.00%,61.10%,1.01,8.2 - 8.14 x 4.99 mm,LV-ROUNDEVVS2-763614246
2272509,2.1,E,VVS2,Ideal,544,https://www.luvansh.com/product/2272509/igi-certified-2-1-e-vvs2-round-lab-created-diamond-r,https://api.igi.org/viewpdf.php?r=LG762581446,NONE,Excellent,Excellent,58.00%,62.10%,1.01,8.24 - 8.19 x 5.1 mm,LV-ROUNDEVVS2-762581446
2284557,2.06,E,VVS2,Ideal,544,https://www.luvansh.com/product/2284557/igi-certified-2-06-e-vvs2-round-lab-created-diamond-r,https://api.igi.org/viewpdf.php?r=LG764620156,NONE,Excellent,Excellent,57.00%,62.00%,1.01,8.16 - 8.09 x 5.03 mm,LV-ROUNDEVVS2-764620156
2250820,2.1,E,VVS2,Ideal,544,https://www.luvansh.com/product/2250820/igi-certified-2-1-e-vvs2-round-lab-created-diamond-r,https://api.igi.org/viewpdf.php?r=LG760572139,NONE,Excellent,Excellent,58.00%,62.10%,1,8.22 - 8.19 x 5.09 mm,LV-ROUNDEVVS2-760572139
2265267,2.06,E,VVS2,Ideal,544,https://www.luvansh.com/product/2265267/igi-certified-2-06-e-vvs2-round-lab-created-diamond-r,https://api.igi.org/viewpdf.php?r=LG762513214,NONE,Excellent,Excellent,58.00%,61.50%,1,8.16 - 8.12 x 5.01 mm,LV-ROUNDEVVS2-762513214
2439478,2.06,D,VVS2,Ideal,544,https://www.luvansh.com/product/2439478/igi-certified-2-06-d-vvs2-round-lab-created-diamond-r,https://api.igi.org/viewpdf.php?r=LG765604994,NONE,Excellent,Excellent,58.00%,62.10%,1.01,8.14 - 8.08 x 5.04 mm,LV-ROUNDDVVS2-765604994
2439044,2.17,D,VVS2,Ideal,544,https://www.luvansh.com/product/2439044/igi-certified-2-17-d-vvs2-round-lab-created-diamond-r,https://api.igi.org/viewpdf.php?r=LG764617620,NONE,Excellent,Excellent,58.00%,61.50%,1,8.3 - 8.26 x 5.09 mm,LV-ROUNDDVVS2-764617620
2228453,1.96,D,VVS2,Ideal,544,https://www.luvansh.com/product/2228453/igi-certified-1-96-d-vvs2-round-lab-created-diamond-r,https://api.igi.org/viewpdf.php?r=LG756534529,NONE,Excellent,Excellent,56.00%,61.80%,1.01,8.02 - 7.98 x 4.94 mm,LV-ROUNDDVVS2-756534529
2236145,2.07,D,VVS2,Ideal,544,https://www.luvansh.com/product/2236145/igi-certified-2-07-d-vvs2-round-lab-created-diamond-r,https://api.igi.org/viewpdf.php?r=LG758569105,NONE,Excellent,Excellent,57.00%,61.90%,1,8.2 - 8.16 x 5.07 mm,LV-ROUNDDVVS2-758569105
2237178,2.07,D,VVS2,Ideal,544,https://www.luvansh.com/product/2237178/igi-certified-2-07-d-vvs2-round-lab-created-diamond-r,https://api.igi.org/viewpdf.php?r=LG758576492,NONE,Excellent,Excellent,56.00%,61.60%,1,8.2 - 8.17 x 5.05 mm,LV-ROUNDDVVS2-758576492
2235167,2.07,D,VVS2,Ideal,544,https://www.luvansh.com/product/2235167/igi-certified-2-07-d-vvs2-round-lab-created-diamond-r,https://api.igi.org/viewpdf.php?r=LG758551441,NONE,Excellent,Excellent,57.00%,61.30%,1.01,8.22 - 8.15 x 5.02 mm,LV-ROUNDDVVS2-758551441
2238413,2.1,E,VVS2,Ideal,544,https://www.luvansh.com/product/2238413/igi-certified-2-1-e-vvs2-round-lab-created-diamond-r,https://api.igi.org/viewpdf.php?r=LG758586951,NONE,Excellent,Excellent,57.00%,61.70%,1,8.24 - 8.22 x 5.08 mm,LV-ROUNDEVVS2-758586951
2242059,2.1,E,VVS2,Ideal,544,https://www.luvansh.com/product/2242059/igi-certified-2-1-e-vvs2-round-lab-created-diamond-r,https://api.igi.org/viewpdf.php?r=LG759530734,NONE,Excellent,Excellent,58.00%,62.30%,1,8.19 - 8.16 x 5.09 mm,LV-ROUNDEVVS2-759530734
2242071,2.06,E,VVS2,Ideal,544,https://www.luvansh.com/product/2242071/igi-certified-2-06-e-vvs2-round-lab-created-diamond-r,https://api.igi.org/viewpdf.php?r=LG759527033,NONE,Excellent,Excellent,56.00%,62.00%,1.01,8.21 - 8.15 x 5.07 mm,LV-ROUNDEVVS2-759527033
2244109,2.06,E,VVS2,Ideal,544,https://www.luvansh.com/product/2244109/igi-certified-2-06-e-vvs2-round-lab-created-diamond-r,https://api.igi.org/viewpdf.php?r=LG760509393,NONE,Excellent,Excellent,57.00%,62.30%,1.01,8.14 - 8.09 x 5.06 mm,LV-ROUNDEVVS2-760509393
2243942,1.96,D,VVS2,Ideal,544,https://www.luvansh.com/product/2243942/igi-certified-1-96-d-vvs2-round-lab-created-diamond-r,https://api.igi.org/viewpdf.php?r=LG760509257,NONE,Excellent,Excellent,58.00%,62.30%,1.01,8.02 - 7.97 x 4.98 mm,LV-ROUNDDVVS2-760509257
2060566,2.07,E,VVS2,Ideal,544,https://www.luvansh.com/product/2060566/igi-certified-2-07-e-vvs2-round-lab-created-diamond-r,https://api.igi.org/viewpdf.php?r=LG758522455,NONE,Excellent,Excellent,58.00%,62.10%,1,8.17 - 8.13 x 5.06 mm,LV-ROUNDEVVS2-758522455
2058161,2.07,E,VVS2,Ideal,544,https://www.luvansh.com/product/2058161/igi-certified-2-07-e-vvs2-round-lab-created-diamond-r,https://api.igi.org/viewpdf.php?r=LG758501289,NONE,Excellent,Excellent,57.00%,61.70%,1,8.21 - 8.17 x 5.05 mm,LV-ROUNDEVVS2-758501289
2070025,2.07,E,VVS2,Ideal,544,https://www.luvansh.com/product/2070025/igi-certified-2-07-e-vvs2-round-lab-created-diamond-r,https://api.igi.org/viewpdf.php?r=LG759513965,NONE,Excellent,Excellent,57.00%,62.20%,1,8.18 - 8.16 x 5.08 mm,LV-ROUNDEVVS2-759513965
1918700,1.81,F,VVS1,Ideal,544,https://www.luvansh.com/product/1918700/igi-certified-1-81-f-vvs1-round-lab-created-diamond-r,https://api.igi.org/viewpdf.php?r=LG738516569,NONE,Excellent,Excellent,57.00%,61.20%,1,7.8 - 7.82 x 4.78 mm,LV-ROUNDFVVS1-738516569
2237417,2.05,E,VVS2,Ideal,540,https://www.luvansh.com/product/2237417/igi-certified-2-05-e-vvs2-round-lab-created-diamond-r,https://api.igi.org/viewpdf.php?r=LG758583007,NONE,Excellent,Excellent,58.00%,61.30%,1,8.17 - 8.13 x 5 mm,LV-ROUNDEVVS2-758583007
2236135,2.04,D,VVS2,Ideal,540,https://www.luvansh.com/product/2236135/igi-certified-2-04-d-vvs2-round-lab-created-diamond-r,https://api.igi.org/viewpdf.php?r=LG758551730,NONE,Excellent,Excellent,57.00%,61.10%,1.01,8.2 - 8.15 x 5 mm,LV-ROUNDDVVS2-758551730
2137008,2.09,D,VVS2,Ideal,540,https://www.luvansh.com/product/2137008/igi-certified-2-09-d-vvs2-round-lab-created-diamond-r,https://api.igi.org/viewpdf.php?r=LG633481652,NONE,Excellent,Excellent,57.50%,62.20%,1,8.15 - 8.14 x 5.07 mm,LV-ROUNDDVVS2-633481652
2138276,2.09,E,VVS1,Ideal,540,https://www.luvansh.com/product/2138276/igi-certified-2-09-e-vvs1-round-lab-created-diamond-r,https://api.igi.org/viewpdf.php?r=LG683595771,NONE,Excellent,Excellent,56.00%,61.90%,1,8.21 - 8.24 x 5.1 mm,LV-ROUNDEVVS1-LG683595771
2138268,2.09,E,VVS1,Ideal,540,https://www.luvansh.com/product/2138268/igi-certified-2-09-e-vvs1-round-lab-created-diamond-r,https://api.igi.org/viewpdf.php?r=LG680577724,NONE,Excellent,Excellent,56.00%,61.60%,1,8.21 - 8.23 x 5.06 mm,LV-ROUNDEVVS1-LG680577724
2138284,2.09,E,VVS1,Ideal,540,https://www.luvansh.com/product/2138284/igi-certified-2-09-e-vvs1-round-lab-created-diamond-r,https://api.igi.org/viewpdf.php?r=LG683595724,NONE,Excellent,Excellent,56.00%,61.40%,1,8.23 - 8.25 x 5.06 mm,LV-ROUNDEVVS1-LG683595724
2132421,2.1,E,VVS1,Ideal,540,https://www.luvansh.com/product/2132421/igi-certified-2-1-e-vvs1-round-lab-created-diamond-r,https://api.igi.org/viewpdf.php?r=LG743594534,NONE,Excellent,Excellent,57.00%,62.30%,1,8.19 - 8.16 x 5.09 mm,LV-ROUNDEVVS1-743594534
2267728,2.05,E,VVS2,Ideal,540,https://www.luvansh.com/product/2267728/igi-certified-2-05-e-vvs2-round-lab-created-diamond-r,https://api.igi.org/viewpdf.php?r=LG762531924,NONE,Excellent,Excellent,57.00%,62.00%,1,8.15 - 8.13 x 5.05 mm,LV-ROUNDEVVS2-762531924
2267738,2.05,E,VVS2,Ideal,540,https://www.luvansh.com/product/2267738/igi-certified-2-05-e-vvs2-round-lab-created-diamond-r,https://api.igi.org/viewpdf.php?r=LG762533753,NONE,Excellent,Excellent,57.00%,61.40%,1.01,8.19 - 8.14 x 5.02 mm,LV-ROUNDEVVS2-762533753
2262907,2.05,E,VVS2,Ideal,540,https://www.luvansh.com/product/2262907/igi-certified-2-05-e-vvs2-round-lab-created-diamond-r,https://api.igi.org/viewpdf.php?r=LG761569916,NONE,Excellent,Excellent,57.00%,61.90%,1.01,8.16 - 8.11 x 5.04 mm,LV-ROUNDEVVS2-761569916
2248450,2.04,E,VVS2,Ideal,540,https://www.luvansh.com/product/2248450/igi-certified-2-04-e-vvs2-round-lab-created-diamond-r,https://api.igi.org/viewpdf.php?r=LG760536245,NONE,Excellent,Excellent,58.00%,61.10%,1.01,8.21 - 8.16 x 5.01 mm,LV-ROUNDEVVS2-760536245
2248452,2.04,E,VVS2,Ideal,540,https://www.luvansh.com/product/2248452/igi-certified-2-04-e-vvs2-round-lab-created-diamond-r,https://api.igi.org/viewpdf.php?r=LG760536249,NONE,Excellent,Excellent,56.00%,61.80%,1.01,8.15 - 8.1 x 5.03 mm,LV-ROUNDEVVS2-760536249
2255593,2.05,E,VVS2,Ideal,540,https://www.luvansh.com/product/2255593/igi-certified-2-05-e-vvs2-round-lab-created-diamond-r,https://api.igi.org/viewpdf.php?r=LG761502342,NONE,Excellent,Excellent,58.00%,61.70%,1.01,8.19 - 8.13 x 5.03 mm,LV-ROUNDEVVS2-761502342
2255566,2.04,E,VVS2,Ideal,540,https://www.luvansh.com/product/2255566/igi-certified-2-04-e-vvs2-round-lab-created-diamond-r,https://api.igi.org/viewpdf.php?r=LG760591243,NONE,Excellent,Excellent,56.00%,62.10%,1.01,8.14 - 8.08 x 5.03 mm,LV-ROUNDEVVS2-760591243
2274827,2.05,E,VVS2,Ideal,540,https://www.luvansh.com/product/2274827/igi-certified-2-05-e-vvs2-round-lab-created-diamond-r,https://api.igi.org/viewpdf.php?r=LG763618092,NONE,Excellent,Excellent,56.00%,62.20%,1,8.16 - 8.14 x 5.07 mm,LV-ROUNDEVVS2-763618092
2328238,2.06,D,VVS2,Ideal,540,https://www.luvansh.com/product/2328238/igi-certified-2-06-d-vvs2-round-lab-created-diamond-r,https://api.igi.org/viewpdf.php?r=LG761515151,NONE,Excellent,Excellent,56.00%,62.20%,1,8.16 - 8.13 x 5.06 mm,LV-ROUNDDVVS2-761515151
2310173,2.07,E,VVS1,Ideal,540,https://www.luvansh.com/product/2310173/igi-certified-2-07-e-vvs1-round-lab-created-diamond-r,https://api.igi.org/viewpdf.php?r=LG747569488,NONE,Excellent,Excellent,58.00%,62.20%,1,8.12 - 8.15 x 5.06 mm,LV-ROUNDEVVS1-LG747569488
2321270,2.07,D,VVS2,Ideal,540,https://www.luvansh.com/product/2321270/igi-certified-2-07-d-vvs2-round-lab-created-diamond-r,https://api.igi.org/viewpdf.php?r=LG756527187,NONE,Excellent,Excellent,58.00%,61.80%,1,8.16 - 8.12 x 5.03 mm,LV-ROUNDDVVS2-756527187
2328167,2.07,D,VVS2,Ideal,540,https://www.luvansh.com/product/2328167/igi-certified-2-07-d-vvs2-round-lab-created-diamond-r,https://api.igi.org/viewpdf.php?r=LG756562313,NONE,Excellent,Excellent,58.00%,62.10%,1,8.15 - 8.12 x 5.05 mm,LV-ROUNDDVVS2-756562313
2367232,2.06,D,VVS2,Ideal,540,https://www.luvansh.com/product/2367232/igi-certified-2-06-d-vvs2-round-lab-created-diamond-r,https://api.igi.org/viewpdf.php?r=LG761510911,NONE,Excellent,Excellent,58.00%,62.00%,1,8.14 - 8.1 x 5.04 mm,LV-ROUNDDVVS2-761510911
2366852,2.07,D,VVS2,Ideal,540,https://www.luvansh.com/product/2366852/igi-certified-2-07-d-vvs2-round-lab-created-diamond-r,https://api.igi.org/viewpdf.php?r=LG761510078,NONE,Excellent,Excellent,57.00%,61.60%,1.01,8.21 - 8.16 x 5.04 mm,LV-ROUNDDVVS2-761510078
2416340,2.06,D,VVS2,Ideal,540,https://www.luvansh.com/product/2416340/igi-certified-2-06-d-vvs2-round-lab-created-diamond-r,https://api.igi.org/viewpdf.php?r=LG765601161,NONE,Excellent,Excellent,56.00%,61.60%,1,8.16 - 8.12 x 5.02 mm,LV-ROUNDDVVS2-765601161
2416354,2.06,D,VVS2,Ideal,540,https://www.luvansh.com/product/2416354/igi-certified-2-06-d-vvs2-round-lab-created-diamond-r,https://api.igi.org/viewpdf.php?r=LG765601174,NONE,Excellent,Excellent,57.00%,61.30%,1,8.18 - 8.15 x 5.00 mm,LV-ROUNDDVVS2-765601174
2237417,2.05,E,VVS2,Ideal,540,https://www.luvansh.com/product/2237417/igi-certified-2-05-e-vvs2-round-lab-created-diamond-r,https://api.igi.org/viewpdf.php?r=LG758583007,NONE,Excellent,Excellent,58.00%,61.30%,1,8.17 - 8.13 x 5 mm,LV-ROUNDEVVS2-758583007
2236135,2.04,D,VVS2,Ideal,540,https://www.luvansh.com/product/2236135/igi-certified-2-04-d-vvs2-round-lab-created-diamond-r,https://api.igi.org/viewpdf.php?r=LG758551730,NONE,Excellent,Excellent,57.00%,61.10%,1.01,8.2 - 8.15 x 5 mm,LV-ROUNDDVVS2-758551730
2137008,2.09,D,VVS2,Ideal,540,https://www.luvansh.com/product/2137008/igi-certified-2-09-d-vvs2-round-lab-created-diamond-r,https://api.igi.org/viewpdf.php?r=LG633481652,NONE,Excellent,Excellent,57.50%,62.20%,1,8.15 - 8.14 x 5.07 mm,LV-ROUNDDVVS2-633481652
2138276,2.09,E,VVS1,Ideal,540,https://www.luvansh.com/product/2138276/igi-certified-2-09-e-vvs1-round-lab-created-diamond-r,https://api.igi.org/viewpdf.php?r=LG683595771,NONE,Excellent,Excellent,56.00%,61.90%,1,8.21 - 8.24 x 5.1 mm,LV-ROUNDEVVS1-LG683595771
2138268,2.09,E,VVS1,Ideal,540,https://www.luvansh.com/product/2138268/igi-certified-2-09-e-vvs1-round-lab-created-diamond-r,https://api.igi.org/viewpdf.php?r=LG680577724,NONE,Excellent,Excellent,56.00%,61.60%,1,8.21 - 8.23 x 5.06 mm,LV-ROUNDEVVS1-LG680577724
2138284,2.09,E,VVS1,Ideal,540,https://www.luvansh.com/product/2138284/igi-certified-2-09-e-vvs1-round-lab-created-diamond-r,https://api.igi.org/viewpdf.php?r=LG683595724,NONE,Excellent,Excellent,56.00%,61.40%,1,8.23 - 8.25 x 5.06 mm,LV-ROUNDEVVS1-LG683595724
2132421,2.1,E,VVS1,Ideal,540,https://www.luvansh.com/product/2132421/igi-certified-2-1-e-vvs1-round-lab-created-diamond-r,https://api.igi.org/viewpdf.php?r=LG743594534,NONE,Excellent,Excellent,57.00%,62.30%,1,8.19 - 8.16 x 5.09 mm,LV-ROUNDEVVS1-743594534
2267728,2.05,E,VVS2,Ideal,540,https://www.luvansh.com/product/2267728/igi-certified-2-05-e-vvs2-round-lab-created-diamond-r,https://api.igi.org/viewpdf.php?r=LG762531924,NONE,Excellent,Excellent,57.00%,62.00%,1,8.15 - 8.13 x 5.05 mm,LV-ROUNDEVVS2-762531924
2267738,2.05,E,VVS2,Ideal,540,https://www.luvansh.com/product/2267738/igi-certified-2-05-e-vvs2-round-lab-created-diamond-r,https://api.igi.org/viewpdf.php?r=LG762533753,NONE,Excellent,Excellent,57.00%,61.40%,1.01,8.19 - 8.14 x 5.02 mm,LV-ROUNDEVVS2-762533753
2262907,2.05,E,VVS2,Ideal,540,https://www.luvansh.com/product/2262907/igi-certified-2-05-e-vvs2-round-lab-created-diamond-r,https://api.igi.org/viewpdf.php?r=LG761569916,NONE,Excellent,Excellent,57.00%,61.90%,1.01,8.16 - 8.11 x 5.04 mm,LV-ROUNDEVVS2-761569916
2248450,2.04,E,VVS2,Ideal,540,https://www.luvansh.com/product/2248450/igi-certified-2-04-e-vvs2-round-lab-created-diamond-r,https://api.igi.org/viewpdf.php?r=LG760536245,NONE,Excellent,Excellent,58.00%,61.10%,1.01,8.21 - 8.16 x 5.01 mm,LV-ROUNDEVVS2-760536245
2248452,2.04,E,VVS2,Ideal,540,https://www.luvansh.com/product/2248452/igi-certified-2-04-e-vvs2-round-lab-created-diamond-r,https://api.igi.org/viewpdf.php?r=LG760536249,NONE,Excellent,Excellent,56.00%,61.80%,1.01,8.15 - 8.1 x 5.03 mm,LV-ROUNDEVVS2-760536249
2255593,2.05,E,VVS2,Ideal,540,https://www.luvansh.com/product/2255593/igi-certified-2-05-e-vvs2-round-lab-created-diamond-r,https://api.igi.org/viewpdf.php?r=LG761502342,NONE,Excellent,Excellent,58.00%,61.70%,1.01,8.19 - 8.13 x 5.03 mm,LV-ROUNDEVVS2-761502342
2255566,2.04,E,VVS2,Ideal,540,https://www.luvansh.com/product/2255566/igi-certified-2-04-e-vvs2-round-lab-created-diamond-r,https://api.igi.org/viewpdf.php?r=LG760591243,NONE,Excellent,Excellent,56.00%,62.10%,1.01,8.14 - 8.08 x 5.03 mm,LV-ROUNDEVVS2-760591243
2274827,2.05,E,VVS2,Ideal,540,https://www.luvansh.com/product/2274827/igi-certified-2-05-e-vvs2-round-lab-created-diamond-r,https://api.igi.org/viewpdf.php?r=LG763618092,NONE,Excellent,Excellent,56.00%,62.20%,1,8.16 - 8.14 x 5.07 mm,LV-ROUNDEVVS2-763618092
2328238,2.06,D,VVS2,Ideal,540,https://www.luvansh.com/product/2328238/igi-certified-2-06-d-vvs2-round-lab-created-diamond-r,https://api.igi.org/viewpdf.php?r=LG761515151,NONE,Excellent,Excellent,56.00%,62.20%,1,8.16 - 8.13 x 5.06 mm,LV-ROUNDDVVS2-761515151
2310173,2.07,E,VVS1,Ideal,540,https://www.luvansh.com/product/2310173/igi-certified-2-07-e-vvs1-round-lab-created-diamond-r,https://api.igi.org/viewpdf.php?r=LG747569488,NONE,Excellent,Excellent,58.00%,62.20%,1,8.12 - 8.15 x 5.06 mm,LV-ROUNDEVVS1-LG747569488
2321270,2.07,D,VVS2,Ideal,540,https://www.luvansh.com/product/2321270/igi-certified-2-07-d-vvs2-round-lab-created-diamond-r,https://api.igi.org/viewpdf.php?r=LG756527187,NONE,Excellent,Excellent,58.00%,61.80%,1,8.16 - 8.12 x 5.03 mm,LV-ROUNDDVVS2-756527187
2328167,2.07,D,VVS2,Ideal,540,https://www.luvansh.com/product/2328167/igi-certified-2-07-d-vvs2-round-lab-created-diamond-r,https://api.igi.org/viewpdf.php?r=LG756562313,NONE,Excellent,Excellent,58.00%,62.10%,1,8.15 - 8.12 x 5.05 mm,LV-ROUNDDVVS2-756562313
2367232,2.06,D,VVS2,Ideal,540,https://www.luvansh.com/product/2367232/igi-certified-2-06-d-vvs2-round-lab-created-diamond-r,https://api.igi.org/viewpdf.php?r=LG761510911,NONE,Excellent,Excellent,58.00%,62.00%,1,8.14 - 8.1 x 5.04 mm,LV-ROUNDDVVS2-761510911
2366852,2.07,D,VVS2,Ideal,540,https://www.luvansh.com/product/2366852/igi-certified-2-07-d-vvs2-round-lab-created-diamond-r,https://api.igi.org/viewpdf.php?r=LG761510078,NONE,Excellent,Excellent,57.00%,61.60%,1.01,8.21 - 8.16 x 5.04 mm,LV-ROUNDDVVS2-761510078
2416340,2.06,D,VVS2,Ideal,540,https://www.luvansh.com/product/2416340/igi-certified-2-06-d-vvs2-round-lab-created-diamond-r,https://api.igi.org/viewpdf.php?r=LG765601161,NONE,Excellent,Excellent,56.00%,61.60%,1,8.16 - 8.12 x 5.02 mm,LV-ROUNDDVVS2-765601161
2416354,2.06,D,VVS2,Ideal,540,https://www.luvansh.com/product/2416354/igi-certified-2-06-d-vvs2-round-lab-created-diamond-r,https://api.igi.org/viewpdf.php?r=LG765601174,NONE,Excellent,Excellent,57.00%,61.30%,1,8.18 - 8.15 x 5.00 mm,LV-ROUNDDVVS2-765601174
2416311,2.14,D,VVS2,Ideal,534,https://www.luvansh.com/product/2416311/igi-certified-2-14-d-vvs2-round-lab-created-diamond-r,https://api.igi.org/viewpdf.php?r=LG765601175,NONE,Excellent,Excellent,56.00%,61.90%,1,8.26 - 8.22 x 5.10 mm,LV-ROUNDDVVS2-765601175
2373128,2.09,E,VVS1,Ideal,534,https://www.luvansh.com/product/2373128/igi-certified-2-09-e-vvs1-round-lab-created-diamond-r,https://api.igi.org/viewpdf.php?r=LG763656216,NONE,Excellent,Excellent,57.00%,62.00%,1,8.19 - 8.15 x 5.07 mm,LV-ROUNDEVVS1-763656216
2374608,2.1,E,VVS1,Ideal,534,https://www.luvansh.com/product/2374608/igi-certified-2-1-e-vvs1-round-lab-created-diamond-r,https://api.igi.org/viewpdf.php?r=LG766627805,NONE,Excellent,Excellent,57.00%,61.80%,1,8.19 - 8.17 x 5.05 mm,LV-ROUNDEVVS1-766627805
2277265,2.02,E,VVS2,Ideal,534,https://www.luvansh.com/product/2277265/igi-certified-2-02-e-vvs2-round-lab-created-diamond-r,https://api.igi.org/viewpdf.php?r=LG763640397,NONE,Excellent,Excellent,58.00%,61.80%,1,8.08 - 8.06 x 4.98 mm,LV-ROUNDEVVS2-763640397
2270134,2.02,E,VVS2,Ideal,534,https://www.luvansh.com/product/2270134/igi-certified-2-02-e-vvs2-round-lab-created-diamond-r,https://api.igi.org/viewpdf.php?r=LG762549667,NONE,Excellent,Excellent,55.00%,61.20%,1,8.19 - 8.16 x 5.01 mm,LV-ROUNDEVVS2-762549667
2286765,2.2,E,VVS2,Ideal,534,https://www.luvansh.com/product/2286765/igi-certified-2-2-e-vvs2-round-lab-created-diamond-r,https://api.igi.org/viewpdf.php?r=LG764624609,NONE,Excellent,Excellent,57.00%,61.40%,1.01,8.39 - 8.34 x 5.14 mm,LV-ROUNDEVVS2-764624609
2248444,2.02,E,VVS2,Ideal,534,https://www.luvansh.com/product/2248444/igi-certified-2-02-e-vvs2-round-lab-created-diamond-r,https://api.igi.org/viewpdf.php?r=LG760537485,NONE,Excellent,Excellent,58.00%,61.60%,1,8.13 - 8.09 x 4.99 mm,LV-ROUNDEVVS2-760537485
2258018,2.03,E,VVS2,Ideal,534,https://www.luvansh.com/product/2258018/igi-certified-2-03-e-vvs2-round-lab-created-diamond-r,https://api.igi.org/viewpdf.php?r=LG761519295,NONE,Excellent,Excellent,56.00%,62.20%,1.01,8.17 - 8.11 x 5.07 mm,LV-ROUNDEVVS2-761519295
2267748,2.03,E,VVS2,Ideal,534,https://www.luvansh.com/product/2267748/igi-certified-2-03-e-vvs2-round-lab-created-diamond-r,https://api.igi.org/viewpdf.php?r=LG762531739,NONE,Excellent,Excellent,58.00%,62.00%,1,8.12 - 8.1 x 5.03 mm,LV-ROUNDEVVS2-762531739
2430822,2.27,D,VVS2,Ideal,534,https://www.luvansh.com/product/2430822/igi-certified-2-27-d-vvs2-round-lab-created-diamond-r,https://api.igi.org/viewpdf.php?r=LG770666124,NONE,Excellent,Excellent,58.00%,61.00%,1,8.46 - 8.5 x 5.17 mm,LV-ROUNDDVVS2-770666124
2438838,2.14,D,VVS2,Ideal,534,https://www.luvansh.com/product/2438838/igi-certified-2-14-d-vvs2-round-lab-created-diamond-r,https://api.igi.org/viewpdf.php?r=LG764616435,NONE,Excellent,Excellent,57.00%,61.90%,1.01,8.29 - 8.23 x 5.12 mm,LV-ROUNDDVVS2-764616435
2137006,2.07,E,VVS1,Ideal,534,https://www.luvansh.com/product/2137006/igi-certified-2-07-e-vvs1-round-lab-created-diamond-r,https://api.igi.org/viewpdf.php?r=LG617468266,NONE,Excellent,Excellent,58.00%,62.00%,1.01,8.18 - 8.13 x 5.06 mm,LV-ROUNDEVVS1-617468266
2186365,2.09,E,VVS1,Ideal,534,https://www.luvansh.com/product/2186365/igi-certified-2-09-e-vvs1-round-lab-created-diamond-r,https://api.igi.org/viewpdf.php?r=LG711514178,NONE,Excellent,Excellent,57.00%,61.60%,1,8.23 - 8.19 x 5.06 mm,LV-ROUNDEVVS1-711514178
2235166,2.03,D,VVS2,Ideal,534,https://www.luvansh.com/product/2235166/igi-certified-2-03-d-vvs2-round-lab-created-diamond-r,https://api.igi.org/viewpdf.php?r=LG758549361,NONE,Excellent,Excellent,56.00%,62.20%,1.01,8.15 - 8.09 x 5.04 mm,LV-ROUNDDVVS2-758549361
2240015,2.03,D,VVS2,Ideal,534,https://www.luvansh.com/product/2240015/igi-certified-2-03-d-vvs2-round-lab-created-diamond-r,https://api.igi.org/viewpdf.php?r=LG759514398,NONE,Excellent,Excellent,58.00%,61.90%,1.01,8.17 - 8.1 x 5.04 mm,LV-ROUNDDVVS2-759514398
2246314,2.03,E,VVS2,Ideal,534,https://www.luvansh.com/product/2246314/igi-certified-2-03-e-vvs2-round-lab-created-diamond-r,https://api.igi.org/viewpdf.php?r=LG760533912,NONE,Excellent,Excellent,57.00%,61.70%,1,8.12 - 8.08 x 5 mm,LV-ROUNDEVVS2-760533912
2111122,2.09,E,VVS1,Ideal,534,https://www.luvansh.com/product/2111122/igi-certified-2-09-e-vvs1-round-lab-created-diamond-r,https://api.igi.org/viewpdf.php?r=LG687510654,NONE,Excellent,Excellent,58.00%,62.00%,1,8.17 - 8.15 x 5.06 mm,LV-ROUNDEVVS1-687510654
2111152,2.09,E,VVS1,Ideal,534,https://www.luvansh.com/product/2111152/igi-certified-2-09-e-vvs1-round-lab-created-diamond-r,https://api.igi.org/viewpdf.php?r=LG687551167,NONE,Excellent,Excellent,58.00%,61.50%,1,8.19 - 8.17 x 5.04 mm,LV-ROUNDEVVS1-687551167
2112394,2.09,E,VVS1,Ideal,534,https://www.luvansh.com/product/2112394/igi-certified-2-09-e-vvs1-round-lab-created-diamond-r,https://api.igi.org/viewpdf.php?r=LG697502394,NONE,Excellent,Excellent,58.00%,62.30%,1,8.16 - 8.12 x 5.08 mm,LV-ROUNDEVVS1-697502394
2111744,2.09,E,VVS1,Ideal,534,https://www.luvansh.com/product/2111744/igi-certified-2-09-e-vvs1-round-lab-created-diamond-r,https://api.igi.org/viewpdf.php?r=LG711511617,NONE,Excellent,Excellent,58.00%,61.10%,1,8.26 - 8.22 x 5.04 mm,LV-ROUNDEVVS1-711511617
2111825,2.09,E,VVS1,Ideal,534,https://www.luvansh.com/product/2111825/igi-certified-2-09-e-vvs1-round-lab-created-diamond-r,https://api.igi.org/viewpdf.php?r=LG711503616,NONE,Excellent,Excellent,58.00%,61.50%,1,8.2 - 8.16 x 5.03 mm,LV-ROUNDEVVS1-711503616
2111866,2.09,E,VVS1,Ideal,534,https://www.luvansh.com/product/2111866/igi-certified-2-09-e-vvs1-round-lab-created-diamond-r,https://api.igi.org/viewpdf.php?r=LG711507835,NONE,Excellent,Excellent,58.00%,61.70%,1,8.19 - 8.16 x 5.05 mm,LV-ROUNDEVVS1-711507835
2111941,2.09,E,VVS1,Ideal,534,https://www.luvansh.com/product/2111941/igi-certified-2-09-e-vvs1-round-lab-created-diamond-r,https://api.igi.org/viewpdf.php?r=LG708563891,NONE,Excellent,Excellent,58.00%,61.40%,1,8.23 - 8.2 x 5.04 mm,LV-ROUNDEVVS1-708563891
2111220,2.09,E,VVS1,Ideal,534,https://www.luvansh.com/product/2111220/igi-certified-2-09-e-vvs1-round-lab-created-diamond-r,https://api.igi.org/viewpdf.php?r=LG689534715,NONE,Excellent,Excellent,58.00%,61.90%,1,8.18 - 8.14 x 5.05 mm,LV-ROUNDEVVS1-689534715
2111353,2.09,E,VVS1,Ideal,534,https://www.luvansh.com/product/2111353/igi-certified-2-09-e-vvs1-round-lab-created-diamond-r,https://api.igi.org/viewpdf.php?r=LG694580826,NONE,Excellent,Excellent,58.00%,62.20%,1.01,8.19 - 8.13 x 5.07 mm,LV-ROUNDEVVS1-694580826
2111440,2.09,E,VVS1,Ideal,534,https://www.luvansh.com/product/2111440/igi-certified-2-09-e-vvs1-round-lab-created-diamond-r,https://api.igi.org/viewpdf.php?r=LG698502105,NONE,Excellent,Excellent,57.00%,62.20%,1.01,8.2 - 8.13 x 5.08 mm,LV-ROUNDEVVS1-698502105
2111471,2.09,E,VVS1,Ideal,534,https://www.luvansh.com/product/2111471/igi-certified-2-09-e-vvs1-round-lab-created-diamond-r,https://api.igi.org/viewpdf.php?r=LG700549175,NONE,Excellent,Excellent,58.00%,61.70%,1,8.19 - 8.16 x 5.04 mm,LV-ROUNDEVVS1-700549175
2117647,2.09,E,VVS1,Ideal,534,https://www.luvansh.com/product/2117647/igi-certified-2-09-e-vvs1-round-lab-created-diamond-r,https://api.igi.org/viewpdf.php?r=LG754538135,NONE,Excellent,Excellent,58.00%,61.40%,1,8.23 - 8.2 x 5.04 mm,LV-ROUNDEVVS1-754538135
2112557,2.09,E,VVS1,Ideal,534,https://www.luvansh.com/product/2112557/igi-certified-2-09-e-vvs1-round-lab-created-diamond-r,https://api.igi.org/viewpdf.php?r=LG715552196,NONE,Excellent,Excellent,58.00%,61.50%,1,8.22 - 8.2 x 5.05 mm,LV-ROUNDEVVS1-715552196
2118056,2.09,E,VVS1,Ideal,534,https://www.luvansh.com/product/2118056/igi-certified-2-09-e-vvs1-round-lab-created-diamond-r,https://api.igi.org/viewpdf.php?r=LG752596428,NONE,Excellent,Excellent,58.00%,61.30%,1,8.25 - 8.22 x 5.04 mm,LV-ROUNDEVVS1-752596428
2118603,2.09,E,VVS1,Ideal,534,https://www.luvansh.com/product/2118603/igi-certified-2-09-e-vvs1-round-lab-created-diamond-r,https://api.igi.org/viewpdf.php?r=LG749534573,NONE,Excellent,Excellent,57.00%,62.00%,1,8.18 - 8.15 x 5.06 mm,LV-ROUNDEVVS1-749534573
2416311,2.14,D,VVS2,Ideal,534,https://www.luvansh.com/product/2416311/igi-certified-2-14-d-vvs2-round-lab-created-diamond-r,https://api.igi.org/viewpdf.php?r=LG765601175,NONE,Excellent,Excellent,56.00%,61.90%,1,8.26 - 8.22 x 5.10 mm,LV-ROUNDDVVS2-765601175
2373128,2.09,E,VVS1,Ideal,534,https://www.luvansh.com/product/2373128/igi-certified-2-09-e-vvs1-round-lab-created-diamond-r,https://api.igi.org/viewpdf.php?r=LG763656216,NONE,Excellent,Excellent,57.00%,62.00%,1,8.19 - 8.15 x 5.07 mm,LV-ROUNDEVVS1-763656216
2374608,2.1,E,VVS1,Ideal,534,https://www.luvansh.com/product/2374608/igi-certified-2-1-e-vvs1-round-lab-created-diamond-r,https://api.igi.org/viewpdf.php?r=LG766627805,NONE,Excellent,Excellent,57.00%,61.80%,1,8.19 - 8.17 x 5.05 mm,LV-ROUNDEVVS1-766627805
2277265,2.02,E,VVS2,Ideal,534,https://www.luvansh.com/product/2277265/igi-certified-2-02-e-vvs2-round-lab-created-diamond-r,https://api.igi.org/viewpdf.php?r=LG763640397,NONE,Excellent,Excellent,58.00%,61.80%,1,8.08 - 8.06 x 4.98 mm,LV-ROUNDEVVS2-763640397
2270134,2.02,E,VVS2,Ideal,534,https://www.luvansh.com/product/2270134/igi-certified-2-02-e-vvs2-round-lab-created-diamond-r,https://api.igi.org/viewpdf.php?r=LG762549667,NONE,Excellent,Excellent,55.00%,61.20%,1,8.19 - 8.16 x 5.01 mm,LV-ROUNDEVVS2-762549667
2286765,2.2,E,VVS2,Ideal,534,https://www.luvansh.com/product/2286765/igi-certified-2-2-e-vvs2-round-lab-created-diamond-r,https://api.igi.org/viewpdf.php?r=LG764624609,NONE,Excellent,Excellent,57.00%,61.40%,1.01,8.39 - 8.34 x 5.14 mm,LV-ROUNDEVVS2-764624609
2248444,2.02,E,VVS2,Ideal,534,https://www.luvansh.com/product/2248444/igi-certified-2-02-e-vvs2-round-lab-created-diamond-r,https://api.igi.org/viewpdf.php?r=LG760537485,NONE,Excellent,Excellent,58.00%,61.60%,1,8.13 - 8.09 x 4.99 mm,LV-ROUNDEVVS2-760537485
2258018,2.03,E,VVS2,Ideal,534,https://www.luvansh.com/product/2258018/igi-certified-2-03-e-vvs2-round-lab-created-diamond-r,https://api.igi.org/viewpdf.php?r=LG761519295,NONE,Excellent,Excellent,56.00%,62.20%,1.01,8.17 - 8.11 x 5.07 mm,LV-ROUNDEVVS2-761519295
2267748,2.03,E,VVS2,Ideal,534,https://www.luvansh.com/product/2267748/igi-certified-2-03-e-vvs2-round-lab-created-diamond-r,https://api.igi.org/viewpdf.php?r=LG762531739,NONE,Excellent,Excellent,58.00%,62.00%,1,8.12 - 8.1 x 5.03 mm,LV-ROUNDEVVS2-762531739
2430822,2.27,D,VVS2,Ideal,534,https://www.luvansh.com/product/2430822/igi-certified-2-27-d-vvs2-round-lab-created-diamond-r,https://api.igi.org/viewpdf.php?r=LG770666124,NONE,Excellent,Excellent,58.00%,61.00%,1,8.46 - 8.5 x 5.17 mm,LV-ROUNDDVVS2-770666124
2438838,2.14,D,VVS2,Ideal,534,https://www.luvansh.com/product/2438838/igi-certified-2-14-d-vvs2-round-lab-created-diamond-r,https://api.igi.org/viewpdf.php?r=LG764616435,NONE,Excellent,Excellent,57.00%,61.90%,1.01,8.29 - 8.23 x 5.12 mm,LV-ROUNDDVVS2-764616435
2137006,2.07,E,VVS1,Ideal,534,https://www.luvansh.com/product/2137006/igi-certified-2-07-e-vvs1-round-lab-created-diamond-r,https://api.igi.org/viewpdf.php?r=LG617468266,NONE,Excellent,Excellent,58.00%,62.00%,1.01,8.18 - 8.13 x 5.06 mm,LV-ROUNDEVVS1-617468266
2186365,2.09,E,VVS1,Ideal,534,https://www.luvansh.com/product/2186365/igi-certified-2-09-e-vvs1-round-lab-created-diamond-r,https://api.igi.org/viewpdf.php?r=LG711514178,NONE,Excellent,Excellent,57.00%,61.60%,1,8.23 - 8.19 x 5.06 mm,LV-ROUNDEVVS1-711514178
2235166,2.03,D,VVS2,Ideal,534,https://www.luvansh.com/product/2235166/igi-certified-2-03-d-vvs2-round-lab-created-diamond-r,https://api.igi.org/viewpdf.php?r=LG758549361,NONE,Excellent,Excellent,56.00%,62.20%,1.01,8.15 - 8.09 x 5.04 mm,LV-ROUNDDVVS2-758549361
2240015,2.03,D,VVS2,Ideal,534,https://www.luvansh.com/product/2240015/igi-certified-2-03-d-vvs2-round-lab-created-diamond-r,https://api.igi.org/viewpdf.php?r=LG759514398,NONE,Excellent,Excellent,58.00%,61.90%,1.01,8.17 - 8.1 x 5.04 mm,LV-ROUNDDVVS2-759514398
2246314,2.03,E,VVS2,Ideal,534,https://www.luvansh.com/product/2246314/igi-certified-2-03-e-vvs2-round-lab-created-diamond-r,https://api.igi.org/viewpdf.php?r=LG760533912,NONE,Excellent,Excellent,57.00%,61.70%,1,8.12 - 8.08 x 5 mm,LV-ROUNDEVVS2-760533912
2111122,2.09,E,VVS1,Ideal,534,https://www.luvansh.com/product/2111122/igi-certified-2-09-e-vvs1-round-lab-created-diamond-r,https://api.igi.org/viewpdf.php?r=LG687510654,NONE,Excellent,Excellent,58.00%,62.00%,1,8.17 - 8.15 x 5.06 mm,LV-ROUNDEVVS1-687510654
2111152,2.09,E,VVS1,Ideal,534,https://www.luvansh.com/product/2111152/igi-certified-2-09-e-vvs1-round-lab-created-diamond-r,https://api.igi.org/viewpdf.php?r=LG687551167,NONE,Excellent,Excellent,58.00%,61.50%,1,8.19 - 8.17 x 5.04 mm,LV-ROUNDEVVS1-687551167
2112394,2.09,E,VVS1,Ideal,534,https://www.luvansh.com/product/2112394/igi-certified-2-09-e-vvs1-round-lab-created-diamond-r,https://api.igi.org/viewpdf.php?r=LG697502394,NONE,Excellent,Excellent,58.00%,62.30%,1,8.16 - 8.12 x 5.08 mm,LV-ROUNDEVVS1-697502394
2111744,2.09,E,VVS1,Ideal,534,https://www.luvansh.com/product/2111744/igi-certified-2-09-e-vvs1-round-lab-created-diamond-r,https://api.igi.org/viewpdf.php?r=LG711511617,NONE,Excellent,Excellent,58.00%,61.10%,1,8.26 - 8.22 x 5.04 mm,LV-ROUNDEVVS1-711511617
2111825,2.09,E,VVS1,Ideal,534,https://www.luvansh.com/product/2111825/igi-certified-2-09-e-vvs1-round-lab-created-diamond-r,https://api.igi.org/viewpdf.php?r=LG711503616,NONE,Excellent,Excellent,58.00%,61.50%,1,8.2 - 8.16 x 5.03 mm,LV-ROUNDEVVS1-711503616
2111866,2.09,E,VVS1,Ideal,534,https://www.luvansh.com/product/2111866/igi-certified-2-09-e-vvs1-round-lab-created-diamond-r,https://api.igi.org/viewpdf.php?r=LG711507835,NONE,Excellent,Excellent,58.00%,61.70%,1,8.19 - 8.16 x 5.05 mm,LV-ROUNDEVVS1-711507835
2111941,2.09,E,VVS1,Ideal,534,https://www.luvansh.com/product/2111941/igi-certified-2-09-e-vvs1-round-lab-created-diamond-r,https://api.igi.org/viewpdf.php?r=LG708563891,NONE,Excellent,Excellent,58.00%,61.40%,1,8.23 - 8.2 x 5.04 mm,LV-ROUNDEVVS1-708563891
2111220,2.09,E,VVS1,Ideal,534,https://www.luvansh.com/product/2111220/igi-certified-2-09-e-vvs1-round-lab-created-diamond-r,https://api.igi.org/viewpdf.php?r=LG689534715,NONE,Excellent,Excellent,58.00%,61.90%,1,8.18 - 8.14 x 5.05 mm,LV-ROUNDEVVS1-689534715
2111353,2.09,E,VVS1,Ideal,534,https://www.luvansh.com/product/2111353/igi-certified-2-09-e-vvs1-round-lab-created-diamond-r,https://api.igi.org/viewpdf.php?r=LG694580826,NONE,Excellent,Excellent,58.00%,62.20%,1.01,8.19 - 8.13 x 5.07 mm,LV-ROUNDEVVS1-694580826
2111440,2.09,E,VVS1,Ideal,534,https://www.luvansh.com/product/2111440/igi-certified-2-09-e-vvs1-round-lab-created-diamond-r,https://api.igi.org/viewpdf.php?r=LG698502105,NONE,Excellent,Excellent,57.00%,62.20%,1.01,8.2 - 8.13 x 5.08 mm,LV-ROUNDEVVS1-698502105
2111471,2.09,E,VVS1,Ideal,534,https://www.luvansh.com/product/2111471/igi-certified-2-09-e-vvs1-round-lab-created-diamond-r,https://api.igi.org/viewpdf.php?r=LG700549175,NONE,Excellent,Excellent,58.00%,61.70%,1,8.19 - 8.16 x 5.04 mm,LV-ROUNDEVVS1-700549175
2117647,2.09,E,VVS1,Ideal,534,https://www.luvansh.com/product/2117647/igi-certified-2-09-e-vvs1-round-lab-created-diamond-r,https://api.igi.org/viewpdf.php?r=LG754538135,NONE,Excellent,Excellent,58.00%,61.40%,1,8.23 - 8.2 x 5.04 mm,LV-ROUNDEVVS1-754538135
2112557,2.09,E,VVS1,Ideal,534,https://www.luvansh.com/product/2112557/igi-certified-2-09-e-vvs1-round-lab-created-diamond-r,https://api.igi.org/viewpdf.php?r=LG715552196,NONE,Excellent,Excellent,58.00%,61.50%,1,8.22 - 8.2 x 5.05 mm,LV-ROUNDEVVS1-715552196
2118056,2.09,E,VVS1,Ideal,534,https://www.luvansh.com/product/2118056/igi-certified-2-09-e-vvs1-round-lab-created-diamond-r,https://api.igi.org/viewpdf.php?r=LG752596428,NONE,Excellent,Excellent,58.00%,61.30%,1,8.25 - 8.22 x 5.04 mm,LV-ROUNDEVVS1-752596428
2118603,2.09,E,VVS1,Ideal,534,https://www.luvansh.com/product/2118603/igi-certified-2-09-e-vvs1-round-lab-created-diamond-r,https://api.igi.org/viewpdf.php?r=LG749534573,NONE,Excellent,Excellent,57.00%,62.00%,1,8.18 - 8.15 x 5.06 mm,LV-ROUNDEVVS1-749534573
2113317,2.08,E,VVS1,Ideal,530,https://www.luvansh.com/product/2113317/igi-certified-2-08-e-vvs1-round-lab-created-diamond-r,https://api.igi.org/viewpdf.php?r=LG728560405,NONE,Excellent,Excellent,58.00%,61.80%,1,8.18 - 8.16 x 5.05 mm,LV-ROUNDEVVS1-728560405
2114089,2.08,E,VVS1,Ideal,530,https://www.luvansh.com/product/2114089/igi-certified-2-08-e-vvs1-round-lab-created-diamond-r,https://api.igi.org/viewpdf.php?r=LG722580512,NONE,Excellent,Excellent,57.00%,61.40%,1,8.19 - 8.17 x 5.02 mm,LV-ROUNDEVVS1-722580512
2111549,2.08,E,VVS1,Ideal,530,https://www.luvansh.com/product/2111549/igi-certified-2-08-e-vvs1-round-lab-created-diamond-r,https://api.igi.org/viewpdf.php?r=LG700527493,NONE,Excellent,Excellent,57.00%,62.30%,1,8.16 - 8.14 x 5.08 mm,LV-ROUNDEVVS1-700527493
2111578,2.08,E,VVS1,Ideal,530,https://www.luvansh.com/product/2111578/igi-certified-2-08-e-vvs1-round-lab-created-diamond-r,https://api.igi.org/viewpdf.php?r=LG700566608,NONE,Excellent,Excellent,57.00%,62.00%,1,8.17 - 8.14 x 5.06 mm,LV-ROUNDEVVS1-700566608
2112438,2.08,E,VVS1,Ideal,530,https://www.luvansh.com/product/2112438/igi-certified-2-08-e-vvs1-round-lab-created-diamond-r,https://api.igi.org/viewpdf.php?r=LG711518785,NONE,Excellent,Excellent,57.00%,61.50%,1,8.23 - 8.19 x 5.05 mm,LV-ROUNDEVVS1-711518785
2238240,2.01,D,VVS2,Ideal,530,https://www.luvansh.com/product/2238240/igi-certified-2-01-d-vvs2-round-lab-created-diamond-r,https://api.igi.org/viewpdf.php?r=LG759503418,NONE,Excellent,Excellent,58.00%,61.90%,1,8.12 - 8.08 x 5.01 mm,LV-ROUNDDVVS2-759503418
2184633,2.14,D,VVS2,Ideal,530,https://www.luvansh.com/product/2184633/igi-certified-2-14-d-vvs2-round-lab-created-diamond-r,https://api.igi.org/viewpdf.php?r=LG749575108,NONE,Excellent,Excellent,56.00%,61.80%,1,8.27 - 8.31 x 5.12 mm,LV-ROUNDDVVS2-749575108
2138263,2.06,E,VVS1,Ideal,530,https://www.luvansh.com/product/2138263/igi-certified-2-06-e-vvs1-round-lab-created-diamond-r,https://api.igi.org/viewpdf.php?r=LG680569231,NONE,Excellent,Excellent,57.00%,62.20%,1,8.11 - 8.13 x 5.06 mm,LV-ROUNDEVVS1-LG680569231
2138170,2.06,E,VVS1,Ideal,530,https://www.luvansh.com/product/2138170/igi-certified-2-06-e-vvs1-round-lab-created-diamond-r,https://api.igi.org/viewpdf.php?r=LG668452331,NONE,Excellent,Excellent,57.00%,62.20%,1,8.13 - 8.16 x 5.05 mm,LV-ROUNDEVVS1-LG668452331
2161513,2.08,E,VVS1,Ideal,530,https://www.luvansh.com/product/2161513/igi-certified-2-08-e-vvs1-round-lab-created-diamond-r,https://api.igi.org/viewpdf.php?r=LG758509011,NONE,Excellent,Excellent,58.00%,61.90%,1,8.17 - 8.14 x 5.04 mm,LV-ROUNDEVVS1-758509011
2435498,2.09,E,VVS2,Ideal,530,https://www.luvansh.com/product/2435498/igi-certified-2-09-e-vvs2-round-lab-created-diamond-r,https://api.igi.org/viewpdf.php?r=LG766697073,NONE,Excellent,Excellent,58.00%,62.10%,1.01,8.2 - 8.12 x 5.08 mm,LV-ROUNDEVVS2-766697073
2436028,2.09,E,VVS2,Ideal,530,https://www.luvansh.com/product/2436028/igi-certified-2-09-e-vvs2-round-lab-created-diamond-r,https://api.igi.org/viewpdf.php?r=LG768607430,NONE,Excellent,Excellent,57.00%,62.20%,1,8.19 - 8.15 x 5.08 mm,LV-ROUNDEVVS2-768607430
2267751,2,E,VVS2,Ideal,530,https://www.luvansh.com/product/2267751/igi-certified-2-0-e-vvs2-round-lab-created-diamond-r,https://api.igi.org/viewpdf.php?r=LG762531384,NONE,Excellent,Excellent,55.00%,61.70%,1.01,8.14 - 8.09 x 5 mm,LV-ROUNDEVVS2-762531384
2260456,2,E,VVS2,Ideal,530,https://www.luvansh.com/product/2260456/igi-certified-2-0-e-vvs2-round-lab-created-diamond-r,https://api.igi.org/viewpdf.php?r=LG761569215,NONE,Excellent,Excellent,57.00%,62.20%,1.01,8.06 - 8.01 x 5 mm,LV-ROUNDEVVS2-761569215
2262901,2.01,E,VVS2,Ideal,530,https://www.luvansh.com/product/2262901/igi-certified-2-01-e-vvs2-round-lab-created-diamond-r,https://api.igi.org/viewpdf.php?r=LG762501932,NONE,Excellent,Excellent,58.00%,61.00%,1.01,8.16 - 8.11 x 4.96 mm,LV-ROUNDEVVS2-762501932
2262905,2,E,VVS2,Ideal,530,https://www.luvansh.com/product/2262905/igi-certified-2-0-e-vvs2-round-lab-created-diamond-r,https://api.igi.org/viewpdf.php?r=LG762512730,NONE,Excellent,Excellent,58.00%,61.90%,1,8.1 - 8.06 x 5.01 mm,LV-ROUNDEVVS2-762512730
2253234,2,E,VVS2,Ideal,530,https://www.luvansh.com/product/2253234/igi-certified-2-0-e-vvs2-round-lab-created-diamond-r,https://api.igi.org/viewpdf.php?r=LG760578308,NONE,Excellent,Excellent,57.00%,61.70%,1.01,8.13 - 8.07 x 5 mm,LV-ROUNDEVVS2-760578308
2282063,2,E,VVS2,Ideal,530,https://www.luvansh.com/product/2282063/igi-certified-2-0-e-vvs2-round-lab-created-diamond-r,https://api.igi.org/viewpdf.php?r=LG763672630,NONE,Excellent,Excellent,56.00%,62.30%,1.01,8.08 - 8.01 x 5.02 mm,LV-ROUNDEVVS2-763672630
2282065,2,E,VVS2,Ideal,530,https://www.luvansh.com/product/2282065/igi-certified-2-0-e-vvs2-round-lab-created-diamond-r,https://api.igi.org/viewpdf.php?r=LG763667898,NONE,Excellent,Excellent,57.00%,61.80%,1,8.08 - 8.04 x 4.98 mm,LV-ROUNDEVVS2-763667898
2270156,2.01,E,VVS2,Ideal,530,https://www.luvansh.com/product/2270156/igi-certified-2-01-e-vvs2-round-lab-created-diamond-r,https://api.igi.org/viewpdf.php?r=LG762552369,NONE,Excellent,Excellent,57.00%,62.10%,1.01,8.09 - 8.02 x 5 mm,LV-ROUNDEVVS2-762552369
2272536,2.01,E,VVS2,Ideal,530,https://www.luvansh.com/product/2272536/igi-certified-2-01-e-vvs2-round-lab-created-diamond-r,https://api.igi.org/viewpdf.php?r=LG762581334,NONE,Excellent,Excellent,58.00%,62.30%,1.01,8.04 - 7.99 x 5 mm,LV-ROUNDEVVS2-762581334
2279748,2,E,VVS2,Ideal,530,https://www.luvansh.com/product/2279748/igi-certified-2-0-e-vvs2-round-lab-created-diamond-r,https://api.igi.org/viewpdf.php?r=LG763657943,NONE,Excellent,Excellent,57.00%,61.50%,1,8.13 - 8.09 x 4.99 mm,LV-ROUNDEVVS2-763657943
2373435,2.08,E,VVS1,Ideal,530,https://www.luvansh.com/product/2373435/igi-certified-2-08-e-vvs1-round-lab-created-diamond-r,https://api.igi.org/viewpdf.php?r=LG763674493,NONE,Excellent,Excellent,57.00%,61.90%,1,8.18 - 8.14 x 5.05 mm,LV-ROUNDEVVS1-763674493
2376043,2.08,E,VVS1,Ideal,530,https://www.luvansh.com/product/2376043/igi-certified-2-08-e-vvs1-round-lab-created-diamond-r,https://api.igi.org/viewpdf.php?r=LG767609906,NONE,Excellent,Excellent,58.00%,62.00%,1,8.17 - 8.14 x 5.05 mm,LV-ROUNDEVVS1-767609906
2415838,2.11,D,VVS2,Ideal,530,https://www.luvansh.com/product/2415838/igi-certified-2-11-d-vvs2-round-lab-created-diamond-r,https://api.igi.org/viewpdf.php?r=LG761524136,NONE,Excellent,Excellent,56.00%,61.00%,1,8.25 - 8.21 x 5.02 mm,LV-ROUNDDVVS2-761524136
2113317,2.08,E,VVS1,Ideal,530,https://www.luvansh.com/product/2113317/igi-certified-2-08-e-vvs1-round-lab-created-diamond-r,https://api.igi.org/viewpdf.php?r=LG728560405,NONE,Excellent,Excellent,58.00%,61.80%,1,8.18 - 8.16 x 5.05 mm,LV-ROUNDEVVS1-728560405
2114089,2.08,E,VVS1,Ideal,530,https://www.luvansh.com/product/2114089/igi-certified-2-08-e-vvs1-round-lab-created-diamond-r,https://api.igi.org/viewpdf.php?r=LG722580512,NONE,Excellent,Excellent,57.00%,61.40%,1,8.19 - 8.17 x 5.02 mm,LV-ROUNDEVVS1-722580512
2111549,2.08,E,VVS1,Ideal,530,https://www.luvansh.com/product/2111549/igi-certified-2-08-e-vvs1-round-lab-created-diamond-r,https://api.igi.org/viewpdf.php?r=LG700527493,NONE,Excellent,Excellent,57.00%,62.30%,1,8.16 - 8.14 x 5.08 mm,LV-ROUNDEVVS1-700527493
2111578,2.08,E,VVS1,Ideal,530,https://www.luvansh.com/product/2111578/igi-certified-2-08-e-vvs1-round-lab-created-diamond-r,https://api.igi.org/viewpdf.php?r=LG700566608,NONE,Excellent,Excellent,57.00%,62.00%,1,8.17 - 8.14 x 5.06 mm,LV-ROUNDEVVS1-700566608
2112438,2.08,E,VVS1,Ideal,530,https://www.luvansh.com/product/2112438/igi-certified-2-08-e-vvs1-round-lab-created-diamond-r,https://api.igi.org/viewpdf.php?r=LG711518785,NONE,Excellent,Excellent,57.00%,61.50%,1,8.23 - 8.19 x 5.05 mm,LV-ROUNDEVVS1-711518785
2238240,2.01,D,VVS2,Ideal,530,https://www.luvansh.com/product/2238240/igi-certified-2-01-d-vvs2-round-lab-created-diamond-r,https://api.igi.org/viewpdf.php?r=LG759503418,NONE,Excellent,Excellent,58.00%,61.90%,1,8.12 - 8.08 x 5.01 mm,LV-ROUNDDVVS2-759503418
2184633,2.14,D,VVS2,Ideal,530,https://www.luvansh.com/product/2184633/igi-certified-2-14-d-vvs2-round-lab-created-diamond-r,https://api.igi.org/viewpdf.php?r=LG749575108,NONE,Excellent,Excellent,56.00%,61.80%,1,8.27 - 8.31 x 5.12 mm,LV-ROUNDDVVS2-749575108
2138263,2.06,E,VVS1,Ideal,530,https://www.luvansh.com/product/2138263/igi-certified-2-06-e-vvs1-round-lab-created-diamond-r,https://api.igi.org/viewpdf.php?r=LG680569231,NONE,Excellent,Excellent,57.00%,62.20%,1,8.11 - 8.13 x 5.06 mm,LV-ROUNDEVVS1-LG680569231
2138170,2.06,E,VVS1,Ideal,530,https://www.luvansh.com/product/2138170/igi-certified-2-06-e-vvs1-round-lab-created-diamond-r,https://api.igi.org/viewpdf.php?r=LG668452331,NONE,Excellent,Excellent,57.00%,62.20%,1,8.13 - 8.16 x 5.05 mm,LV-ROUNDEVVS1-LG668452331
2161513,2.08,E,VVS1,Ideal,530,https://www.luvansh.com/product/2161513/igi-certified-2-08-e-vvs1-round-lab-created-diamond-r,https://api.igi.org/viewpdf.php?r=LG758509011,NONE,Excellent,Excellent,58.00%,61.90%,1,8.17 - 8.14 x 5.04 mm,LV-ROUNDEVVS1-758509011
2435498,2.09,E,VVS2,Ideal,530,https://www.luvansh.com/product/2435498/igi-certified-2-09-e-vvs2-round-lab-created-diamond-r,https://api.igi.org/viewpdf.php?r=LG766697073,NONE,Excellent,Excellent,58.00%,62.10%,1.01,8.2 - 8.12 x 5.08 mm,LV-ROUNDEVVS2-766697073
2436028,2.09,E,VVS2,Ideal,530,https://www.luvansh.com/product/2436028/igi-certified-2-09-e-vvs2-round-lab-created-diamond-r,https://api.igi.org/viewpdf.php?r=LG768607430,NONE,Excellent,Excellent,57.00%,62.20%,1,8.19 - 8.15 x 5.08 mm,LV-ROUNDEVVS2-768607430
2267751,2,E,VVS2,Ideal,530,https://www.luvansh.com/product/2267751/igi-certified-2-0-e-vvs2-round-lab-created-diamond-r,https://api.igi.org/viewpdf.php?r=LG762531384,NONE,Excellent,Excellent,55.00%,61.70%,1.01,8.14 - 8.09 x 5 mm,LV-ROUNDEVVS2-762531384
2260456,2,E,VVS2,Ideal,530,https://www.luvansh.com/product/2260456/igi-certified-2-0-e-vvs2-round-lab-created-diamond-r,https://api.igi.org/viewpdf.php?r=LG761569215,NONE,Excellent,Excellent,57.00%,62.20%,1.01,8.06 - 8.01 x 5 mm,LV-ROUNDEVVS2-761569215
2262901,2.01,E,VVS2,Ideal,530,https://www.luvansh.com/product/2262901/igi-certified-2-01-e-vvs2-round-lab-created-diamond-r,https://api.igi.org/viewpdf.php?r=LG762501932,NONE,Excellent,Excellent,58.00%,61.00%,1.01,8.16 - 8.11 x 4.96 mm,LV-ROUNDEVVS2-762501932
2262905,2,E,VVS2,Ideal,530,https://www.luvansh.com/product/2262905/igi-certified-2-0-e-vvs2-round-lab-created-diamond-r,https://api.igi.org/viewpdf.php?r=LG762512730,NONE,Excellent,Excellent,58.00%,61.90%,1,8.1 - 8.06 x 5.01 mm,LV-ROUNDEVVS2-762512730
2253234,2,E,VVS2,Ideal,530,https://www.luvansh.com/product/2253234/igi-certified-2-0-e-vvs2-round-lab-created-diamond-r,https://api.igi.org/viewpdf.php?r=LG760578308,NONE,Excellent,Excellent,57.00%,61.70%,1.01,8.13 - 8.07 x 5 mm,LV-ROUNDEVVS2-760578308
2282063,2,E,VVS2,Ideal,530,https://www.luvansh.com/product/2282063/igi-certified-2-0-e-vvs2-round-lab-created-diamond-r,https://api.igi.org/viewpdf.php?r=LG763672630,NONE,Excellent,Excellent,56.00%,62.30%,1.01,8.08 - 8.01 x 5.02 mm,LV-ROUNDEVVS2-763672630
2282065,2,E,VVS2,Ideal,530,https://www.luvansh.com/product/2282065/igi-certified-2-0-e-vvs2-round-lab-created-diamond-r,https://api.igi.org/viewpdf.php?r=LG763667898,NONE,Excellent,Excellent,57.00%,61.80%,1,8.08 - 8.04 x 4.98 mm,LV-ROUNDEVVS2-763667898
2270156,2.01,E,VVS2,Ideal,530,https://www.luvansh.com/product/2270156/igi-certified-2-01-e-vvs2-round-lab-created-diamond-r,https://api.igi.org/viewpdf.php?r=LG762552369,NONE,Excellent,Excellent,57.00%,62.10%,1.01,8.09 - 8.02 x 5 mm,LV-ROUNDEVVS2-762552369
2272536,2.01,E,VVS2,Ideal,530,https://www.luvansh.com/product/2272536/igi-certified-2-01-e-vvs2-round-lab-created-diamond-r,https://api.igi.org/viewpdf.php?r=LG762581334,NONE,Excellent,Excellent,58.00%,62.30%,1.01,8.04 - 7.99 x 5 mm,LV-ROUNDEVVS2-762581334
2279748,2,E,VVS2,Ideal,530,https://www.luvansh.com/product/2279748/igi-certified-2-0-e-vvs2-round-lab-created-diamond-r,https://api.igi.org/viewpdf.php?r=LG763657943,NONE,Excellent,Excellent,57.00%,61.50%,1,8.13 - 8.09 x 4.99 mm,LV-ROUNDEVVS2-763657943
2373435,2.08,E,VVS1,Ideal,530,https://www.luvansh.com/product/2373435/igi-certified-2-08-e-vvs1-round-lab-created-diamond-r,https://api.igi.org/viewpdf.php?r=LG763674493,NONE,Excellent,Excellent,57.00%,61.90%,1,8.18 - 8.14 x 5.05 mm,LV-ROUNDEVVS1-763674493
2376043,2.08,E,VVS1,Ideal,530,https://www.luvansh.com/product/2376043/igi-certified-2-08-e-vvs1-round-lab-created-diamond-r,https://api.igi.org/viewpdf.php?r=LG767609906,NONE,Excellent,Excellent,58.00%,62.00%,1,8.17 - 8.14 x 5.05 mm,LV-ROUNDEVVS1-767609906
2415838,2.11,D,VVS2,Ideal,530,https://www.luvansh.com/product/2415838/igi-certified-2-11-d-vvs2-round-lab-created-diamond-r,https://api.igi.org/viewpdf.php?r=LG761524136,NONE,Excellent,Excellent,56.00%,61.00%,1,8.25 - 8.21 x 5.02 mm,LV-ROUNDDVVS2-761524136
2398934,2.05,F,VVS2,Ideal,524,https://www.luvansh.com/product/2398934/igi-certified-2-05-f-vvs2-round-lab-created-diamond-r,https://api.igi.org/viewpdf.php?r=LG766666865,NONE,Excellent,Excellent,58.00%,61.70%,1,8.12 - 8.16 x 5.02 mm,LV-ROUNDFVVS2-LG766666865
2452411,2.03,D,VVS2,Ideal,524,https://www.luvansh.com/product/2452411/igi-certified-2-03-d-vvs2-round-lab-created-diamond-r,https://api.igi.org/viewpdf.php?r=LG769641012,NONE,Excellent,Excellent,58.00%,62.20%,1,8.07 - 8.11 x 5.04 mm,LV-ROUNDDVVS2-769641012
2451766,2.03,D,VVS2,Ideal,524,https://www.luvansh.com/product/2451766/igi-certified-2-03-d-vvs2-round-lab-created-diamond-r,https://api.igi.org/viewpdf.php?r=LG769641752,NONE,Excellent,Excellent,58.00%,61.50%,1,8.06 - 8.1 x 4.97 mm,LV-ROUNDDVVS2-769641752
2451322,2.03,D,VVS2,Ideal,524,https://www.luvansh.com/product/2451322/igi-certified-2-03-d-vvs2-round-lab-created-diamond-r,https://api.igi.org/viewpdf.php?r=LG759504190,NONE,Excellent,Excellent,57.00%,61.90%,1,8.07 - 8.1 x 5 mm,LV-ROUNDDVVS2-759504190
2137758,2.04,E,VVS1,Ideal,524,https://www.luvansh.com/product/2137758/igi-certified-2-04-e-vvs1-round-lab-created-diamond-r,https://api.igi.org/viewpdf.php?r=LG685519297,NONE,Excellent,Excellent,55.00%,61.80%,1,8.17 - 8.14 x 5.04 mm,LV-ROUNDEVVS1-685519297
2138272,2.03,E,VVS1,Ideal,524,https://www.luvansh.com/product/2138272/igi-certified-2-03-e-vvs1-round-lab-created-diamond-r,https://api.igi.org/viewpdf.php?r=LG666421388,NONE,Excellent,Excellent,57.00%,62.10%,1,8.1 - 8.14 x 5.04 mm,LV-ROUNDEVVS1-LG666421388
2138259,2.04,E,VVS1,Ideal,524,https://www.luvansh.com/product/2138259/igi-certified-2-04-e-vvs1-round-lab-created-diamond-r,https://api.igi.org/viewpdf.php?r=LG680569135,NONE,Excellent,Excellent,58.00%,62.20%,1,8.09 - 8.11 x 5.03 mm,LV-ROUNDEVVS1-LG680569135
2138262,2.03,E,VVS1,Ideal,524,https://www.luvansh.com/product/2138262/igi-certified-2-03-e-vvs1-round-lab-created-diamond-r,https://api.igi.org/viewpdf.php?r=LG680569150,NONE,Excellent,Excellent,56.00%,62.30%,1,8.05 - 8.09 x 5.03 mm,LV-ROUNDEVVS1-LG680569150
2112387,2.07,E,VVS1,Ideal,524,https://www.luvansh.com/product/2112387/igi-certified-2-07-e-vvs1-round-lab-created-diamond-r,https://api.igi.org/viewpdf.php?r=LG696571709,NONE,Excellent,Excellent,58.00%,62.20%,1,8.15 - 8.11 x 5.06 mm,LV-ROUNDEVVS1-696571709
2111587,2.07,E,VVS1,Ideal,524,https://www.luvansh.com/product/2111587/igi-certified-2-07-e-vvs1-round-lab-created-diamond-r,https://api.igi.org/viewpdf.php?r=LG711519312,NONE,Excellent,Excellent,58.00%,62.20%,1,8.15 - 8.12 x 5.06 mm,LV-ROUNDEVVS1-711519312
2111162,2.06,E,VVS1,Ideal,524,https://www.luvansh.com/product/2111162/igi-certified-2-06-e-vvs1-round-lab-created-diamond-r,https://api.igi.org/viewpdf.php?r=LG685586322,NONE,Excellent,Excellent,58.00%,61.90%,1,8.17 - 8.13 x 5.05 mm,LV-ROUNDEVVS1-685586322
2112674,2.07,E,VVS1,Ideal,524,https://www.luvansh.com/product/2112674/igi-certified-2-07-e-vvs1-round-lab-created-diamond-r,https://api.igi.org/viewpdf.php?r=LG722580521,NONE,Excellent,Excellent,58.00%,61.40%,1,8.16 - 8.14 x 5 mm,LV-ROUNDEVVS1-722580521
2112998,2.06,E,VVS1,Ideal,524,https://www.luvansh.com/product/2112998/igi-certified-2-06-e-vvs1-round-lab-created-diamond-r,https://api.igi.org/viewpdf.php?r=LG724579782,NONE,Excellent,Excellent,58.00%,61.70%,1,8.17 - 8.14 x 5.03 mm,LV-ROUNDEVVS1-724579782
1931636,2.28,D,VVS2,Ideal,524,https://www.luvansh.com/product/1931636/igi-certified-2-28-d-vvs2-round-lab-created-diamond-r,https://api.igi.org/viewpdf.php?r=LG749533648,NONE,Excellent,Excellent,57.00%,61.90%,1,8.39 - 8.43 x 5.2 mm,LV-ROUNDDVVS2-749533648
1931809,2.07,E,VVS1,Ideal,524,https://www.luvansh.com/product/1931809/igi-certified-2-07-e-vvs1-round-lab-created-diamond-r,https://api.igi.org/viewpdf.php?r=LG749533619,NONE,Excellent,Excellent,58.00%,61.30%,1,8.15 - 8.19 x 5.01 mm,LV-ROUNDEVVS1-749533619
2398934,2.05,F,VVS2,Ideal,524,https://www.luvansh.com/product/2398934/igi-certified-2-05-f-vvs2-round-lab-created-diamond-r,https://api.igi.org/viewpdf.php?r=LG766666865,NONE,Excellent,Excellent,58.00%,61.70%,1,8.12 - 8.16 x 5.02 mm,LV-ROUNDFVVS2-LG766666865
2452411,2.03,D,VVS2,Ideal,524,https://www.luvansh.com/product/2452411/igi-certified-2-03-d-vvs2-round-lab-created-diamond-r,https://api.igi.org/viewpdf.php?r=LG769641012,NONE,Excellent,Excellent,58.00%,62.20%,1,8.07 - 8.11 x 5.04 mm,LV-ROUNDDVVS2-769641012
2451766,2.03,D,VVS2,Ideal,524,https://www.luvansh.com/product/2451766/igi-certified-2-03-d-vvs2-round-lab-created-diamond-r,https://api.igi.org/viewpdf.php?r=LG769641752,NONE,Excellent,Excellent,58.00%,61.50%,1,8.06 - 8.1 x 4.97 mm,LV-ROUNDDVVS2-769641752
2451322,2.03,D,VVS2,Ideal,524,https://www.luvansh.com/product/2451322/igi-certified-2-03-d-vvs2-round-lab-created-diamond-r,https://api.igi.org/viewpdf.php?r=LG759504190,NONE,Excellent,Excellent,57.00%,61.90%,1,8.07 - 8.1 x 5 mm,LV-ROUNDDVVS2-759504190
2137758,2.04,E,VVS1,Ideal,524,https://www.luvansh.com/product/2137758/igi-certified-2-04-e-vvs1-round-lab-created-diamond-r,https://api.igi.org/viewpdf.php?r=LG685519297,NONE,Excellent,Excellent,55.00%,61.80%,1,8.17 - 8.14 x 5.04 mm,LV-ROUNDEVVS1-685519297
2138272,2.03,E,VVS1,Ideal,524,https://www.luvansh.com/product/2138272/igi-certified-2-03-e-vvs1-round-lab-created-diamond-r,https://api.igi.org/viewpdf.php?r=LG666421388,NONE,Excellent,Excellent,57.00%,62.10%,1,8.1 - 8.14 x 5.04 mm,LV-ROUNDEVVS1-LG666421388
2138259,2.04,E,VVS1,Ideal,524,https://www.luvansh.com/product/2138259/igi-certified-2-04-e-vvs1-round-lab-created-diamond-r,https://api.igi.org/viewpdf.php?r=LG680569135,NONE,Excellent,Excellent,58.00%,62.20%,1,8.09 - 8.11 x 5.03 mm,LV-ROUNDEVVS1-LG680569135
2138262,2.03,E,VVS1,Ideal,524,https://www.luvansh.com/product/2138262/igi-certified-2-03-e-vvs1-round-lab-created-diamond-r,https://api.igi.org/viewpdf.php?r=LG680569150,NONE,Excellent,Excellent,56.00%,62.30%,1,8.05 - 8.09 x 5.03 mm,LV-ROUNDEVVS1-LG680569150
2112387,2.07,E,VVS1,Ideal,524,https://www.luvansh.com/product/2112387/igi-certified-2-07-e-vvs1-round-lab-created-diamond-r,https://api.igi.org/viewpdf.php?r=LG696571709,NONE,Excellent,Excellent,58.00%,62.20%,1,8.15 - 8.11 x 5.06 mm,LV-ROUNDEVVS1-696571709
2111587,2.07,E,VVS1,Ideal,524,https://www.luvansh.com/product/2111587/igi-certified-2-07-e-vvs1-round-lab-created-diamond-r,https://api.igi.org/viewpdf.php?r=LG711519312,NONE,Excellent,Excellent,58.00%,62.20%,1,8.15 - 8.12 x 5.06 mm,LV-ROUNDEVVS1-711519312
2111162,2.06,E,VVS1,Ideal,524,https://www.luvansh.com/product/2111162/igi-certified-2-06-e-vvs1-round-lab-created-diamond-r,https://api.igi.org/viewpdf.php?r=LG685586322,NONE,Excellent,Excellent,58.00%,61.90%,1,8.17 - 8.13 x 5.05 mm,LV-ROUNDEVVS1-685586322
2112674,2.07,E,VVS1,Ideal,524,https://www.luvansh.com/product/2112674/igi-certified-2-07-e-vvs1-round-lab-created-diamond-r,https://api.igi.org/viewpdf.php?r=LG722580521,NONE,Excellent,Excellent,58.00%,61.40%,1,8.16 - 8.14 x 5 mm,LV-ROUNDEVVS1-722580521
2112998,2.06,E,VVS1,Ideal,524,https://www.luvansh.com/product/2112998/igi-certified-2-06-e-vvs1-round-lab-created-diamond-r,https://api.igi.org/viewpdf.php?r=LG724579782,NONE,Excellent,Excellent,58.00%,61.70%,1,8.17 - 8.14 x 5.03 mm,LV-ROUNDEVVS1-724579782
1931636,2.28,D,VVS2,Ideal,524,https://www.luvansh.com/product/1931636/igi-certified-2-28-d-vvs2-round-lab-created-diamond-r,https://api.igi.org/viewpdf.php?r=LG749533648,NONE,Excellent,Excellent,57.00%,61.90%,1,8.39 - 8.43 x 5.2 mm,LV-ROUNDDVVS2-749533648
1931809,2.07,E,VVS1,Ideal,524,https://www.luvansh.com/product/1931809/igi-certified-2-07-e-vvs1-round-lab-created-diamond-r,https://api.igi.org/viewpdf.php?r=LG749533619,NONE,Excellent,Excellent,58.00%,61.30%,1,8.15 - 8.19 x 5.01 mm,LV-ROUNDEVVS1-749533619
1931579,2.04,E,VVS1,Ideal,520,https://www.luvansh.com/product/1931579/igi-certified-2-04-e-vvs1-round-lab-created-diamond-r,https://api.igi.org/viewpdf.php?r=LG749533595,NONE,Excellent,Excellent,58.00%,62.10%,1,8.1 - 8.14 x 5.05 mm,LV-ROUNDEVVS1-749533595
1825380,2.05,E,VVS1,Ideal,520,https://www.luvansh.com/product/1825380/igi-certified-2-05-e-vvs1-round-lab-created-diamond-r,https://api.igi.org/viewpdf.php?r=LG745508067,NONE,Excellent,Excellent,58.00%,61.90%,1,8.12 - 8.15 x 5.04 mm,LV-ROUNDEVVS1-745508067
2138264,2.02,F,VVS1,Ideal,520,https://www.luvansh.com/product/2138264/igi-certified-2-02-f-vvs1-round-lab-created-diamond-r,https://api.igi.org/viewpdf.php?r=LG680569236,NONE,Excellent,Excellent,57.00%,61.20%,1,8.14 - 8.17 x 4.98 mm,LV-ROUNDFVVS1-LG680569236
2137756,2.02,E,VVS1,Ideal,520,https://www.luvansh.com/product/2137756/igi-certified-2-02-e-vvs1-round-lab-created-diamond-r,https://api.igi.org/viewpdf.php?r=LG666421927,NONE,Excellent,Excellent,54.00%,62.00%,1.01,8.15 - 8.08 x 5.03 mm,LV-ROUNDEVVS1-666421927
1450065,2.04,E,VVS1,Ideal,520,https://www.luvansh.com/product/1450065/igi-certified-2-04-e-vvs1-round-lab-created-diamond-r,https://api.igi.org/viewpdf.php?r=LG729508389,NONE,Excellent,Excellent,56.00%,61.80%,1,8.15 - 8.19 x 5.05 mm,LV-ROUNDEVVS1-729508389
1352102,2.1,D,VVS2,Ideal,520,https://www.luvansh.com/product/1352102/igi-certified-2-1-d-vvs2-round-lab-created-diamond-r,https://api.igi.org/viewpdf.php?r=LG660415366,NONE,Excellent,Excellent,58.00%,61.90%,1,8.18 - 8.22 x 5.07 mm,LV-ROUNDDVVS2-660415366
2439012,2.05,E,VVS2,Ideal,520,https://www.luvansh.com/product/2439012/igi-certified-2-05-e-vvs2-round-lab-created-diamond-r,https://api.igi.org/viewpdf.php?r=LG764695367,NONE,Excellent,Excellent,57.00%,62.20%,1,8.13 - 8.09 x 5.05 mm,LV-ROUNDEVVS2-764695367
2438941,2.05,E,VVS2,Ideal,520,https://www.luvansh.com/product/2438941/igi-certified-2-05-e-vvs2-round-lab-created-diamond-r,https://api.igi.org/viewpdf.php?r=LG764617605,NONE,Excellent,Excellent,56.00%,61.80%,1,8.14 - 8.1 x 5.02 mm,LV-ROUNDEVVS2-764617605
2442886,2.1,D,VVS2,Ideal,520,https://www.luvansh.com/product/2442886/igi-certified-2-1-d-vvs2-round-lab-created-diamond-r,https://api.igi.org/viewpdf.php?r=LG762519124,NONE,Excellent,Excellent,58.00%,61.70%,1,8.17 - 8.21 x 5.06 mm,LV-ROUNDDVVS2-762519124
2305139,2.04,E,VVS1,Ideal,520,https://www.luvansh.com/product/2305139/igi-certified-2-04-e-vvs1-round-lab-created-diamond-r,https://api.igi.org/viewpdf.php?r=LG752583288,NONE,Excellent,Excellent,58.00%,62.10%,1,8.11 - 8.13 x 5.04 mm,LV-ROUNDEVVS1-752583288
2369574,2.02,D,VVS2,Ideal,520,https://www.luvansh.com/product/2369574/igi-certified-2-02-d-vvs2-round-lab-created-diamond-r,https://api.igi.org/viewpdf.php?r=LG762538895,NONE,Excellent,Excellent,58.00%,61.40%,1,8.1 - 8.13 x 4.98 mm,LV-ROUNDDVVS2-762538895
2418962,2.16,E,VVS1,Ideal,520,https://www.luvansh.com/product/2418962/igi-certified-2-16-e-vvs1-round-lab-created-diamond-r,https://api.igi.org/viewpdf.php?r=LG728523279,NONE,Excellent,Excellent,55.00%,62.10%,1.01,8.32 - 8.25 x 5.15 mm,LV-ROUNDEVVS1-728523279
1931579,2.04,E,VVS1,Ideal,520,https://www.luvansh.com/product/1931579/igi-certified-2-04-e-vvs1-round-lab-created-diamond-r,https://api.igi.org/viewpdf.php?r=LG749533595,NONE,Excellent,Excellent,58.00%,62.10%,1,8.1 - 8.14 x 5.05 mm,LV-ROUNDEVVS1-749533595
1825380,2.05,E,VVS1,Ideal,520,https://www.luvansh.com/product/1825380/igi-certified-2-05-e-vvs1-round-lab-created-diamond-r,https://api.igi.org/viewpdf.php?r=LG745508067,NONE,Excellent,Excellent,58.00%,61.90%,1,8.12 - 8.15 x 5.04 mm,LV-ROUNDEVVS1-745508067
2138264,2.02,F,VVS1,Ideal,520,https://www.luvansh.com/product/2138264/igi-certified-2-02-f-vvs1-round-lab-created-diamond-r,https://api.igi.org/viewpdf.php?r=LG680569236,NONE,Excellent,Excellent,57.00%,61.20%,1,8.14 - 8.17 x 4.98 mm,LV-ROUNDFVVS1-LG680569236
2137756,2.02,E,VVS1,Ideal,520,https://www.luvansh.com/product/2137756/igi-certified-2-02-e-vvs1-round-lab-created-diamond-r,https://api.igi.org/viewpdf.php?r=LG666421927,NONE,Excellent,Excellent,54.00%,62.00%,1.01,8.15 - 8.08 x 5.03 mm,LV-ROUNDEVVS1-666421927
1450065,2.04,E,VVS1,Ideal,520,https://www.luvansh.com/product/1450065/igi-certified-2-04-e-vvs1-round-lab-created-diamond-r,https://api.igi.org/viewpdf.php?r=LG729508389,NONE,Excellent,Excellent,56.00%,61.80%,1,8.15 - 8.19 x 5.05 mm,LV-ROUNDEVVS1-729508389
1352102,2.1,D,VVS2,Ideal,520,https://www.luvansh.com/product/1352102/igi-certified-2-1-d-vvs2-round-lab-created-diamond-r,https://api.igi.org/viewpdf.php?r=LG660415366,NONE,Excellent,Excellent,58.00%,61.90%,1,8.18 - 8.22 x 5.07 mm,LV-ROUNDDVVS2-660415366
2439012,2.05,E,VVS2,Ideal,520,https://www.luvansh.com/product/2439012/igi-certified-2-05-e-vvs2-round-lab-created-diamond-r,https://api.igi.org/viewpdf.php?r=LG764695367,NONE,Excellent,Excellent,57.00%,62.20%,1,8.13 - 8.09 x 5.05 mm,LV-ROUNDEVVS2-764695367
2438941,2.05,E,VVS2,Ideal,520,https://www.luvansh.com/product/2438941/igi-certified-2-05-e-vvs2-round-lab-created-diamond-r,https://api.igi.org/viewpdf.php?r=LG764617605,NONE,Excellent,Excellent,56.00%,61.80%,1,8.14 - 8.1 x 5.02 mm,LV-ROUNDEVVS2-764617605
2442886,2.1,D,VVS2,Ideal,520,https://www.luvansh.com/product/2442886/igi-certified-2-1-d-vvs2-round-lab-created-diamond-r,https://api.igi.org/viewpdf.php?r=LG762519124,NONE,Excellent,Excellent,58.00%,61.70%,1,8.17 - 8.21 x 5.06 mm,LV-ROUNDDVVS2-762519124
2305139,2.04,E,VVS1,Ideal,520,https://www.luvansh.com/product/2305139/igi-certified-2-04-e-vvs1-round-lab-created-diamond-r,https://api.igi.org/viewpdf.php?r=LG752583288,NONE,Excellent,Excellent,58.00%,62.10%,1,8.11 - 8.13 x 5.04 mm,LV-ROUNDEVVS1-752583288
2369574,2.02,D,VVS2,Ideal,520,https://www.luvansh.com/product/2369574/igi-certified-2-02-d-vvs2-round-lab-created-diamond-r,https://api.igi.org/viewpdf.php?r=LG762538895,NONE,Excellent,Excellent,58.00%,61.40%,1,8.1 - 8.13 x 4.98 mm,LV-ROUNDDVVS2-762538895
2418962,2.16,E,VVS1,Ideal,520,https://www.luvansh.com/product/2418962/igi-certified-2-16-e-vvs1-round-lab-created-diamond-r,https://api.igi.org/viewpdf.php?r=LG728523279,NONE,Excellent,Excellent,55.00%,62.10%,1.01,8.32 - 8.25 x 5.15 mm,LV-ROUNDEVVS1-728523279
2411081,2,D,VVS2,Ideal,514,https://www.luvansh.com/product/2411081/igi-certified-2-0-d-vvs2-round-lab-created-diamond-r,https://api.igi.org/viewpdf.php?r=LG759504381,NONE,Excellent,Excellent,57.00%,61.30%,1,8.04 - 8.08 x 4.94 mm,LV-ROUNDDVVS2-759504381
2384340,2,E,VVS1,Ideal,514,https://www.luvansh.com/product/2384340/igi-certified-2-0-e-vvs1-round-lab-created-diamond-r,https://api.igi.org/viewpdf.php?r=LG750532475,NONE,Excellent,Excellent,58.00%,61.10%,1,8.14 - 8.13 x 4.97 mm,LV-ROUNDEVVS1-750532475
2369277,2,D,VVS2,Ideal,514,https://www.luvansh.com/product/2369277/igi-certified-2-0-d-vvs2-round-lab-created-diamond-r,https://api.igi.org/viewpdf.php?r=LG759504659,NONE,Excellent,Excellent,58.00%,61.80%,1,8.03 - 8.07 x 4.97 mm,LV-ROUNDDVVS2-759504659
2450397,2.03,E,VVS1,Ideal,514,https://www.luvansh.com/product/2450397/igi-certified-2-03-e-vvs1-round-lab-created-diamond-r,https://api.igi.org/viewpdf.php?r=LG758512531,NONE,Excellent,Excellent,57.00%,62.20%,1,8.05 - 8.08 x 5.01 mm,LV-ROUNDEVVS1-758512531
2452346,2,D,VVS2,Ideal,514,https://www.luvansh.com/product/2452346/igi-certified-2-0-d-vvs2-round-lab-created-diamond-r,https://api.igi.org/viewpdf.php?r=LG769623871,NONE,Excellent,Excellent,57.00%,61.90%,1,8.05 - 8.09 x 4.99 mm,LV-ROUNDDVVS2-769623871
2438953,2.04,E,VVS2,Ideal,514,https://www.luvansh.com/product/2438953/igi-certified-2-04-e-vvs2-round-lab-created-diamond-r,https://api.igi.org/viewpdf.php?r=LG764617607,NONE,Excellent,Excellent,58.00%,62.10%,1.01,8.12 - 8.07 x 5.03 mm,LV-ROUNDEVVS2-764617607
2439030,2.04,E,VVS2,Ideal,514,https://www.luvansh.com/product/2439030/igi-certified-2-04-e-vvs2-round-lab-created-diamond-r,https://api.igi.org/viewpdf.php?r=LG764695379,NONE,Excellent,Excellent,56.00%,61.70%,1.01,8.17 - 8.12 x 5.03 mm,LV-ROUNDEVVS2-764695379
2439031,2.04,E,VVS2,Ideal,514,https://www.luvansh.com/product/2439031/igi-certified-2-04-e-vvs2-round-lab-created-diamond-r,https://api.igi.org/viewpdf.php?r=LG764695326,NONE,Excellent,Excellent,57.00%,61.70%,1,8.16 - 8.12 x 5.03 mm,LV-ROUNDEVVS2-764695326
2439013,2.03,E,VVS2,Ideal,514,https://www.luvansh.com/product/2439013/igi-certified-2-03-e-vvs2-round-lab-created-diamond-r,https://api.igi.org/viewpdf.php?r=LG764617618,NONE,Excellent,Excellent,57.00%,62.30%,1.01,8.11 - 8.05 x 5.03 mm,LV-ROUNDEVVS2-764617618
2439036,2.03,E,VVS2,Ideal,514,https://www.luvansh.com/product/2439036/igi-certified-2-03-e-vvs2-round-lab-created-diamond-r,https://api.igi.org/viewpdf.php?r=LG764617590,NONE,Excellent,Excellent,56.00%,61.50%,1,8.17 - 8.13 x 5.01 mm,LV-ROUNDEVVS2-764617590
2438739,2.03,E,VVS2,Ideal,514,https://www.luvansh.com/product/2438739/igi-certified-2-03-e-vvs2-round-lab-created-diamond-r,https://api.igi.org/viewpdf.php?r=LG764616059,NONE,Excellent,Excellent,57.00%,61.00%,1.01,8.17 - 8.12 x 4.97 mm,LV-ROUNDEVVS2-764616059
2212350,2.05,F,VVS2,Ideal,514,https://www.luvansh.com/product/2212350/igi-certified-2-05-f-vvs2-round-lab-created-diamond-r,https://api.igi.org/viewpdf.php?r=LG754516213,NONE,Excellent,Excellent,56.00%,61.10%,1,8.17 - 8.2 x 5 mm,LV-ROUNDFVVS2-754516213
1851717,2.02,E,VVS1,Ideal,514,https://www.luvansh.com/product/1851717/igi-certified-2-02-e-vvs1-round-lab-created-diamond-r,https://api.igi.org/viewpdf.php?r=LG713566285,NONE,Excellent,Excellent,58.00%,62.30%,1,8.06 - 8.08 x 62.3 mm,LV-ROUNDEVVS1-713566285
1941194,2.08,D,VVS2,Ideal,514,https://www.luvansh.com/product/1941194/igi-certified-2-08-d-vvs2-round-lab-created-diamond-r,https://api.igi.org/viewpdf.php?r=LG749569013,NONE,Excellent,Excellent,57.00%,62.10%,1,8.150 - 8.190 x 62.1 mm,LV-ROUNDDVVS2-749569013
2411081,2,D,VVS2,Ideal,514,https://www.luvansh.com/product/2411081/igi-certified-2-0-d-vvs2-round-lab-created-diamond-r,https://api.igi.org/viewpdf.php?r=LG759504381,NONE,Excellent,Excellent,57.00%,61.30%,1,8.04 - 8.08 x 4.94 mm,LV-ROUNDDVVS2-759504381
2384340,2,E,VVS1,Ideal,514,https://www.luvansh.com/product/2384340/igi-certified-2-0-e-vvs1-round-lab-created-diamond-r,https://api.igi.org/viewpdf.php?r=LG750532475,NONE,Excellent,Excellent,58.00%,61.10%,1,8.14 - 8.13 x 4.97 mm,LV-ROUNDEVVS1-750532475
2369277,2,D,VVS2,Ideal,514,https://www.luvansh.com/product/2369277/igi-certified-2-0-d-vvs2-round-lab-created-diamond-r,https://api.igi.org/viewpdf.php?r=LG759504659,NONE,Excellent,Excellent,58.00%,61.80%,1,8.03 - 8.07 x 4.97 mm,LV-ROUNDDVVS2-759504659
2450397,2.03,E,VVS1,Ideal,514,https://www.luvansh.com/product/2450397/igi-certified-2-03-e-vvs1-round-lab-created-diamond-r,https://api.igi.org/viewpdf.php?r=LG758512531,NONE,Excellent,Excellent,57.00%,62.20%,1,8.05 - 8.08 x 5.01 mm,LV-ROUNDEVVS1-758512531
2452346,2,D,VVS2,Ideal,514,https://www.luvansh.com/product/2452346/igi-certified-2-0-d-vvs2-round-lab-created-diamond-r,https://api.igi.org/viewpdf.php?r=LG769623871,NONE,Excellent,Excellent,57.00%,61.90%,1,8.05 - 8.09 x 4.99 mm,LV-ROUNDDVVS2-769623871
2438953,2.04,E,VVS2,Ideal,514,https://www.luvansh.com/product/2438953/igi-certified-2-04-e-vvs2-round-lab-created-diamond-r,https://api.igi.org/viewpdf.php?r=LG764617607,NONE,Excellent,Excellent,58.00%,62.10%,1.01,8.12 - 8.07 x 5.03 mm,LV-ROUNDEVVS2-764617607
2439030,2.04,E,VVS2,Ideal,514,https://www.luvansh.com/product/2439030/igi-certified-2-04-e-vvs2-round-lab-created-diamond-r,https://api.igi.org/viewpdf.php?r=LG764695379,NONE,Excellent,Excellent,56.00%,61.70%,1.01,8.17 - 8.12 x 5.03 mm,LV-ROUNDEVVS2-764695379
2439031,2.04,E,VVS2,Ideal,514,https://www.luvansh.com/product/2439031/igi-certified-2-04-e-vvs2-round-lab-created-diamond-r,https://api.igi.org/viewpdf.php?r=LG764695326,NONE,Excellent,Excellent,57.00%,61.70%,1,8.16 - 8.12 x 5.03 mm,LV-ROUNDEVVS2-764695326
2439013,2.03,E,VVS2,Ideal,514,https://www.luvansh.com/product/2439013/igi-certified-2-03-e-vvs2-round-lab-created-diamond-r,https://api.igi.org/viewpdf.php?r=LG764617618,NONE,Excellent,Excellent,57.00%,62.30%,1.01,8.11 - 8.05 x 5.03 mm,LV-ROUNDEVVS2-764617618
2439036,2.03,E,VVS2,Ideal,514,https://www.luvansh.com/product/2439036/igi-certified-2-03-e-vvs2-round-lab-created-diamond-r,https://api.igi.org/viewpdf.php?r=LG764617590,NONE,Excellent,Excellent,56.00%,61.50%,1,8.17 - 8.13 x 5.01 mm,LV-ROUNDEVVS2-764617590
2438739,2.03,E,VVS2,Ideal,514,https://www.luvansh.com/product/2438739/igi-certified-2-03-e-vvs2-round-lab-created-diamond-r,https://api.igi.org/viewpdf.php?r=LG764616059,NONE,Excellent,Excellent,57.00%,61.00%,1.01,8.17 - 8.12 x 4.97 mm,LV-ROUNDEVVS2-764616059
2212350,2.05,F,VVS2,Ideal,514,https://www.luvansh.com/product/2212350/igi-certified-2-05-f-vvs2-round-lab-created-diamond-r,https://api.igi.org/viewpdf.php?r=LG754516213,NONE,Excellent,Excellent,56.00%,61.10%,1,8.17 - 8.2 x 5 mm,LV-ROUNDFVVS2-754516213
1851717,2.02,E,VVS1,Ideal,514,https://www.luvansh.com/product/1851717/igi-certified-2-02-e-vvs1-round-lab-created-diamond-r,https://api.igi.org/viewpdf.php?r=LG713566285,NONE,Excellent,Excellent,58.00%,62.30%,1,8.06 - 8.08 x 62.3 mm,LV-ROUNDEVVS1-713566285
1941194,2.08,D,VVS2,Ideal,514,https://www.luvansh.com/product/1941194/igi-certified-2-08-d-vvs2-round-lab-created-diamond-r,https://api.igi.org/viewpdf.php?r=LG749569013,NONE,Excellent,Excellent,57.00%,62.10%,1,8.150 - 8.190 x 62.1 mm,LV-ROUNDDVVS2-749569013
1853119,2.05,D,VVS2,Ideal,510,https://www.luvansh.com/product/1853119/igi-certified-2-05-d-vvs2-round-lab-created-diamond-r,https://api.igi.org/viewpdf.php?r=LG749568556,NONE,Excellent,Excellent,57.00%,62.00%,1,8.120 - 8.140 x 62 mm,LV-ROUNDDVVS2-749568556
2183979,2.03,F,VVS2,Ideal,510,https://www.luvansh.com/product/2183979/igi-certified-2-03-f-vvs2-round-lab-created-diamond-r,https://api.igi.org/viewpdf.php?r=LG698540339,NONE,Excellent,Excellent,58.00%,61.60%,1,8.11 - 8.13 x 5 mm,LV-ROUNDFVVS2-698540339
2438177,2.09,E,VVS2,Ideal,510,https://www.luvansh.com/product/2438177/igi-certified-2-09-e-vvs2-round-lab-created-diamond-r,https://api.igi.org/viewpdf.php?r=LG761524090,NONE,Excellent,Excellent,57.00%,61.10%,1,8.27 - 8.23 x 5.04 mm,LV-ROUNDEVVS2-761524090
2438830,2.01,E,VVS2,Ideal,510,https://www.luvansh.com/product/2438830/igi-certified-2-01-e-vvs2-round-lab-created-diamond-r,https://api.igi.org/viewpdf.php?r=LG764616038,NONE,Excellent,Excellent,58.00%,61.90%,1,8.1 - 8.06 x 5.00 mm,LV-ROUNDEVVS2-764616038
2439054,2.02,E,VVS2,Ideal,510,https://www.luvansh.com/product/2439054/igi-certified-2-02-e-vvs2-round-lab-created-diamond-r,https://api.igi.org/viewpdf.php?r=LG764695388,NONE,Excellent,Excellent,57.00%,61.70%,1.01,8.14 - 8.09 x 5.00 mm,LV-ROUNDEVVS2-764695388
2438996,2.01,E,VVS2,Ideal,510,https://www.luvansh.com/product/2438996/igi-certified-2-01-e-vvs2-round-lab-created-diamond-r,https://api.igi.org/viewpdf.php?r=LG764695377,NONE,Excellent,Excellent,58.00%,61.60%,1,8.11 - 8.07 x 4.98 mm,LV-ROUNDEVVS2-764695377
2442823,2.06,D,VVS2,Ideal,510,https://www.luvansh.com/product/2442823/igi-certified-2-06-d-vvs2-round-lab-created-diamond-r,https://api.igi.org/viewpdf.php?r=LG762519069,NONE,Excellent,Excellent,57.00%,62.30%,1,8.09 - 8.13 x 5.06 mm,LV-ROUNDDVVS2-762519069
2378917,2.23,D,VVS2,Ideal,510,https://www.luvansh.com/product/2378917/igi-certified-2-23-d-vvs2-round-lab-created-diamond-r,https://api.igi.org/viewpdf.php?r=LG766628121,NONE,Excellent,Excellent,58.00%,61.40%,1,8.4 - 8.43 x 5.17 mm,LV-ROUNDDVVS2-LG766628121
2412915,2.06,D,VVS2,Ideal,510,https://www.luvansh.com/product/2412915/igi-certified-2-06-d-vvs2-round-lab-created-diamond-r,https://api.igi.org/viewpdf.php?r=LG756580154,NONE,Excellent,Excellent,57.00%,62.10%,1,8.08 - 8.11 x 5.03 mm,LV-ROUNDDVVS2-756580154
2402280,2.06,D,VVS2,Ideal,510,https://www.luvansh.com/product/2402280/igi-certified-2-06-d-vvs2-round-lab-created-diamond-r,https://api.igi.org/viewpdf.php?r=LG763649255,NONE,Excellent,Excellent,58.00%,61.70%,1,8.14 - 8.18 x 5.03 mm,LV-ROUNDDVVS2-763649255
1853119,2.05,D,VVS2,Ideal,510,https://www.luvansh.com/product/1853119/igi-certified-2-05-d-vvs2-round-lab-created-diamond-r,https://api.igi.org/viewpdf.php?r=LG749568556,NONE,Excellent,Excellent,57.00%,62.00%,1,8.120 - 8.140 x 62 mm,LV-ROUNDDVVS2-749568556
2183979,2.03,F,VVS2,Ideal,510,https://www.luvansh.com/product/2183979/igi-certified-2-03-f-vvs2-round-lab-created-diamond-r,https://api.igi.org/viewpdf.php?r=LG698540339,NONE,Excellent,Excellent,58.00%,61.60%,1,8.11 - 8.13 x 5 mm,LV-ROUNDFVVS2-698540339
2438177,2.09,E,VVS2,Ideal,510,https://www.luvansh.com/product/2438177/igi-certified-2-09-e-vvs2-round-lab-created-diamond-r,https://api.igi.org/viewpdf.php?r=LG761524090,NONE,Excellent,Excellent,57.00%,61.10%,1,8.27 - 8.23 x 5.04 mm,LV-ROUNDEVVS2-761524090
2438830,2.01,E,VVS2,Ideal,510,https://www.luvansh.com/product/2438830/igi-certified-2-01-e-vvs2-round-lab-created-diamond-r,https://api.igi.org/viewpdf.php?r=LG764616038,NONE,Excellent,Excellent,58.00%,61.90%,1,8.1 - 8.06 x 5.00 mm,LV-ROUNDEVVS2-764616038
2439054,2.02,E,VVS2,Ideal,510,https://www.luvansh.com/product/2439054/igi-certified-2-02-e-vvs2-round-lab-created-diamond-r,https://api.igi.org/viewpdf.php?r=LG764695388,NONE,Excellent,Excellent,57.00%,61.70%,1.01,8.14 - 8.09 x 5.00 mm,LV-ROUNDEVVS2-764695388
2438996,2.01,E,VVS2,Ideal,510,https://www.luvansh.com/product/2438996/igi-certified-2-01-e-vvs2-round-lab-created-diamond-r,https://api.igi.org/viewpdf.php?r=LG764695377,NONE,Excellent,Excellent,58.00%,61.60%,1,8.11 - 8.07 x 4.98 mm,LV-ROUNDEVVS2-764695377
2442823,2.06,D,VVS2,Ideal,510,https://www.luvansh.com/product/2442823/igi-certified-2-06-d-vvs2-round-lab-created-diamond-r,https://api.igi.org/viewpdf.php?r=LG762519069,NONE,Excellent,Excellent,57.00%,62.30%,1,8.09 - 8.13 x 5.06 mm,LV-ROUNDDVVS2-762519069
2378917,2.23,D,VVS2,Ideal,510,https://www.luvansh.com/product/2378917/igi-certified-2-23-d-vvs2-round-lab-created-diamond-r,https://api.igi.org/viewpdf.php?r=LG766628121,NONE,Excellent,Excellent,58.00%,61.40%,1,8.4 - 8.43 x 5.17 mm,LV-ROUNDDVVS2-LG766628121
2412915,2.06,D,VVS2,Ideal,510,https://www.luvansh.com/product/2412915/igi-certified-2-06-d-vvs2-round-lab-created-diamond-r,https://api.igi.org/viewpdf.php?r=LG756580154,NONE,Excellent,Excellent,57.00%,62.10%,1,8.08 - 8.11 x 5.03 mm,LV-ROUNDDVVS2-756580154
2402280,2.06,D,VVS2,Ideal,510,https://www.luvansh.com/product/2402280/igi-certified-2-06-d-vvs2-round-lab-created-diamond-r,https://api.igi.org/viewpdf.php?r=LG763649255,NONE,Excellent,Excellent,58.00%,61.70%,1,8.14 - 8.18 x 5.03 mm,LV-ROUNDDVVS2-763649255
2416275,2.03,E,VVS2,Ideal,504,https://www.luvansh.com/product/2416275/igi-certified-2-03-e-vvs2-round-lab-created-diamond-r,https://api.igi.org/viewpdf.php?r=LG764615228,NONE,Excellent,Excellent,57.00%,61.50%,1,8.1 - 8.07 x 4.97 mm,LV-ROUNDEVVS2-764615228
2416338,2.03,E,VVS2,Ideal,504,https://www.luvansh.com/product/2416338/igi-certified-2-03-e-vvs2-round-lab-created-diamond-r,https://api.igi.org/viewpdf.php?r=LG765601142,NONE,Excellent,Excellent,57.00%,62.10%,1,8.1 - 8.06 x 5.03 mm,LV-ROUNDEVVS2-765601142
2366727,2.03,E,VVS2,Ideal,504,https://www.luvansh.com/product/2366727/igi-certified-2-03-e-vvs2-round-lab-created-diamond-r,https://api.igi.org/viewpdf.php?r=LG758555024,NONE,Excellent,Excellent,57.00%,61.40%,1.01,8.14 - 8.09 x 4.99 mm,LV-ROUNDEVVS2-758555024
2367342,2.04,E,VVS2,Ideal,504,https://www.luvansh.com/product/2367342/igi-certified-2-04-e-vvs2-round-lab-created-diamond-r,https://api.igi.org/viewpdf.php?r=LG762566487,NONE,Excellent,Excellent,58.00%,61.40%,1.01,8.17 - 8.1 x 4.99 mm,LV-ROUNDEVVS2-762566487
2367384,2.04,E,VVS2,Ideal,504,https://www.luvansh.com/product/2367384/igi-certified-2-04-e-vvs2-round-lab-created-diamond-r,https://api.igi.org/viewpdf.php?r=LG762566491,NONE,Excellent,Excellent,56.00%,61.80%,1,8.16 - 8.13 x 5.03 mm,LV-ROUNDEVVS2-762566491
2384337,2.01,E,VVS2,Ideal,504,https://www.luvansh.com/product/2384337/igi-certified-2-01-e-vvs2-round-lab-created-diamond-r,https://api.igi.org/viewpdf.php?r=LG750532459,NONE,Excellent,Excellent,58.00%,61.90%,1.01,8.09 - 8.03 x 4.99 mm,LV-ROUNDEVVS2-750532459
2353293,2.04,E,VVS2,Ideal,504,https://www.luvansh.com/product/2353293/igi-certified-2-04-e-vvs2-round-lab-created-diamond-r,https://api.igi.org/viewpdf.php?r=LG758555157,NONE,Excellent,Excellent,58.00%,61.20%,1,8.14 - 8.1 x 4.97 mm,LV-ROUNDEVVS2-758555157
2305977,2.04,E,VVS1,Ideal,504,https://www.luvansh.com/product/2305977/igi-certified-2-04-e-vvs1-round-lab-created-diamond-r,https://api.igi.org/viewpdf.php?r=LG742520360,NONE,Excellent,Excellent,56.00%,61.70%,1,8.15 - 8.17 x 5.04 mm,LV-ROUNDEVVS1-LG742520360
2434292,2.05,D,VVS2,Ideal,504,https://www.luvansh.com/product/2434292/igi-certified-2-05-d-vvs2-round-lab-created-diamond-r,https://api.igi.org/viewpdf.php?r=LG772609454,NONE,Excellent,Excellent,57.00%,61.90%,1,8.09 - 8.13 x 5.02 mm,LV-ROUNDDVVS2-772609454
2434301,2.04,D,VVS2,Ideal,504,https://www.luvansh.com/product/2434301/igi-certified-2-04-d-vvs2-round-lab-created-diamond-r,https://api.igi.org/viewpdf.php?r=LG772609778,NONE,Excellent,Excellent,58.00%,62.10%,1,8.10 - 8.12 x 5.04 mm,LV-ROUNDDVVS2-772609778
2450941,2.03,D,VVS2,Ideal,504,https://www.luvansh.com/product/2450941/igi-certified-2-03-d-vvs2-round-lab-created-diamond-r,https://api.igi.org/viewpdf.php?r=LG758512534,NONE,Excellent,Excellent,57.00%,61.90%,1,8.11 - 8.14 x 5.03 mm,LV-ROUNDDVVS2-758512534
2450622,2.03,D,VVS2,Ideal,504,https://www.luvansh.com/product/2450622/igi-certified-2-03-d-vvs2-round-lab-created-diamond-r,https://api.igi.org/viewpdf.php?r=LG758512543,NONE,Excellent,Excellent,58.00%,62.20%,1,8.04 - 8.07 x 5.01 mm,LV-ROUNDDVVS2-758512543
2450514,2.04,D,VVS2,Ideal,504,https://www.luvansh.com/product/2450514/igi-certified-2-04-d-vvs2-round-lab-created-diamond-r,https://api.igi.org/viewpdf.php?r=LG756564030,NONE,Excellent,Excellent,58.00%,61.70%,1,8.09 - 8.13 x 5.01 mm,LV-ROUNDDVVS2-756564030
2450559,2.03,D,VVS2,Ideal,504,https://www.luvansh.com/product/2450559/igi-certified-2-03-d-vvs2-round-lab-created-diamond-r,https://api.igi.org/viewpdf.php?r=LG758512536,NONE,Excellent,Excellent,58.00%,61.20%,1,8.12 - 8.15 x 4.98 mm,LV-ROUNDDVVS2-758512536
2442883,2.05,D,VVS2,Ideal,504,https://www.luvansh.com/product/2442883/igi-certified-2-05-d-vvs2-round-lab-created-diamond-r,https://api.igi.org/viewpdf.php?r=LG762519120,NONE,Excellent,Excellent,57.00%,62.20%,1,8.12 - 8.15 x 5.06 mm,LV-ROUNDDVVS2-762519120
2439062,2,E,VVS2,Ideal,504,https://www.luvansh.com/product/2439062/igi-certified-2-0-e-vvs2-round-lab-created-diamond-r,https://api.igi.org/viewpdf.php?r=LG764695545,NONE,Excellent,Excellent,56.00%,61.30%,1.01,8.12 - 8.07 x 4.96 mm,LV-ROUNDEVVS2-764695545
2438875,2.1,E,VVS2,Ideal,504,https://www.luvansh.com/product/2438875/igi-certified-2-1-e-vvs2-round-lab-created-diamond-r,https://api.igi.org/viewpdf.php?r=LG764616465,NONE,Excellent,Excellent,58.00%,61.50%,1,8.2 - 8.18 x 5.04 mm,LV-ROUNDEVVS2-764616465
2438929,2.09,E,VVS2,Ideal,504,https://www.luvansh.com/product/2438929/igi-certified-2-09-e-vvs2-round-lab-created-diamond-r,https://api.igi.org/viewpdf.php?r=LG764616391,NONE,Excellent,Excellent,56.00%,61.50%,1,8.22 - 8.19 x 5.05 mm,LV-ROUNDEVVS2-764616391
2438906,2.09,E,VVS2,Ideal,504,https://www.luvansh.com/product/2438906/igi-certified-2-09-e-vvs2-round-lab-created-diamond-r,https://api.igi.org/viewpdf.php?r=LG764617602,NONE,Excellent,Excellent,55.00%,62.00%,1,8.19 - 8.15 x 5.06 mm,LV-ROUNDEVVS2-764617602
2438934,2.05,F,VVS2,Ideal,504,https://www.luvansh.com/product/2438934/igi-certified-2-05-f-vvs2-round-lab-created-diamond-r,https://api.igi.org/viewpdf.php?r=LG764617007,NONE,Excellent,Excellent,56.00%,62.10%,1.01,8.14 - 8.09 x 5.04 mm,LV-ROUNDFVVS2-764617007
2439048,2,E,VVS2,Ideal,504,https://www.luvansh.com/product/2439048/igi-certified-2-0-e-vvs2-round-lab-created-diamond-r,https://api.igi.org/viewpdf.php?r=LG764695532,NONE,Excellent,Excellent,55.00%,62.20%,1,8.06 - 8.02 x 5.01 mm,LV-ROUNDEVVS2-764695532
2439071,2.1,E,VVS2,Ideal,504,https://www.luvansh.com/product/2439071/igi-certified-2-1-e-vvs2-round-lab-created-diamond-r,https://api.igi.org/viewpdf.php?r=LG764695394,NONE,Excellent,Excellent,57.00%,61.70%,1,8.21 - 8.18 x 5.05 mm,LV-ROUNDEVVS2-764695394
2439079,2.1,E,VVS2,Ideal,504,https://www.luvansh.com/product/2439079/igi-certified-2-1-e-vvs2-round-lab-created-diamond-r,https://api.igi.org/viewpdf.php?r=LG764695541,NONE,Excellent,Excellent,58.00%,61.80%,1.01,8.22 - 8.16 x 5.07 mm,LV-ROUNDEVVS2-764695541
2439080,2.09,E,VVS2,Ideal,504,https://www.luvansh.com/product/2439080/igi-certified-2-09-e-vvs2-round-lab-created-diamond-r,https://api.igi.org/viewpdf.php?r=LG764695546,NONE,Excellent,Excellent,57.00%,62.10%,1,8.16 - 8.13 x 5.06 mm,LV-ROUNDEVVS2-764695546
2438220,2.08,E,VVS2,Ideal,504,https://www.luvansh.com/product/2438220/igi-certified-2-08-e-vvs2-round-lab-created-diamond-r,https://api.igi.org/viewpdf.php?r=LG761524108,NONE,Excellent,Excellent,57.00%,61.70%,1.01,8.19 - 8.14 x 5.04 mm,LV-ROUNDEVVS2-761524108
1352098,2.03,D,VVS2,Ideal,504,https://www.luvansh.com/product/1352098/igi-certified-2-03-d-vvs2-round-lab-created-diamond-r,https://api.igi.org/viewpdf.php?r=LG660415344,NONE,Excellent,Excellent,58.00%,61.20%,1,8.13 - 8.16 x 4.99 mm,LV-ROUNDDVVS2-660415344
1353035,2.03,E,VVS1,Ideal,504,https://www.luvansh.com/product/1353035/igi-certified-2-03-e-vvs1-round-lab-created-diamond-r,https://api.igi.org/viewpdf.php?r=LG677521305,NONE,Excellent,Excellent,56.00%,62.00%,1,8.07 - 8.11 x 5.02 mm,LV-ROUNDEVVS1-677521305
1355496,2.03,E,VVS1,Ideal,504,https://www.luvansh.com/product/1355496/igi-certified-2-03-e-vvs1-round-lab-created-diamond-r,https://api.igi.org/viewpdf.php?r=LG720508117,NONE,Excellent,Excellent,55.00%,62.00%,1,8.11 - 8.14 x 5.04 mm,LV-ROUNDEVVS1-720508117
2240131,1.99,E,VVS2,Ideal,504,https://www.luvansh.com/product/2240131/igi-certified-1-99-e-vvs2-round-lab-created-diamond-r,https://api.igi.org/viewpdf.php?r=LG759515845,NONE,Excellent,Excellent,56.00%,61.90%,1,8.08 - 8.05 x 4.99 mm,LV-ROUNDEVVS2-759515845
2200565,1.93,D,VVS2,Ideal,504,https://www.luvansh.com/product/2200565/igi-certified-1-93-d-vvs2-round-lab-created-diamond-r,https://api.igi.org/viewpdf.php?r=LG754515828,NONE,Excellent,Excellent,58.00%,62.10%,1,7.93 - 7.95 x 4.93 mm,LV-ROUNDDVVS2-754515828
1764431,2.04,D,VVS2,Ideal,504,https://www.luvansh.com/product/1764431/igi-certified-2-04-d-vvs2-round-lab-created-diamond-r,https://api.igi.org/viewpdf.php?r=LG692560112,NONE,Excellent,Excellent,57.00%,61.30%,1,8.16 - 8.2 x 5.01 mm,LV-ROUNDDVVS2-692560112
2416275,2.03,E,VVS2,Ideal,504,https://www.luvansh.com/product/2416275/igi-certified-2-03-e-vvs2-round-lab-created-diamond-r,https://api.igi.org/viewpdf.php?r=LG764615228,NONE,Excellent,Excellent,57.00%,61.50%,1,8.1 - 8.07 x 4.97 mm,LV-ROUNDEVVS2-764615228
2416338,2.03,E,VVS2,Ideal,504,https://www.luvansh.com/product/2416338/igi-certified-2-03-e-vvs2-round-lab-created-diamond-r,https://api.igi.org/viewpdf.php?r=LG765601142,NONE,Excellent,Excellent,57.00%,62.10%,1,8.1 - 8.06 x 5.03 mm,LV-ROUNDEVVS2-765601142
2366727,2.03,E,VVS2,Ideal,504,https://www.luvansh.com/product/2366727/igi-certified-2-03-e-vvs2-round-lab-created-diamond-r,https://api.igi.org/viewpdf.php?r=LG758555024,NONE,Excellent,Excellent,57.00%,61.40%,1.01,8.14 - 8.09 x 4.99 mm,LV-ROUNDEVVS2-758555024
2367342,2.04,E,VVS2,Ideal,504,https://www.luvansh.com/product/2367342/igi-certified-2-04-e-vvs2-round-lab-created-diamond-r,https://api.igi.org/viewpdf.php?r=LG762566487,NONE,Excellent,Excellent,58.00%,61.40%,1.01,8.17 - 8.1 x 4.99 mm,LV-ROUNDEVVS2-762566487
2367384,2.04,E,VVS2,Ideal,504,https://www.luvansh.com/product/2367384/igi-certified-2-04-e-vvs2-round-lab-created-diamond-r,https://api.igi.org/viewpdf.php?r=LG762566491,NONE,Excellent,Excellent,56.00%,61.80%,1,8.16 - 8.13 x 5.03 mm,LV-ROUNDEVVS2-762566491
2384337,2.01,E,VVS2,Ideal,504,https://www.luvansh.com/product/2384337/igi-certified-2-01-e-vvs2-round-lab-created-diamond-r,https://api.igi.org/viewpdf.php?r=LG750532459,NONE,Excellent,Excellent,58.00%,61.90%,1.01,8.09 - 8.03 x 4.99 mm,LV-ROUNDEVVS2-750532459
2353293,2.04,E,VVS2,Ideal,504,https://www.luvansh.com/product/2353293/igi-certified-2-04-e-vvs2-round-lab-created-diamond-r,https://api.igi.org/viewpdf.php?r=LG758555157,NONE,Excellent,Excellent,58.00%,61.20%,1,8.14 - 8.1 x 4.97 mm,LV-ROUNDEVVS2-758555157
2305977,2.04,E,VVS1,Ideal,504,https://www.luvansh.com/product/2305977/igi-certified-2-04-e-vvs1-round-lab-created-diamond-r,https://api.igi.org/viewpdf.php?r=LG742520360,NONE,Excellent,Excellent,56.00%,61.70%,1,8.15 - 8.17 x 5.04 mm,LV-ROUNDEVVS1-LG742520360
2434292,2.05,D,VVS2,Ideal,504,https://www.luvansh.com/product/2434292/igi-certified-2-05-d-vvs2-round-lab-created-diamond-r,https://api.igi.org/viewpdf.php?r=LG772609454,NONE,Excellent,Excellent,57.00%,61.90%,1,8.09 - 8.13 x 5.02 mm,LV-ROUNDDVVS2-772609454
2434301,2.04,D,VVS2,Ideal,504,https://www.luvansh.com/product/2434301/igi-certified-2-04-d-vvs2-round-lab-created-diamond-r,https://api.igi.org/viewpdf.php?r=LG772609778,NONE,Excellent,Excellent,58.00%,62.10%,1,8.10 - 8.12 x 5.04 mm,LV-ROUNDDVVS2-772609778
2450941,2.03,D,VVS2,Ideal,504,https://www.luvansh.com/product/2450941/igi-certified-2-03-d-vvs2-round-lab-created-diamond-r,https://api.igi.org/viewpdf.php?r=LG758512534,NONE,Excellent,Excellent,57.00%,61.90%,1,8.11 - 8.14 x 5.03 mm,LV-ROUNDDVVS2-758512534
2450622,2.03,D,VVS2,Ideal,504,https://www.luvansh.com/product/2450622/igi-certified-2-03-d-vvs2-round-lab-created-diamond-r,https://api.igi.org/viewpdf.php?r=LG758512543,NONE,Excellent,Excellent,58.00%,62.20%,1,8.04 - 8.07 x 5.01 mm,LV-ROUNDDVVS2-758512543
2450514,2.04,D,VVS2,Ideal,504,https://www.luvansh.com/product/2450514/igi-certified-2-04-d-vvs2-round-lab-created-diamond-r,https://api.igi.org/viewpdf.php?r=LG756564030,NONE,Excellent,Excellent,58.00%,61.70%,1,8.09 - 8.13 x 5.01 mm,LV-ROUNDDVVS2-756564030
2450559,2.03,D,VVS2,Ideal,504,https://www.luvansh.com/product/2450559/igi-certified-2-03-d-vvs2-round-lab-created-diamond-r,https://api.igi.org/viewpdf.php?r=LG758512536,NONE,Excellent,Excellent,58.00%,61.20%,1,8.12 - 8.15 x 4.98 mm,LV-ROUNDDVVS2-758512536
2442883,2.05,D,VVS2,Ideal,504,https://www.luvansh.com/product/2442883/igi-certified-2-05-d-vvs2-round-lab-created-diamond-r,https://api.igi.org/viewpdf.php?r=LG762519120,NONE,Excellent,Excellent,57.00%,62.20%,1,8.12 - 8.15 x 5.06 mm,LV-ROUNDDVVS2-762519120
2439062,2,E,VVS2,Ideal,504,https://www.luvansh.com/product/2439062/igi-certified-2-0-e-vvs2-round-lab-created-diamond-r,https://api.igi.org/viewpdf.php?r=LG764695545,NONE,Excellent,Excellent,56.00%,61.30%,1.01,8.12 - 8.07 x 4.96 mm,LV-ROUNDEVVS2-764695545
2438875,2.1,E,VVS2,Ideal,504,https://www.luvansh.com/product/2438875/igi-certified-2-1-e-vvs2-round-lab-created-diamond-r,https://api.igi.org/viewpdf.php?r=LG764616465,NONE,Excellent,Excellent,58.00%,61.50%,1,8.2 - 8.18 x 5.04 mm,LV-ROUNDEVVS2-764616465
2438929,2.09,E,VVS2,Ideal,504,https://www.luvansh.com/product/2438929/igi-certified-2-09-e-vvs2-round-lab-created-diamond-r,https://api.igi.org/viewpdf.php?r=LG764616391,NONE,Excellent,Excellent,56.00%,61.50%,1,8.22 - 8.19 x 5.05 mm,LV-ROUNDEVVS2-764616391
2438906,2.09,E,VVS2,Ideal,504,https://www.luvansh.com/product/2438906/igi-certified-2-09-e-vvs2-round-lab-created-diamond-r,https://api.igi.org/viewpdf.php?r=LG764617602,NONE,Excellent,Excellent,55.00%,62.00%,1,8.19 - 8.15 x 5.06 mm,LV-ROUNDEVVS2-764617602
2438934,2.05,F,VVS2,Ideal,504,https://www.luvansh.com/product/2438934/igi-certified-2-05-f-vvs2-round-lab-created-diamond-r,https://api.igi.org/viewpdf.php?r=LG764617007,NONE,Excellent,Excellent,56.00%,62.10%,1.01,8.14 - 8.09 x 5.04 mm,LV-ROUNDFVVS2-764617007
2439048,2,E,VVS2,Ideal,504,https://www.luvansh.com/product/2439048/igi-certified-2-0-e-vvs2-round-lab-created-diamond-r,https://api.igi.org/viewpdf.php?r=LG764695532,NONE,Excellent,Excellent,55.00%,62.20%,1,8.06 - 8.02 x 5.01 mm,LV-ROUNDEVVS2-764695532
2439071,2.1,E,VVS2,Ideal,504,https://www.luvansh.com/product/2439071/igi-certified-2-1-e-vvs2-round-lab-created-diamond-r,https://api.igi.org/viewpdf.php?r=LG764695394,NONE,Excellent,Excellent,57.00%,61.70%,1,8.21 - 8.18 x 5.05 mm,LV-ROUNDEVVS2-764695394
2439079,2.1,E,VVS2,Ideal,504,https://www.luvansh.com/product/2439079/igi-certified-2-1-e-vvs2-round-lab-created-diamond-r,https://api.igi.org/viewpdf.php?r=LG764695541,NONE,Excellent,Excellent,58.00%,61.80%,1.01,8.22 - 8.16 x 5.07 mm,LV-ROUNDEVVS2-764695541
2439080,2.09,E,VVS2,Ideal,504,https://www.luvansh.com/product/2439080/igi-certified-2-09-e-vvs2-round-lab-created-diamond-r,https://api.igi.org/viewpdf.php?r=LG764695546,NONE,Excellent,Excellent,57.00%,62.10%,1,8.16 - 8.13 x 5.06 mm,LV-ROUNDEVVS2-764695546
2438220,2.08,E,VVS2,Ideal,504,https://www.luvansh.com/product/2438220/igi-certified-2-08-e-vvs2-round-lab-created-diamond-r,https://api.igi.org/viewpdf.php?r=LG761524108,NONE,Excellent,Excellent,57.00%,61.70%,1.01,8.19 - 8.14 x 5.04 mm,LV-ROUNDEVVS2-761524108
1352098,2.03,D,VVS2,Ideal,504,https://www.luvansh.com/product/1352098/igi-certified-2-03-d-vvs2-round-lab-created-diamond-r,https://api.igi.org/viewpdf.php?r=LG660415344,NONE,Excellent,Excellent,58.00%,61.20%,1,8.13 - 8.16 x 4.99 mm,LV-ROUNDDVVS2-660415344
1353035,2.03,E,VVS1,Ideal,504,https://www.luvansh.com/product/1353035/igi-certified-2-03-e-vvs1-round-lab-created-diamond-r,https://api.igi.org/viewpdf.php?r=LG677521305,NONE,Excellent,Excellent,56.00%,62.00%,1,8.07 - 8.11 x 5.02 mm,LV-ROUNDEVVS1-677521305
1355496,2.03,E,VVS1,Ideal,504,https://www.luvansh.com/product/1355496/igi-certified-2-03-e-vvs1-round-lab-created-diamond-r,https://api.igi.org/viewpdf.php?r=LG720508117,NONE,Excellent,Excellent,55.00%,62.00%,1,8.11 - 8.14 x 5.04 mm,LV-ROUNDEVVS1-720508117
2240131,1.99,E,VVS2,Ideal,504,https://www.luvansh.com/product/2240131/igi-certified-1-99-e-vvs2-round-lab-created-diamond-r,https://api.igi.org/viewpdf.php?r=LG759515845,NONE,Excellent,Excellent,56.00%,61.90%,1,8.08 - 8.05 x 4.99 mm,LV-ROUNDEVVS2-759515845
2200565,1.93,D,VVS2,Ideal,504,https://www.luvansh.com/product/2200565/igi-certified-1-93-d-vvs2-round-lab-created-diamond-r,https://api.igi.org/viewpdf.php?r=LG754515828,NONE,Excellent,Excellent,58.00%,62.10%,1,7.93 - 7.95 x 4.93 mm,LV-ROUNDDVVS2-754515828
1764431,2.04,D,VVS2,Ideal,504,https://www.luvansh.com/product/1764431/igi-certified-2-04-d-vvs2-round-lab-created-diamond-r,https://api.igi.org/viewpdf.php?r=LG692560112,NONE,Excellent,Excellent,57.00%,61.30%,1,8.16 - 8.2 x 5.01 mm,LV-ROUNDDVVS2-692560112
1851524,2.09,F,VVS1,Ideal,500,https://www.luvansh.com/product/1851524/igi-certified-2-09-f-vvs1-round-lab-created-diamond-r,https://api.igi.org/viewpdf.php?r=LG704590628,NONE,Excellent,Excellent,58.00%,61.40%,1,8.15 - 8.19 x 61.4 mm,LV-ROUNDFVVS1-704590628
2053411,1.98,E,VVS2,Ideal,500,https://www.luvansh.com/product/2053411/igi-certified-1-98-e-vvs2-round-lab-created-diamond-r,https://api.igi.org/viewpdf.php?r=LG756589171,NONE,Excellent,Excellent,57.00%,62.10%,1,8.08 - 8.05 x 5 mm,LV-ROUNDEVVS2-756589171
2112473,2.1,F,VVS1,Ideal,500,https://www.luvansh.com/product/2112473/igi-certified-2-1-f-vvs1-round-lab-created-diamond-r,https://api.igi.org/viewpdf.php?r=LG708564652,NONE,Excellent,Excellent,58.00%,61.70%,1,8.19 - 8.16 x 5.05 mm,LV-ROUNDFVVS1-708564652
2111661,2.09,F,VVS1,Ideal,500,https://www.luvansh.com/product/2111661/igi-certified-2-09-f-vvs1-round-lab-created-diamond-r,https://api.igi.org/viewpdf.php?r=LG700591288,NONE,Excellent,Excellent,58.00%,61.80%,1,8.2 - 8.16 x 5.06 mm,LV-ROUNDFVVS1-700591288
2115943,2.09,F,VVS1,Ideal,500,https://www.luvansh.com/product/2115943/igi-certified-2-09-f-vvs1-round-lab-created-diamond-r,https://api.igi.org/viewpdf.php?r=LG743559514,NONE,Excellent,Excellent,58.00%,62.10%,1,8.17 - 8.13 x 5.07 mm,LV-ROUNDFVVS1-743559514
2124596,2.01,D,VVS2,Ideal,500,https://www.luvansh.com/product/2124596/igi-certified-2-01-d-vvs2-round-lab-created-diamond-r,https://api.igi.org/viewpdf.php?r=LG668432305,NONE,Excellent,Excellent,56.00%,61.50%,1,8.11 - 8.15 x 5 mm,LV-ROUNDDVVS2-668432305
2113137,2.09,F,VVS1,Ideal,500,https://www.luvansh.com/product/2113137/igi-certified-2-09-f-vvs1-round-lab-created-diamond-r,https://api.igi.org/viewpdf.php?r=LG728540824,NONE,Excellent,Excellent,58.00%,62.10%,1,8.2 - 8.17 x 5.08 mm,LV-ROUNDFVVS1-728540824
2223931,1.98,E,VVS2,Ideal,500,https://www.luvansh.com/product/2223931/igi-certified-1-98-e-vvs2-round-lab-created-diamond-r,https://api.igi.org/viewpdf.php?r=LG753514608,NONE,Excellent,Excellent,58.00%,62.20%,1.01,8.01 - 7.96 x 4.97 mm,LV-ROUNDEVVS2-753514608
2182036,2.1,F,VVS1,Ideal,500,https://www.luvansh.com/product/2182036/igi-certified-2-1-f-vvs1-round-lab-created-diamond-r,https://api.igi.org/viewpdf.php?r=LG740503739,NONE,Excellent,Excellent,58.00%,61.50%,1,8.26 - 8.22 x 5.06 mm,LV-ROUNDFVVS1-740503739
2184029,1.92,D,VVS2,Ideal,500,https://www.luvansh.com/product/2184029/igi-certified-1-92-d-vvs2-round-lab-created-diamond-r,https://api.igi.org/viewpdf.php?r=LG703510879,NONE,Excellent,Excellent,58.00%,62.00%,1,7.95 - 7.97 x 4.93 mm,LV-ROUNDDVVS2-703510879
2203626,2.06,D,VVS2,Ideal,500,https://www.luvansh.com/product/2203626/igi-certified-2-06-d-vvs2-round-lab-created-diamond-r,https://api.igi.org/viewpdf.php?r=LG754516065,NONE,Excellent,Excellent,58.00%,62.20%,1,8.11 - 8.15 x 5.05 mm,LV-ROUNDDVVS2-754516065
2243899,1.85,E,VVS1,Ideal,500,https://www.luvansh.com/product/2243899/igi-certified-1-85-e-vvs1-round-lab-created-diamond-r,https://api.igi.org/viewpdf.php?r=LG760508451,NONE,Excellent,Excellent,58.00%,61.50%,1.01,7.87 - 7.83 x 4.83 mm,LV-ROUNDEVVS1-760508451
1350297,2.01,D,VVS2,Ideal,500,https://www.luvansh.com/product/1350297/igi-certified-2-01-d-vvs2-round-lab-created-diamond-r,https://api.igi.org/viewpdf.php?r=LG633494632,NONE,Excellent,Excellent,56.00%,62.20%,1,8.03 - 8.07 x 5.01 mm,LV-ROUNDDVVS2-633494632
1350662,2.02,D,VVS2,Ideal,500,https://www.luvansh.com/product/1350662/igi-certified-2-02-d-vvs2-round-lab-created-diamond-r,https://api.igi.org/viewpdf.php?r=LG637472835,NONE,Excellent,Excellent,58.00%,61.00%,1,8.09 - 8.13 x 4.95 mm,LV-ROUNDDVVS2-637472835
1351712,2.01,D,VVS2,Ideal,500,https://www.luvansh.com/product/1351712/igi-certified-2-01-d-vvs2-round-lab-created-diamond-r,https://api.igi.org/viewpdf.php?r=LG650401015,NONE,Excellent,Excellent,57.00%,62.20%,1,8.05 - 8.07 x 5.01 mm,LV-ROUNDDVVS2-650401015
2438747,2.03,F,VVS2,Ideal,500,https://www.luvansh.com/product/2438747/igi-certified-2-03-f-vvs2-round-lab-created-diamond-r,https://api.igi.org/viewpdf.php?r=LG764615702,NONE,Excellent,Excellent,58.00%,61.10%,1,8.15 - 8.13 x 4.97 mm,LV-ROUNDFVVS2-764615702
2438843,2.06,E,VVS2,Ideal,500,https://www.luvansh.com/product/2438843/igi-certified-2-06-e-vvs2-round-lab-created-diamond-r,https://api.igi.org/viewpdf.php?r=LG764616433,NONE,Excellent,Excellent,57.00%,62.10%,1.01,8.15 - 8.1 x 5.05 mm,LV-ROUNDEVVS2-764616433
2438846,2.06,E,VVS2,Ideal,500,https://www.luvansh.com/product/2438846/igi-certified-2-06-e-vvs2-round-lab-created-diamond-r,https://api.igi.org/viewpdf.php?r=LG764616473,NONE,Excellent,Excellent,58.00%,62.30%,1,8.13 - 8.11 x 5.06 mm,LV-ROUNDEVVS2-764616473
2439074,2.2,E,VVS2,Ideal,500,https://www.luvansh.com/product/2439074/igi-certified-2-2-e-vvs2-round-lab-created-diamond-r,https://api.igi.org/viewpdf.php?r=LG764695535,NONE,Excellent,Excellent,56.00%,61.20%,1,8.36 - 8.33 x 5.11 mm,LV-ROUNDEVVS2-764695535
2439043,2.06,E,VVS2,Ideal,500,https://www.luvansh.com/product/2439043/igi-certified-2-06-e-vvs2-round-lab-created-diamond-r,https://api.igi.org/viewpdf.php?r=LG764617623,NONE,Excellent,Excellent,56.00%,62.20%,1.01,8.18 - 8.13 x 5.08 mm,LV-ROUNDEVVS2-764617623
2438964,2.07,E,VVS2,Ideal,500,https://www.luvansh.com/product/2438964/igi-certified-2-07-e-vvs2-round-lab-created-diamond-r,https://api.igi.org/viewpdf.php?r=LG764617608,NONE,Excellent,Excellent,57.00%,62.00%,1,8.14 - 8.11 x 5.04 mm,LV-ROUNDEVVS2-764617608
2438866,2.06,E,VVS2,Ideal,500,https://www.luvansh.com/product/2438866/igi-certified-2-06-e-vvs2-round-lab-created-diamond-r,https://api.igi.org/viewpdf.php?r=LG764616423,NONE,Excellent,Excellent,57.00%,61.30%,1,8.2 - 8.16 x 5.01 mm,LV-ROUNDEVVS2-764616423
2438877,2.19,E,VVS2,Ideal,500,https://www.luvansh.com/product/2438877/igi-certified-2-19-e-vvs2-round-lab-created-diamond-r,https://api.igi.org/viewpdf.php?r=LG764616452,NONE,Excellent,Excellent,58.00%,61.10%,1,8.37 - 8.34 x 5.10 mm,LV-ROUNDEVVS2-764616452
2450264,2.09,F,VVS1,Ideal,500,https://www.luvansh.com/product/2450264/igi-certified-2-09-f-vvs1-round-lab-created-diamond-r,https://api.igi.org/viewpdf.php?r=LG756566125,NONE,Excellent,Excellent,56.00%,61.60%,1,8.22 - 8.26 x 5.08 mm,LV-ROUNDFVVS1-756566125
2449975,2.02,D,VVS2,Ideal,500,https://www.luvansh.com/product/2449975/igi-certified-2-02-d-vvs2-round-lab-created-diamond-r,https://api.igi.org/viewpdf.php?r=LG756564015,NONE,Excellent,Excellent,57.00%,61.00%,1,8.14 - 8.18 x 4.98 mm,LV-ROUNDDVVS2-756564015
2439492,2.07,E,VVS2,Ideal,500,https://www.luvansh.com/product/2439492/igi-certified-2-07-e-vvs2-round-lab-created-diamond-r,https://api.igi.org/viewpdf.php?r=LG765604999,NONE,Excellent,Excellent,58.00%,61.60%,1.01,8.21 - 8.16 x 5.04 mm,LV-ROUNDEVVS2-765604999
2450944,2.02,D,VVS2,Ideal,500,https://www.luvansh.com/product/2450944/igi-certified-2-02-d-vvs2-round-lab-created-diamond-r,https://api.igi.org/viewpdf.php?r=LG758512521,NONE,Excellent,Excellent,58.00%,61.90%,1,8.08 - 8.11 x 5.01 mm,LV-ROUNDDVVS2-758512521
2450995,2.01,D,VVS2,Ideal,500,https://www.luvansh.com/product/2450995/igi-certified-2-01-d-vvs2-round-lab-created-diamond-r,https://api.igi.org/viewpdf.php?r=LG756557865,NONE,Excellent,Excellent,55.00%,62.30%,1,8.03 - 8.07 x 5.02 mm,LV-ROUNDDVVS2-756557865
2451092,2.02,D,VVS2,Ideal,500,https://www.luvansh.com/product/2451092/igi-certified-2-02-d-vvs2-round-lab-created-diamond-r,https://api.igi.org/viewpdf.php?r=LG756564017,NONE,Excellent,Excellent,57.00%,61.90%,1,8.05 - 8.09 x 4.99 mm,LV-ROUNDDVVS2-756564017
2430445,2.09,D,VVS2,Ideal,500,https://www.luvansh.com/product/2430445/igi-certified-2-09-d-vvs2-round-lab-created-diamond-r,https://api.igi.org/viewpdf.php?r=LG766650083,NONE,Excellent,Excellent,57.00%,61.20%,1,8.19 - 8.22 x 5.02 mm,LV-ROUNDDVVS2-766650083
2430441,2.08,D,VVS2,Ideal,500,https://www.luvansh.com/product/2430441/igi-certified-2-08-d-vvs2-round-lab-created-diamond-r,https://api.igi.org/viewpdf.php?r=LG766650038,NONE,Excellent,Excellent,57.00%,61.10%,1,8.22 - 8.24 x 5.03 mm,LV-ROUNDDVVS2-766650038
2430442,2.08,D,VVS2,Ideal,500,https://www.luvansh.com/product/2430442/igi-certified-2-08-d-vvs2-round-lab-created-diamond-r,https://api.igi.org/viewpdf.php?r=LG766650052,NONE,Excellent,Excellent,56.00%,62.00%,1,8.18 - 8.21 x 5.08 mm,LV-ROUNDDVVS2-766650052
2430443,2.08,D,VVS2,Ideal,500,https://www.luvansh.com/product/2430443/igi-certified-2-08-d-vvs2-round-lab-created-diamond-r,https://api.igi.org/viewpdf.php?r=LG766650046,NONE,Excellent,Excellent,57.00%,61.20%,1,8.22 - 8.25 x 5.04 mm,LV-ROUNDDVVS2-766650046
2434327,2.03,D,VVS2,Ideal,500,https://www.luvansh.com/product/2434327/igi-certified-2-03-d-vvs2-round-lab-created-diamond-r,https://api.igi.org/viewpdf.php?r=LG770627784,NONE,Excellent,Excellent,58.00%,61.20%,1,8.13 - 8.16 x 4.99 mm,LV-ROUNDDVVS2-770627784
2435171,2.09,F,VVS1,Ideal,500,https://www.luvansh.com/product/2435171/igi-certified-2-09-f-vvs1-round-lab-created-diamond-r,https://api.igi.org/viewpdf.php?r=LG685586318,NONE,Excellent,Excellent,57.00%,62.00%,1,8.19 - 8.16 x 5.07 mm,LV-ROUNDFVVS1-685586318
2260462,1.98,E,VVS2,Ideal,500,https://www.luvansh.com/product/2260462/igi-certified-1-98-e-vvs2-round-lab-created-diamond-r,https://api.igi.org/viewpdf.php?r=LG761549233,NONE,Excellent,Excellent,57.00%,62.30%,1.01,8.04 - 8 x 5 mm,LV-ROUNDEVVS2-761549233
2328262,2.1,E,VVS2,Ideal,500,https://www.luvansh.com/product/2328262/igi-certified-2-1-e-vvs2-round-lab-created-diamond-r,https://api.igi.org/viewpdf.php?r=LG758555548,NONE,Excellent,Excellent,57.00%,61.60%,1,8.23 - 8.2 x 5.06 mm,LV-ROUNDEVVS2-758555548
2328266,2.1,E,VVS2,Ideal,500,https://www.luvansh.com/product/2328266/igi-certified-2-1-e-vvs2-round-lab-created-diamond-r,https://api.igi.org/viewpdf.php?r=LG758555543,NONE,Excellent,Excellent,58.00%,61.60%,1,8.2 - 8.17 x 5.04 mm,LV-ROUNDEVVS2-758555543
2328056,2.09,E,VVS2,Ideal,500,https://www.luvansh.com/product/2328056/igi-certified-2-09-e-vvs2-round-lab-created-diamond-r,https://api.igi.org/viewpdf.php?r=LG760506950,NONE,Excellent,Excellent,58.00%,61.80%,1,8.19 - 8.17 x 5.05 mm,LV-ROUNDEVVS2-760506950
2327848,2.09,E,VVS2,Ideal,500,https://www.luvansh.com/product/2327848/igi-certified-2-09-e-vvs2-round-lab-created-diamond-r,https://api.igi.org/viewpdf.php?r=LG760545862,NONE,Excellent,Excellent,57.00%,62.20%,1,8.17 - 8.14 x 5.07 mm,LV-ROUNDEVVS2-760545862
2327729,2.09,E,VVS2,Ideal,500,https://www.luvansh.com/product/2327729/igi-certified-2-09-e-vvs2-round-lab-created-diamond-r,https://api.igi.org/viewpdf.php?r=LG756528100,NONE,Excellent,Excellent,56.00%,62.20%,1,8.2 - 8.17 x 5.09 mm,LV-ROUNDEVVS2-756528100
2328271,2.09,E,VVS2,Ideal,500,https://www.luvansh.com/product/2328271/igi-certified-2-09-e-vvs2-round-lab-created-diamond-r,https://api.igi.org/viewpdf.php?r=LG758555552,NONE,Excellent,Excellent,58.00%,61.90%,1,8.19 - 8.16 x 5.06 mm,LV-ROUNDEVVS2-758555552
2353078,2.1,E,VVS2,Ideal,500,https://www.luvansh.com/product/2353078/igi-certified-2-1-e-vvs2-round-lab-created-diamond-r,https://api.igi.org/viewpdf.php?r=LG761516377,NONE,Excellent,Excellent,58.00%,61.00%,1,8.26 - 8.23 x 5.03 mm,LV-ROUNDEVVS2-761516377
2353220,2.09,E,VVS2,Ideal,500,https://www.luvansh.com/product/2353220/igi-certified-2-09-e-vvs2-round-lab-created-diamond-r,https://api.igi.org/viewpdf.php?r=LG758554831,NONE,Excellent,Excellent,58.00%,61.60%,1,8.2 - 8.16 x 5.04 mm,LV-ROUNDEVVS2-758554831
2353192,2.09,E,VVS2,Ideal,500,https://www.luvansh.com/product/2353192/igi-certified-2-09-e-vvs2-round-lab-created-diamond-r,https://api.igi.org/viewpdf.php?r=LG758554838,NONE,Excellent,Excellent,58.00%,61.50%,1.01,8.22 - 8.16 x 5.04 mm,LV-ROUNDEVVS2-758554838
2353059,2.09,E,VVS2,Ideal,500,https://www.luvansh.com/product/2353059/igi-certified-2-09-e-vvs2-round-lab-created-diamond-r,https://api.igi.org/viewpdf.php?r=LG761515532,NONE,Excellent,Excellent,55.00%,62.00%,1,8.22 - 8.18 x 5.09 mm,LV-ROUNDEVVS2-761515532
2384335,2.04,F,VVS1,Ideal,500,https://www.luvansh.com/product/2384335/igi-certified-2-04-f-vvs1-round-lab-created-diamond-r,https://api.igi.org/viewpdf.php?r=LG750532453,NONE,Excellent,Excellent,58.00%,62.30%,1,8.1 - 8.08 x 5.04 mm,LV-ROUNDFVVS1-750532453
2376235,2.1,F,VVS1,Ideal,500,https://www.luvansh.com/product/2376235/igi-certified-2-1-f-vvs1-round-lab-created-diamond-r,https://api.igi.org/viewpdf.php?r=LG767610152,NONE,Excellent,Excellent,58.00%,62.10%,1.01,8.19 - 8.13 x 5.07 mm,LV-ROUNDFVVS1-767610152
2373990,2.09,F,VVS1,Ideal,500,https://www.luvansh.com/product/2373990/igi-certified-2-09-f-vvs1-round-lab-created-diamond-r,https://api.igi.org/viewpdf.php?r=LG764658364,NONE,Excellent,Excellent,58.00%,61.60%,1,8.22 - 8.18 x 5.05 mm,LV-ROUNDFVVS1-764658364
2366314,2.01,E,VVS2,Ideal,500,https://www.luvansh.com/product/2366314/igi-certified-2-01-e-vvs2-round-lab-created-diamond-r,https://api.igi.org/viewpdf.php?r=LG761507142,NONE,Excellent,Excellent,58.00%,62.30%,1,8.05 - 8.02 x 5.00 mm,LV-ROUNDEVVS2-761507142
2366334,2.09,E,VVS2,Ideal,500,https://www.luvansh.com/product/2366334/igi-certified-2-09-e-vvs2-round-lab-created-diamond-r,https://api.igi.org/viewpdf.php?r=LG761507144,NONE,Excellent,Excellent,56.00%,61.80%,1,8.22 - 8.2 x 5.07 mm,LV-ROUNDEVVS2-761507144
2366836,2.1,E,VVS2,Ideal,500,https://www.luvansh.com/product/2366836/igi-certified-2-1-e-vvs2-round-lab-created-diamond-r,https://api.igi.org/viewpdf.php?r=LG761510064,NONE,Excellent,Excellent,57.00%,61.60%,1.01,8.27 - 8.21 x 5.07 mm,LV-ROUNDEVVS2-761510064
2366851,2.09,E,VVS2,Ideal,500,https://www.luvansh.com/product/2366851/igi-certified-2-09-e-vvs2-round-lab-created-diamond-r,https://api.igi.org/viewpdf.php?r=LG761510065,NONE,Excellent,Excellent,56.00%,61.90%,1,8.21 - 8.17 x 5.07 mm,LV-ROUNDEVVS2-761510065
2366855,2.09,E,VVS2,Ideal,500,https://www.luvansh.com/product/2366855/igi-certified-2-09-e-vvs2-round-lab-created-diamond-r,https://api.igi.org/viewpdf.php?r=LG761510058,NONE,Excellent,Excellent,58.00%,61.90%,1,8.2 - 8.17 x 5.06 mm,LV-ROUNDEVVS2-761510058
2367275,2.09,E,VVS2,Ideal,500,https://www.luvansh.com/product/2367275/igi-certified-2-09-e-vvs2-round-lab-created-diamond-r,https://api.igi.org/viewpdf.php?r=LG761523403,NONE,Excellent,Excellent,58.00%,61.40%,1,8.23 - 8.2 x 5.05 mm,LV-ROUNDEVVS2-761523403
2366383,2.1,E,VVS2,Ideal,500,https://www.luvansh.com/product/2366383/igi-certified-2-1-e-vvs2-round-lab-created-diamond-r,https://api.igi.org/viewpdf.php?r=LG761508440,NONE,Excellent,Excellent,57.00%,62.10%,1,8.23 - 8.2 x 5.10 mm,LV-ROUNDEVVS2-761508440
2366703,2.01,E,VVS2,Ideal,500,https://www.luvansh.com/product/2366703/igi-certified-2-01-e-vvs2-round-lab-created-diamond-r,https://api.igi.org/viewpdf.php?r=LG758555033,NONE,Excellent,Excellent,58.00%,61.20%,1.01,8.14 - 8.09 x 4.97 mm,LV-ROUNDEVVS2-758555033
2366755,2.09,E,VVS2,Ideal,500,https://www.luvansh.com/product/2366755/igi-certified-2-09-e-vvs2-round-lab-created-diamond-r,https://api.igi.org/viewpdf.php?r=LG758555155,NONE,Excellent,Excellent,57.00%,62.10%,1,8.19 - 8.16 x 5.08 mm,LV-ROUNDEVVS2-758555155
2366776,2.09,E,VVS2,Ideal,500,https://www.luvansh.com/product/2366776/igi-certified-2-09-e-vvs2-round-lab-created-diamond-r,https://api.igi.org/viewpdf.php?r=LG761506949,NONE,Excellent,Excellent,58.00%,61.10%,1,8.21 - 8.19 x 5.01 mm,LV-ROUNDEVVS2-761506949
2366828,2.1,E,VVS2,Ideal,500,https://www.luvansh.com/product/2366828/igi-certified-2-1-e-vvs2-round-lab-created-diamond-r,https://api.igi.org/viewpdf.php?r=LG761506946,NONE,Excellent,Excellent,56.00%,62.00%,1,8.22 - 8.18 x 5.08 mm,LV-ROUNDEVVS2-761506946
2367493,2.01,E,VVS2,Ideal,500,https://www.luvansh.com/product/2367493/igi-certified-2-01-e-vvs2-round-lab-created-diamond-r,https://api.igi.org/viewpdf.php?r=LG762567146,NONE,Excellent,Excellent,58.00%,62.00%,1,8.08 - 8.05 x 5.00 mm,LV-ROUNDEVVS2-762567146
2416308,2.1,E,VVS2,Ideal,500,https://www.luvansh.com/product/2416308/igi-certified-2-1-e-vvs2-round-lab-created-diamond-r,https://api.igi.org/viewpdf.php?r=LG765601172,NONE,Excellent,Excellent,56.00%,62.00%,1,8.2 - 8.17 x 5.07 mm,LV-ROUNDEVVS2-765601172
2416239,2.1,E,VVS2,Ideal,500,https://www.luvansh.com/product/2416239/igi-certified-2-1-e-vvs2-round-lab-created-diamond-r,https://api.igi.org/viewpdf.php?r=LG764614695,NONE,Excellent,Excellent,57.00%,62.00%,1,8.19 - 8.15 x 5.07 mm,LV-ROUNDEVVS2-764614695
2416322,2.1,E,VVS2,Ideal,500,https://www.luvansh.com/product/2416322/igi-certified-2-1-e-vvs2-round-lab-created-diamond-r,https://api.igi.org/viewpdf.php?r=LG765601176,NONE,Excellent,Excellent,58.00%,61.40%,1,8.21 - 8.17 x 5.04 mm,LV-ROUNDEVVS2-765601176
2415821,2.09,E,VVS2,Ideal,500,https://www.luvansh.com/product/2415821/igi-certified-2-09-e-vvs2-round-lab-created-diamond-r,https://api.igi.org/viewpdf.php?r=LG761524132,NONE,Excellent,Excellent,58.00%,61.90%,1,8.18 - 8.14 x 5.05 mm,LV-ROUNDEVVS2-761524132
2415828,2.09,E,VVS2,Ideal,500,https://www.luvansh.com/product/2415828/igi-certified-2-09-e-vvs2-round-lab-created-diamond-r,https://api.igi.org/viewpdf.php?r=LG761524130,NONE,Excellent,Excellent,58.00%,61.70%,1,8.2 - 8.17 x 5.05 mm,LV-ROUNDEVVS2-761524130
2415842,2.1,E,VVS2,Ideal,500,https://www.luvansh.com/product/2415842/igi-certified-2-1-e-vvs2-round-lab-created-diamond-r,https://api.igi.org/viewpdf.php?r=LG761524133,NONE,Excellent,Excellent,58.00%,61.10%,1.01,8.24 - 8.19 x 5.02 mm,LV-ROUNDEVVS2-761524133
2412633,2.01,D,VVS2,Ideal,500,https://www.luvansh.com/product/2412633/igi-certified-2-01-d-vvs2-round-lab-created-diamond-r,https://api.igi.org/viewpdf.php?r=LG756580727,NONE,Excellent,Excellent,58.00%,62.30%,1,8.02 - 8.05 x 5 mm,LV-ROUNDDVVS2-756580727
2412844,2.02,D,VVS2,Ideal,500,https://www.luvansh.com/product/2412844/igi-certified-2-02-d-vvs2-round-lab-created-diamond-r,https://api.igi.org/viewpdf.php?r=LG756579897,NONE,Excellent,Excellent,56.00%,62.30%,1,8.06 - 8.1 x 5.04 mm,LV-ROUNDDVVS2-756579897
2402297,2.03,D,VVS2,Ideal,500,https://www.luvansh.com/product/2402297/igi-certified-2-03-d-vvs2-round-lab-created-diamond-r,https://api.igi.org/viewpdf.php?r=LG763648973,NONE,Excellent,Excellent,55.00%,62.30%,1,8.09 - 8.12 x 5.05 mm,LV-ROUNDDVVS2-763648973
2402305,2.02,D,VVS2,Ideal,500,https://www.luvansh.com/product/2402305/igi-certified-2-02-d-vvs2-round-lab-created-diamond-r,https://api.igi.org/viewpdf.php?r=LG763649065,NONE,Excellent,Excellent,58.00%,61.30%,1,8.10 - 8.14 x 4.98 mm,LV-ROUNDDVVS2-763649065
1851524,2.09,F,VVS1,Ideal,500,https://www.luvansh.com/product/1851524/igi-certified-2-09-f-vvs1-round-lab-created-diamond-r,https://api.igi.org/viewpdf.php?r=LG704590628,NONE,Excellent,Excellent,58.00%,61.40%,1,8.15 - 8.19 x 61.4 mm,LV-ROUNDFVVS1-704590628
2053411,1.98,E,VVS2,Ideal,500,https://www.luvansh.com/product/2053411/igi-certified-1-98-e-vvs2-round-lab-created-diamond-r,https://api.igi.org/viewpdf.php?r=LG756589171,NONE,Excellent,Excellent,57.00%,62.10%,1,8.08 - 8.05 x 5 mm,LV-ROUNDEVVS2-756589171
2112473,2.1,F,VVS1,Ideal,500,https://www.luvansh.com/product/2112473/igi-certified-2-1-f-vvs1-round-lab-created-diamond-r,https://api.igi.org/viewpdf.php?r=LG708564652,NONE,Excellent,Excellent,58.00%,61.70%,1,8.19 - 8.16 x 5.05 mm,LV-ROUNDFVVS1-708564652
2111661,2.09,F,VVS1,Ideal,500,https://www.luvansh.com/product/2111661/igi-certified-2-09-f-vvs1-round-lab-created-diamond-r,https://api.igi.org/viewpdf.php?r=LG700591288,NONE,Excellent,Excellent,58.00%,61.80%,1,8.2 - 8.16 x 5.06 mm,LV-ROUNDFVVS1-700591288
2115943,2.09,F,VVS1,Ideal,500,https://www.luvansh.com/product/2115943/igi-certified-2-09-f-vvs1-round-lab-created-diamond-r,https://api.igi.org/viewpdf.php?r=LG743559514,NONE,Excellent,Excellent,58.00%,62.10%,1,8.17 - 8.13 x 5.07 mm,LV-ROUNDFVVS1-743559514
2124596,2.01,D,VVS2,Ideal,500,https://www.luvansh.com/product/2124596/igi-certified-2-01-d-vvs2-round-lab-created-diamond-r,https://api.igi.org/viewpdf.php?r=LG668432305,NONE,Excellent,Excellent,56.00%,61.50%,1,8.11 - 8.15 x 5 mm,LV-ROUNDDVVS2-668432305
2113137,2.09,F,VVS1,Ideal,500,https://www.luvansh.com/product/2113137/igi-certified-2-09-f-vvs1-round-lab-created-diamond-r,https://api.igi.org/viewpdf.php?r=LG728540824,NONE,Excellent,Excellent,58.00%,62.10%,1,8.2 - 8.17 x 5.08 mm,LV-ROUNDFVVS1-728540824
2223931,1.98,E,VVS2,Ideal,500,https://www.luvansh.com/product/2223931/igi-certified-1-98-e-vvs2-round-lab-created-diamond-r,https://api.igi.org/viewpdf.php?r=LG753514608,NONE,Excellent,Excellent,58.00%,62.20%,1.01,8.01 - 7.96 x 4.97 mm,LV-ROUNDEVVS2-753514608
2182036,2.1,F,VVS1,Ideal,500,https://www.luvansh.com/product/2182036/igi-certified-2-1-f-vvs1-round-lab-created-diamond-r,https://api.igi.org/viewpdf.php?r=LG740503739,NONE,Excellent,Excellent,58.00%,61.50%,1,8.26 - 8.22 x 5.06 mm,LV-ROUNDFVVS1-740503739
2184029,1.92,D,VVS2,Ideal,500,https://www.luvansh.com/product/2184029/igi-certified-1-92-d-vvs2-round-lab-created-diamond-r,https://api.igi.org/viewpdf.php?r=LG703510879,NONE,Excellent,Excellent,58.00%,62.00%,1,7.95 - 7.97 x 4.93 mm,LV-ROUNDDVVS2-703510879
2203626,2.06,D,VVS2,Ideal,500,https://www.luvansh.com/product/2203626/igi-certified-2-06-d-vvs2-round-lab-created-diamond-r,https://api.igi.org/viewpdf.php?r=LG754516065,NONE,Excellent,Excellent,58.00%,62.20%,1,8.11 - 8.15 x 5.05 mm,LV-ROUNDDVVS2-754516065
2243899,1.85,E,VVS1,Ideal,500,https://www.luvansh.com/product/2243899/igi-certified-1-85-e-vvs1-round-lab-created-diamond-r,https://api.igi.org/viewpdf.php?r=LG760508451,NONE,Excellent,Excellent,58.00%,61.50%,1.01,7.87 - 7.83 x 4.83 mm,LV-ROUNDEVVS1-760508451
1350297,2.01,D,VVS2,Ideal,500,https://www.luvansh.com/product/1350297/igi-certified-2-01-d-vvs2-round-lab-created-diamond-r,https://api.igi.org/viewpdf.php?r=LG633494632,NONE,Excellent,Excellent,56.00%,62.20%,1,8.03 - 8.07 x 5.01 mm,LV-ROUNDDVVS2-633494632
1350662,2.02,D,VVS2,Ideal,500,https://www.luvansh.com/product/1350662/igi-certified-2-02-d-vvs2-round-lab-created-diamond-r,https://api.igi.org/viewpdf.php?r=LG637472835,NONE,Excellent,Excellent,58.00%,61.00%,1,8.09 - 8.13 x 4.95 mm,LV-ROUNDDVVS2-637472835
1351712,2.01,D,VVS2,Ideal,500,https://www.luvansh.com/product/1351712/igi-certified-2-01-d-vvs2-round-lab-created-diamond-r,https://api.igi.org/viewpdf.php?r=LG650401015,NONE,Excellent,Excellent,57.00%,62.20%,1,8.05 - 8.07 x 5.01 mm,LV-ROUNDDVVS2-650401015
2438747,2.03,F,VVS2,Ideal,500,https://www.luvansh.com/product/2438747/igi-certified-2-03-f-vvs2-round-lab-created-diamond-r,https://api.igi.org/viewpdf.php?r=LG764615702,NONE,Excellent,Excellent,58.00%,61.10%,1,8.15 - 8.13 x 4.97 mm,LV-ROUNDFVVS2-764615702
2438843,2.06,E,VVS2,Ideal,500,https://www.luvansh.com/product/2438843/igi-certified-2-06-e-vvs2-round-lab-created-diamond-r,https://api.igi.org/viewpdf.php?r=LG764616433,NONE,Excellent,Excellent,57.00%,62.10%,1.01,8.15 - 8.1 x 5.05 mm,LV-ROUNDEVVS2-764616433
2438846,2.06,E,VVS2,Ideal,500,https://www.luvansh.com/product/2438846/igi-certified-2-06-e-vvs2-round-lab-created-diamond-r,https://api.igi.org/viewpdf.php?r=LG764616473,NONE,Excellent,Excellent,58.00%,62.30%,1,8.13 - 8.11 x 5.06 mm,LV-ROUNDEVVS2-764616473
2439074,2.2,E,VVS2,Ideal,500,https://www.luvansh.com/product/2439074/igi-certified-2-2-e-vvs2-round-lab-created-diamond-r,https://api.igi.org/viewpdf.php?r=LG764695535,NONE,Excellent,Excellent,56.00%,61.20%,1,8.36 - 8.33 x 5.11 mm,LV-ROUNDEVVS2-764695535
2439043,2.06,E,VVS2,Ideal,500,https://www.luvansh.com/product/2439043/igi-certified-2-06-e-vvs2-round-lab-created-diamond-r,https://api.igi.org/viewpdf.php?r=LG764617623,NONE,Excellent,Excellent,56.00%,62.20%,1.01,8.18 - 8.13 x 5.08 mm,LV-ROUNDEVVS2-764617623
2438964,2.07,E,VVS2,Ideal,500,https://www.luvansh.com/product/2438964/igi-certified-2-07-e-vvs2-round-lab-created-diamond-r,https://api.igi.org/viewpdf.php?r=LG764617608,NONE,Excellent,Excellent,57.00%,62.00%,1,8.14 - 8.11 x 5.04 mm,LV-ROUNDEVVS2-764617608
2438866,2.06,E,VVS2,Ideal,500,https://www.luvansh.com/product/2438866/igi-certified-2-06-e-vvs2-round-lab-created-diamond-r,https://api.igi.org/viewpdf.php?r=LG764616423,NONE,Excellent,Excellent,57.00%,61.30%,1,8.2 - 8.16 x 5.01 mm,LV-ROUNDEVVS2-764616423
2438877,2.19,E,VVS2,Ideal,500,https://www.luvansh.com/product/2438877/igi-certified-2-19-e-vvs2-round-lab-created-diamond-r,https://api.igi.org/viewpdf.php?r=LG764616452,NONE,Excellent,Excellent,58.00%,61.10%,1,8.37 - 8.34 x 5.10 mm,LV-ROUNDEVVS2-764616452
2450264,2.09,F,VVS1,Ideal,500,https://www.luvansh.com/product/2450264/igi-certified-2-09-f-vvs1-round-lab-created-diamond-r,https://api.igi.org/viewpdf.php?r=LG756566125,NONE,Excellent,Excellent,56.00%,61.60%,1,8.22 - 8.26 x 5.08 mm,LV-ROUNDFVVS1-756566125
2449975,2.02,D,VVS2,Ideal,500,https://www.luvansh.com/product/2449975/igi-certified-2-02-d-vvs2-round-lab-created-diamond-r,https://api.igi.org/viewpdf.php?r=LG756564015,NONE,Excellent,Excellent,57.00%,61.00%,1,8.14 - 8.18 x 4.98 mm,LV-ROUNDDVVS2-756564015
2439492,2.07,E,VVS2,Ideal,500,https://www.luvansh.com/product/2439492/igi-certified-2-07-e-vvs2-round-lab-created-diamond-r,https://api.igi.org/viewpdf.php?r=LG765604999,NONE,Excellent,Excellent,58.00%,61.60%,1.01,8.21 - 8.16 x 5.04 mm,LV-ROUNDEVVS2-765604999
2450944,2.02,D,VVS2,Ideal,500,https://www.luvansh.com/product/2450944/igi-certified-2-02-d-vvs2-round-lab-created-diamond-r,https://api.igi.org/viewpdf.php?r=LG758512521,NONE,Excellent,Excellent,58.00%,61.90%,1,8.08 - 8.11 x 5.01 mm,LV-ROUNDDVVS2-758512521
2450995,2.01,D,VVS2,Ideal,500,https://www.luvansh.com/product/2450995/igi-certified-2-01-d-vvs2-round-lab-created-diamond-r,https://api.igi.org/viewpdf.php?r=LG756557865,NONE,Excellent,Excellent,55.00%,62.30%,1,8.03 - 8.07 x 5.02 mm,LV-ROUNDDVVS2-756557865
2451092,2.02,D,VVS2,Ideal,500,https://www.luvansh.com/product/2451092/igi-certified-2-02-d-vvs2-round-lab-created-diamond-r,https://api.igi.org/viewpdf.php?r=LG756564017,NONE,Excellent,Excellent,57.00%,61.90%,1,8.05 - 8.09 x 4.99 mm,LV-ROUNDDVVS2-756564017
2430445,2.09,D,VVS2,Ideal,500,https://www.luvansh.com/product/2430445/igi-certified-2-09-d-vvs2-round-lab-created-diamond-r,https://api.igi.org/viewpdf.php?r=LG766650083,NONE,Excellent,Excellent,57.00%,61.20%,1,8.19 - 8.22 x 5.02 mm,LV-ROUNDDVVS2-766650083
2430441,2.08,D,VVS2,Ideal,500,https://www.luvansh.com/product/2430441/igi-certified-2-08-d-vvs2-round-lab-created-diamond-r,https://api.igi.org/viewpdf.php?r=LG766650038,NONE,Excellent,Excellent,57.00%,61.10%,1,8.22 - 8.24 x 5.03 mm,LV-ROUNDDVVS2-766650038
2430442,2.08,D,VVS2,Ideal,500,https://www.luvansh.com/product/2430442/igi-certified-2-08-d-vvs2-round-lab-created-diamond-r,https://api.igi.org/viewpdf.php?r=LG766650052,NONE,Excellent,Excellent,56.00%,62.00%,1,8.18 - 8.21 x 5.08 mm,LV-ROUNDDVVS2-766650052
2430443,2.08,D,VVS2,Ideal,500,https://www.luvansh.com/product/2430443/igi-certified-2-08-d-vvs2-round-lab-created-diamond-r,https://api.igi.org/viewpdf.php?r=LG766650046,NONE,Excellent,Excellent,57.00%,61.20%,1,8.22 - 8.25 x 5.04 mm,LV-ROUNDDVVS2-766650046
2434327,2.03,D,VVS2,Ideal,500,https://www.luvansh.com/product/2434327/igi-certified-2-03-d-vvs2-round-lab-created-diamond-r,https://api.igi.org/viewpdf.php?r=LG770627784,NONE,Excellent,Excellent,58.00%,61.20%,1,8.13 - 8.16 x 4.99 mm,LV-ROUNDDVVS2-770627784
2435171,2.09,F,VVS1,Ideal,500,https://www.luvansh.com/product/2435171/igi-certified-2-09-f-vvs1-round-lab-created-diamond-r,https://api.igi.org/viewpdf.php?r=LG685586318,NONE,Excellent,Excellent,57.00%,62.00%,1,8.19 - 8.16 x 5.07 mm,LV-ROUNDFVVS1-685586318
2260462,1.98,E,VVS2,Ideal,500,https://www.luvansh.com/product/2260462/igi-certified-1-98-e-vvs2-round-lab-created-diamond-r,https://api.igi.org/viewpdf.php?r=LG761549233,NONE,Excellent,Excellent,57.00%,62.30%,1.01,8.04 - 8 x 5 mm,LV-ROUNDEVVS2-761549233
2328262,2.1,E,VVS2,Ideal,500,https://www.luvansh.com/product/2328262/igi-certified-2-1-e-vvs2-round-lab-created-diamond-r,https://api.igi.org/viewpdf.php?r=LG758555548,NONE,Excellent,Excellent,57.00%,61.60%,1,8.23 - 8.2 x 5.06 mm,LV-ROUNDEVVS2-758555548
2328266,2.1,E,VVS2,Ideal,500,https://www.luvansh.com/product/2328266/igi-certified-2-1-e-vvs2-round-lab-created-diamond-r,https://api.igi.org/viewpdf.php?r=LG758555543,NONE,Excellent,Excellent,58.00%,61.60%,1,8.2 - 8.17 x 5.04 mm,LV-ROUNDEVVS2-758555543
2328056,2.09,E,VVS2,Ideal,500,https://www.luvansh.com/product/2328056/igi-certified-2-09-e-vvs2-round-lab-created-diamond-r,https://api.igi.org/viewpdf.php?r=LG760506950,NONE,Excellent,Excellent,58.00%,61.80%,1,8.19 - 8.17 x 5.05 mm,LV-ROUNDEVVS2-760506950
2327848,2.09,E,VVS2,Ideal,500,https://www.luvansh.com/product/2327848/igi-certified-2-09-e-vvs2-round-lab-created-diamond-r,https://api.igi.org/viewpdf.php?r=LG760545862,NONE,Excellent,Excellent,57.00%,62.20%,1,8.17 - 8.14 x 5.07 mm,LV-ROUNDEVVS2-760545862
2327729,2.09,E,VVS2,Ideal,500,https://www.luvansh.com/product/2327729/igi-certified-2-09-e-vvs2-round-lab-created-diamond-r,https://api.igi.org/viewpdf.php?r=LG756528100,NONE,Excellent,Excellent,56.00%,62.20%,1,8.2 - 8.17 x 5.09 mm,LV-ROUNDEVVS2-756528100
2328271,2.09,E,VVS2,Ideal,500,https://www.luvansh.com/product/2328271/igi-certified-2-09-e-vvs2-round-lab-created-diamond-r,https://api.igi.org/viewpdf.php?r=LG758555552,NONE,Excellent,Excellent,58.00%,61.90%,1,8.19 - 8.16 x 5.06 mm,LV-ROUNDEVVS2-758555552
2353078,2.1,E,VVS2,Ideal,500,https://www.luvansh.com/product/2353078/igi-certified-2-1-e-vvs2-round-lab-created-diamond-r,https://api.igi.org/viewpdf.php?r=LG761516377,NONE,Excellent,Excellent,58.00%,61.00%,1,8.26 - 8.23 x 5.03 mm,LV-ROUNDEVVS2-761516377
2353220,2.09,E,VVS2,Ideal,500,https://www.luvansh.com/product/2353220/igi-certified-2-09-e-vvs2-round-lab-created-diamond-r,https://api.igi.org/viewpdf.php?r=LG758554831,NONE,Excellent,Excellent,58.00%,61.60%,1,8.2 - 8.16 x 5.04 mm,LV-ROUNDEVVS2-758554831
2353192,2.09,E,VVS2,Ideal,500,https://www.luvansh.com/product/2353192/igi-certified-2-09-e-vvs2-round-lab-created-diamond-r,https://api.igi.org/viewpdf.php?r=LG758554838,NONE,Excellent,Excellent,58.00%,61.50%,1.01,8.22 - 8.16 x 5.04 mm,LV-ROUNDEVVS2-758554838
2353059,2.09,E,VVS2,Ideal,500,https://www.luvansh.com/product/2353059/igi-certified-2-09-e-vvs2-round-lab-created-diamond-r,https://api.igi.org/viewpdf.php?r=LG761515532,NONE,Excellent,Excellent,55.00%,62.00%,1,8.22 - 8.18 x 5.09 mm,LV-ROUNDEVVS2-761515532
2384335,2.04,F,VVS1,Ideal,500,https://www.luvansh.com/product/2384335/igi-certified-2-04-f-vvs1-round-lab-created-diamond-r,https://api.igi.org/viewpdf.php?r=LG750532453,NONE,Excellent,Excellent,58.00%,62.30%,1,8.1 - 8.08 x 5.04 mm,LV-ROUNDFVVS1-750532453
2376235,2.1,F,VVS1,Ideal,500,https://www.luvansh.com/product/2376235/igi-certified-2-1-f-vvs1-round-lab-created-diamond-r,https://api.igi.org/viewpdf.php?r=LG767610152,NONE,Excellent,Excellent,58.00%,62.10%,1.01,8.19 - 8.13 x 5.07 mm,LV-ROUNDFVVS1-767610152
2373990,2.09,F,VVS1,Ideal,500,https://www.luvansh.com/product/2373990/igi-certified-2-09-f-vvs1-round-lab-created-diamond-r,https://api.igi.org/viewpdf.php?r=LG764658364,NONE,Excellent,Excellent,58.00%,61.60%,1,8.22 - 8.18 x 5.05 mm,LV-ROUNDFVVS1-764658364
2366314,2.01,E,VVS2,Ideal,500,https://www.luvansh.com/product/2366314/igi-certified-2-01-e-vvs2-round-lab-created-diamond-r,https://api.igi.org/viewpdf.php?r=LG761507142,NONE,Excellent,Excellent,58.00%,62.30%,1,8.05 - 8.02 x 5.00 mm,LV-ROUNDEVVS2-761507142
2366334,2.09,E,VVS2,Ideal,500,https://www.luvansh.com/product/2366334/igi-certified-2-09-e-vvs2-round-lab-created-diamond-r,https://api.igi.org/viewpdf.php?r=LG761507144,NONE,Excellent,Excellent,56.00%,61.80%,1,8.22 - 8.2 x 5.07 mm,LV-ROUNDEVVS2-761507144
2366836,2.1,E,VVS2,Ideal,500,https://www.luvansh.com/product/2366836/igi-certified-2-1-e-vvs2-round-lab-created-diamond-r,https://api.igi.org/viewpdf.php?r=LG761510064,NONE,Excellent,Excellent,57.00%,61.60%,1.01,8.27 - 8.21 x 5.07 mm,LV-ROUNDEVVS2-761510064
2366851,2.09,E,VVS2,Ideal,500,https://www.luvansh.com/product/2366851/igi-certified-2-09-e-vvs2-round-lab-created-diamond-r,https://api.igi.org/viewpdf.php?r=LG761510065,NONE,Excellent,Excellent,56.00%,61.90%,1,8.21 - 8.17 x 5.07 mm,LV-ROUNDEVVS2-761510065
2366855,2.09,E,VVS2,Ideal,500,https://www.luvansh.com/product/2366855/igi-certified-2-09-e-vvs2-round-lab-created-diamond-r,https://api.igi.org/viewpdf.php?r=LG761510058,NONE,Excellent,Excellent,58.00%,61.90%,1,8.2 - 8.17 x 5.06 mm,LV-ROUNDEVVS2-761510058
2367275,2.09,E,VVS2,Ideal,500,https://www.luvansh.com/product/2367275/igi-certified-2-09-e-vvs2-round-lab-created-diamond-r,https://api.igi.org/viewpdf.php?r=LG761523403,NONE,Excellent,Excellent,58.00%,61.40%,1,8.23 - 8.2 x 5.05 mm,LV-ROUNDEVVS2-761523403
2366383,2.1,E,VVS2,Ideal,500,https://www.luvansh.com/product/2366383/igi-certified-2-1-e-vvs2-round-lab-created-diamond-r,https://api.igi.org/viewpdf.php?r=LG761508440,NONE,Excellent,Excellent,57.00%,62.10%,1,8.23 - 8.2 x 5.10 mm,LV-ROUNDEVVS2-761508440
2366703,2.01,E,VVS2,Ideal,500,https://www.luvansh.com/product/2366703/igi-certified-2-01-e-vvs2-round-lab-created-diamond-r,https://api.igi.org/viewpdf.php?r=LG758555033,NONE,Excellent,Excellent,58.00%,61.20%,1.01,8.14 - 8.09 x 4.97 mm,LV-ROUNDEVVS2-758555033
2366755,2.09,E,VVS2,Ideal,500,https://www.luvansh.com/product/2366755/igi-certified-2-09-e-vvs2-round-lab-created-diamond-r,https://api.igi.org/viewpdf.php?r=LG758555155,NONE,Excellent,Excellent,57.00%,62.10%,1,8.19 - 8.16 x 5.08 mm,LV-ROUNDEVVS2-758555155
2366776,2.09,E,VVS2,Ideal,500,https://www.luvansh.com/product/2366776/igi-certified-2-09-e-vvs2-round-lab-created-diamond-r,https://api.igi.org/viewpdf.php?r=LG761506949,NONE,Excellent,Excellent,58.00%,61.10%,1,8.21 - 8.19 x 5.01 mm,LV-ROUNDEVVS2-761506949
2366828,2.1,E,VVS2,Ideal,500,https://www.luvansh.com/product/2366828/igi-certified-2-1-e-vvs2-round-lab-created-diamond-r,https://api.igi.org/viewpdf.php?r=LG761506946,NONE,Excellent,Excellent,56.00%,62.00%,1,8.22 - 8.18 x 5.08 mm,LV-ROUNDEVVS2-761506946
2367493,2.01,E,VVS2,Ideal,500,https://www.luvansh.com/product/2367493/igi-certified-2-01-e-vvs2-round-lab-created-diamond-r,https://api.igi.org/viewpdf.php?r=LG762567146,NONE,Excellent,Excellent,58.00%,62.00%,1,8.08 - 8.05 x 5.00 mm,LV-ROUNDEVVS2-762567146
2416308,2.1,E,VVS2,Ideal,500,https://www.luvansh.com/product/2416308/igi-certified-2-1-e-vvs2-round-lab-created-diamond-r,https://api.igi.org/viewpdf.php?r=LG765601172,NONE,Excellent,Excellent,56.00%,62.00%,1,8.2 - 8.17 x 5.07 mm,LV-ROUNDEVVS2-765601172
2416239,2.1,E,VVS2,Ideal,500,https://www.luvansh.com/product/2416239/igi-certified-2-1-e-vvs2-round-lab-created-diamond-r,https://api.igi.org/viewpdf.php?r=LG764614695,NONE,Excellent,Excellent,57.00%,62.00%,1,8.19 - 8.15 x 5.07 mm,LV-ROUNDEVVS2-764614695
2416322,2.1,E,VVS2,Ideal,500,https://www.luvansh.com/product/2416322/igi-certified-2-1-e-vvs2-round-lab-created-diamond-r,https://api.igi.org/viewpdf.php?r=LG765601176,NONE,Excellent,Excellent,58.00%,61.40%,1,8.21 - 8.17 x 5.04 mm,LV-ROUNDEVVS2-765601176
2415821,2.09,E,VVS2,Ideal,500,https://www.luvansh.com/product/2415821/igi-certified-2-09-e-vvs2-round-lab-created-diamond-r,https://api.igi.org/viewpdf.php?r=LG761524132,NONE,Excellent,Excellent,58.00%,61.90%,1,8.18 - 8.14 x 5.05 mm,LV-ROUNDEVVS2-761524132
2415828,2.09,E,VVS2,Ideal,500,https://www.luvansh.com/product/2415828/igi-certified-2-09-e-vvs2-round-lab-created-diamond-r,https://api.igi.org/viewpdf.php?r=LG761524130,NONE,Excellent,Excellent,58.00%,61.70%,1,8.2 - 8.17 x 5.05 mm,LV-ROUNDEVVS2-761524130
2415842,2.1,E,VVS2,Ideal,500,https://www.luvansh.com/product/2415842/igi-certified-2-1-e-vvs2-round-lab-created-diamond-r,https://api.igi.org/viewpdf.php?r=LG761524133,NONE,Excellent,Excellent,58.00%,61.10%,1.01,8.24 - 8.19 x 5.02 mm,LV-ROUNDEVVS2-761524133
2412633,2.01,D,VVS2,Ideal,500,https://www.luvansh.com/product/2412633/igi-certified-2-01-d-vvs2-round-lab-created-diamond-r,https://api.igi.org/viewpdf.php?r=LG756580727,NONE,Excellent,Excellent,58.00%,62.30%,1,8.02 - 8.05 x 5 mm,LV-ROUNDDVVS2-756580727
2412844,2.02,D,VVS2,Ideal,500,https://www.luvansh.com/product/2412844/igi-certified-2-02-d-vvs2-round-lab-created-diamond-r,https://api.igi.org/viewpdf.php?r=LG756579897,NONE,Excellent,Excellent,56.00%,62.30%,1,8.06 - 8.1 x 5.04 mm,LV-ROUNDDVVS2-756579897
2402297,2.03,D,VVS2,Ideal,500,https://www.luvansh.com/product/2402297/igi-certified-2-03-d-vvs2-round-lab-created-diamond-r,https://api.igi.org/viewpdf.php?r=LG763648973,NONE,Excellent,Excellent,55.00%,62.30%,1,8.09 - 8.12 x 5.05 mm,LV-ROUNDDVVS2-763648973
2402305,2.02,D,VVS2,Ideal,500,https://www.luvansh.com/product/2402305/igi-certified-2-02-d-vvs2-round-lab-created-diamond-r,https://api.igi.org/viewpdf.php?r=LG763649065,NONE,Excellent,Excellent,58.00%,61.30%,1,8.10 - 8.14 x 4.98 mm,LV-ROUNDDVVS2-763649065
2410724,2.22,E,VVS2,Ideal,494,https://www.luvansh.com/product/2410724/igi-certified-2-22-e-vvs2-round-lab-created-diamond-r,https://api.igi.org/viewpdf.php?r=LG770611230,NONE,Excellent,Excellent,57.00%,61.90%,1,8.33 - 8.35 x 5.16 mm,LV-ROUNDEVVS2-770611230
2416328,2.07,E,VVS2,Ideal,494,https://www.luvansh.com/product/2416328/igi-certified-2-07-e-vvs2-round-lab-created-diamond-r,https://api.igi.org/viewpdf.php?r=LG765601164,NONE,Excellent,Excellent,57.00%,62.10%,1,8.14 - 8.1 x 5.05 mm,LV-ROUNDEVVS2-765601164
2416303,2.07,E,VVS2,Ideal,494,https://www.luvansh.com/product/2416303/igi-certified-2-07-e-vvs2-round-lab-created-diamond-r,https://api.igi.org/viewpdf.php?r=LG765601146,NONE,Excellent,Excellent,57.00%,61.90%,1,8.17 - 8.13 x 5.05 mm,LV-ROUNDEVVS2-765601146
2418871,2.05,E,VVS1,Ideal,494,https://www.luvansh.com/product/2418871/igi-certified-2-05-e-vvs1-round-lab-created-diamond-r,https://api.igi.org/viewpdf.php?r=LG633480446,NONE,Excellent,Excellent,55.00%,62.10%,1,8.13 - 8.1 x 5.05 mm,LV-ROUNDEVVS1-633480446
2418851,2.05,E,VVS1,Ideal,494,https://www.luvansh.com/product/2418851/igi-certified-2-05-e-vvs1-round-lab-created-diamond-r,https://api.igi.org/viewpdf.php?r=LG633480240,NONE,Excellent,Excellent,54.50%,62.20%,1,8.14 - 8.11 x 5.06 mm,LV-ROUNDEVVS1-633480240
2416348,2.17,E,VVS2,Ideal,494,https://www.luvansh.com/product/2416348/igi-certified-2-17-e-vvs2-round-lab-created-diamond-r,https://api.igi.org/viewpdf.php?r=LG765601152,NONE,Excellent,Excellent,58.00%,61.50%,1,8.34 - 8.31 x 5.12 mm,LV-ROUNDEVVS2-765601152
2416370,2.07,E,VVS2,Ideal,494,https://www.luvansh.com/product/2416370/igi-certified-2-07-e-vvs2-round-lab-created-diamond-r,https://api.igi.org/viewpdf.php?r=LG765601150,NONE,Excellent,Excellent,57.00%,61.00%,1.01,8.22 - 8.16 x 5.00 mm,LV-ROUNDEVVS2-765601150
2366405,2.08,E,VVS2,Ideal,494,https://www.luvansh.com/product/2366405/igi-certified-2-08-e-vvs2-round-lab-created-diamond-r,https://api.igi.org/viewpdf.php?r=LG761508444,NONE,Excellent,Excellent,58.00%,61.20%,1,8.22 - 8.19 x 5.02 mm,LV-ROUNDEVVS2-761508444
2366833,2.08,E,VVS2,Ideal,494,https://www.luvansh.com/product/2366833/igi-certified-2-08-e-vvs2-round-lab-created-diamond-r,https://api.igi.org/viewpdf.php?r=LG761510068,NONE,Excellent,Excellent,58.00%,61.70%,1,8.18 - 8.15 x 5.03 mm,LV-ROUNDEVVS2-761510068
2366730,2.08,E,VVS2,Ideal,494,https://www.luvansh.com/product/2366730/igi-certified-2-08-e-vvs2-round-lab-created-diamond-r,https://api.igi.org/viewpdf.php?r=LG758554989,NONE,Excellent,Excellent,57.00%,62.30%,1.01,8.19 - 8.12 x 5.07 mm,LV-ROUNDEVVS2-758554989
2366255,2,E,VVS2,Ideal,494,https://www.luvansh.com/product/2366255/igi-certified-2-0-e-vvs2-round-lab-created-diamond-r,https://api.igi.org/viewpdf.php?r=LG761516367,NONE,Excellent,Excellent,58.00%,61.20%,1,8.15 - 8.11 x 4.98 mm,LV-ROUNDEVVS2-761516367
2353278,2,E,VVS2,Ideal,494,https://www.luvansh.com/product/2353278/igi-certified-2-0-e-vvs2-round-lab-created-diamond-r,https://api.igi.org/viewpdf.php?r=LG758555132,NONE,Excellent,Excellent,57.00%,61.00%,1.01,8.1 - 8.05 x 4.92 mm,LV-ROUNDEVVS2-758555132
2353074,2.08,E,VVS2,Ideal,494,https://www.luvansh.com/product/2353074/igi-certified-2-08-e-vvs2-round-lab-created-diamond-r,https://api.igi.org/viewpdf.php?r=LG761516374,NONE,Excellent,Excellent,58.00%,62.00%,1.01,8.19 - 8.14 x 5.06 mm,LV-ROUNDEVVS2-761516374
2328075,2.07,E,VVS2,Ideal,494,https://www.luvansh.com/product/2328075/igi-certified-2-07-e-vvs2-round-lab-created-diamond-r,https://api.igi.org/viewpdf.php?r=LG760506876,NONE,Excellent,Excellent,58.00%,62.10%,1,8.15 - 8.12 x 5.05 mm,LV-ROUNDEVVS2-760506876
2328151,2.08,E,VVS2,Ideal,494,https://www.luvansh.com/product/2328151/igi-certified-2-08-e-vvs2-round-lab-created-diamond-r,https://api.igi.org/viewpdf.php?r=LG760506974,NONE,Excellent,Excellent,58.00%,61.60%,1,8.18 - 8.15 x 5.03 mm,LV-ROUNDEVVS2-760506974
2284435,2.07,F,VVS2,Ideal,494,https://www.luvansh.com/product/2284435/igi-certified-2-07-f-vvs2-round-lab-created-diamond-r,https://api.igi.org/viewpdf.php?r=LG764622293,NONE,Excellent,Excellent,58.00%,61.60%,1,8.19 - 8.17 x 5.03 mm,LV-ROUNDFVVS2-764622293
2284438,2.07,F,VVS2,Ideal,494,https://www.luvansh.com/product/2284438/igi-certified-2-07-f-vvs2-round-lab-created-diamond-r,https://api.igi.org/viewpdf.php?r=LG764620646,NONE,Excellent,Excellent,56.00%,62.10%,1,8.18 - 8.15 x 5.07 mm,LV-ROUNDFVVS2-764620646
2255595,1.96,E,VVS2,Ideal,494,https://www.luvansh.com/product/2255595/igi-certified-1-96-e-vvs2-round-lab-created-diamond-r,https://api.igi.org/viewpdf.php?r=LG761503347,NONE,Excellent,Excellent,55.00%,62.10%,1.01,8.04 - 7.99 x 4.98 mm,LV-ROUNDEVVS2-761503347
2434488,2,D,VVS2,Ideal,494,https://www.luvansh.com/product/2434488/igi-certified-2-0-d-vvs2-round-lab-created-diamond-r,https://api.igi.org/viewpdf.php?r=LG763649628,NONE,Excellent,Excellent,56.00%,61.60%,1,8.10 - 8.14 x 5.00 mm,LV-ROUNDDVVS2-763649628
2430437,2.06,D,VVS2,Ideal,494,https://www.luvansh.com/product/2430437/igi-certified-2-06-d-vvs2-round-lab-created-diamond-r,https://api.igi.org/viewpdf.php?r=LG766650039,NONE,Excellent,Excellent,57.00%,61.40%,1,8.14 - 8.18 x 5.01 mm,LV-ROUNDDVVS2-766650039
2450579,2,D,VVS2,Ideal,494,https://www.luvansh.com/product/2450579/igi-certified-2-0-d-vvs2-round-lab-created-diamond-r,https://api.igi.org/viewpdf.php?r=LG756556481,NONE,Excellent,Excellent,56.00%,62.30%,1,8.01 - 8.05 x 5 mm,LV-ROUNDDVVS2-756556481
2452329,2.05,F,VVS2,Ideal,494,https://www.luvansh.com/product/2452329/igi-certified-2-05-f-vvs2-round-lab-created-diamond-r,https://api.igi.org/viewpdf.php?r=LG769641066,NONE,Excellent,Excellent,57.00%,62.20%,1,8.08 - 8.12 x 5.04 mm,LV-ROUNDFVVS2-769641066
2450284,2,D,VVS2,Ideal,494,https://www.luvansh.com/product/2450284/igi-certified-2-0-d-vvs2-round-lab-created-diamond-r,https://api.igi.org/viewpdf.php?r=LG758512488,NONE,Excellent,Excellent,56.00%,62.20%,1,8.02 - 8.06 x 5.01 mm,LV-ROUNDDVVS2-758512488
2450426,2,D,VVS2,Ideal,494,https://www.luvansh.com/product/2450426/igi-certified-2-0-d-vvs2-round-lab-created-diamond-r,https://api.igi.org/viewpdf.php?r=LG758512474,NONE,Excellent,Excellent,56.00%,61.80%,1,8.06 - 8.1 x 4.99 mm,LV-ROUNDDVVS2-758512474
2450150,2,D,VVS2,Ideal,494,https://www.luvansh.com/product/2450150/igi-certified-2-0-d-vvs2-round-lab-created-diamond-r,https://api.igi.org/viewpdf.php?r=LG758512491,NONE,Excellent,Excellent,57.00%,61.40%,1,8.05 - 8.09 x 4.96 mm,LV-ROUNDDVVS2-758512491
2450239,2,D,VVS2,Ideal,494,https://www.luvansh.com/product/2450239/igi-certified-2-0-d-vvs2-round-lab-created-diamond-r,https://api.igi.org/viewpdf.php?r=LG756556488,NONE,Excellent,Excellent,58.00%,62.00%,1,8.02 - 8.06 x 4.99 mm,LV-ROUNDDVVS2-756556488
2439001,2.18,E,VVS2,Ideal,494,https://www.luvansh.com/product/2439001/igi-certified-2-18-e-vvs2-round-lab-created-diamond-r,https://api.igi.org/viewpdf.php?r=LG764617604,NONE,Excellent,Excellent,57.00%,61.30%,1,8.34 - 8.3 x 5.10 mm,LV-ROUNDEVVS2-764617604
2439078,2.16,E,VVS2,Ideal,494,https://www.luvansh.com/product/2439078/igi-certified-2-16-e-vvs2-round-lab-created-diamond-r,https://api.igi.org/viewpdf.php?r=LG764695536,NONE,Excellent,Excellent,57.00%,61.00%,1,8.31 - 8.28 x 5.06 mm,LV-ROUNDEVVS2-764695536
2179694,2.1,E,VVS2,Ideal,494,https://www.luvansh.com/product/2179694/igi-certified-2-1-e-vvs2-round-lab-created-diamond-r,https://api.igi.org/viewpdf.php?r=LG754504398,NONE,Excellent,Excellent,58.00%,62.10%,1,8.16 - 8.13 x 5.06 mm,LV-ROUNDEVVS2-754504398
2179700,2.09,E,VVS2,Ideal,494,https://www.luvansh.com/product/2179700/igi-certified-2-09-e-vvs2-round-lab-created-diamond-r,https://api.igi.org/viewpdf.php?r=LG754574957,NONE,Excellent,Excellent,57.00%,61.80%,1,8.18 - 8.16 x 5.05 mm,LV-ROUNDEVVS2-754574957
2160250,2.07,F,VVS1,Ideal,494,https://www.luvansh.com/product/2160250/igi-certified-2-07-f-vvs1-round-lab-created-diamond-r,https://api.igi.org/viewpdf.php?r=LG752579520,NONE,Excellent,Excellent,58.00%,61.80%,1,8.17 - 8.14 x 5.04 mm,LV-ROUNDFVVS1-752579520
2231784,1.96,E,VVS2,Ideal,494,https://www.luvansh.com/product/2231784/igi-certified-1-96-e-vvs2-round-lab-created-diamond-r,https://api.igi.org/viewpdf.php?r=LG758501878,NONE,Excellent,Excellent,58.00%,61.00%,1.01,8.1 - 8.04 x 4.92 mm,LV-ROUNDEVVS2-758501878
2114188,2.07,F,VVS1,Ideal,494,https://www.luvansh.com/product/2114188/igi-certified-2-07-f-vvs1-round-lab-created-diamond-r,https://api.igi.org/viewpdf.php?r=LG724579761,NONE,Excellent,Excellent,58.00%,62.30%,1,8.15 - 8.13 x 5.07 mm,LV-ROUNDFVVS1-724579761
2113058,2.07,F,VVS1,Ideal,494,https://www.luvansh.com/product/2113058/igi-certified-2-07-f-vvs1-round-lab-created-diamond-r,https://api.igi.org/viewpdf.php?r=LG729533893,NONE,Excellent,Excellent,58.00%,61.20%,1.01,8.26 - 8.18 x 5.03 mm,LV-ROUNDFVVS1-729533893
2113261,2.07,F,VVS1,Ideal,494,https://www.luvansh.com/product/2113261/igi-certified-2-07-f-vvs1-round-lab-created-diamond-r,https://api.igi.org/viewpdf.php?r=LG725509093,NONE,Excellent,Excellent,58.00%,61.50%,1.01,8.22 - 8.17 x 5.03 mm,LV-ROUNDFVVS1-725509093
2110972,2.06,F,VVS1,Ideal,494,https://www.luvansh.com/product/2110972/igi-certified-2-06-f-vvs1-round-lab-created-diamond-r,https://api.igi.org/viewpdf.php?r=LG681542846,NONE,Excellent,Excellent,58.00%,61.90%,1,8.15 - 8.12 x 5.04 mm,LV-ROUNDFVVS1-681542846
2111036,2.08,F,VVS1,Ideal,494,https://www.luvansh.com/product/2111036/igi-certified-2-08-f-vvs1-round-lab-created-diamond-r,https://api.igi.org/viewpdf.php?r=LG687554561,NONE,Excellent,Excellent,58.00%,61.50%,1,8.22 - 8.18 x 5.04 mm,LV-ROUNDFVVS1-687554561
1874072,1.97,E,VVS2,Ideal,494,https://www.luvansh.com/product/1874072/igi-certified-1-97-e-vvs2-round-lab-created-diamond-r,https://api.igi.org/viewpdf.php?r=LG694530388,NONE,Excellent,Excellent,58.00%,61.80%,1.01,8.07 - 8 x 4.98 mm,LV-ROUNDEVVS2-694530388
1961951,1.96,D,VVS2,Ideal,494,https://www.luvansh.com/product/1961951/igi-certified-1-96-d-vvs2-round-lab-created-diamond-r,https://api.igi.org/viewpdf.php?r=LG747527270,NONE,Excellent,Excellent,57.00%,61.20%,1,7.99 - 8.02 x 4.9 mm,LV-ROUNDDVVS2-747527270
2410724,2.22,E,VVS2,Ideal,494,https://www.luvansh.com/product/2410724/igi-certified-2-22-e-vvs2-round-lab-created-diamond-r,https://api.igi.org/viewpdf.php?r=LG770611230,NONE,Excellent,Excellent,57.00%,61.90%,1,8.33 - 8.35 x 5.16 mm,LV-ROUNDEVVS2-770611230
2416328,2.07,E,VVS2,Ideal,494,https://www.luvansh.com/product/2416328/igi-certified-2-07-e-vvs2-round-lab-created-diamond-r,https://api.igi.org/viewpdf.php?r=LG765601164,NONE,Excellent,Excellent,57.00%,62.10%,1,8.14 - 8.1 x 5.05 mm,LV-ROUNDEVVS2-765601164
2416303,2.07,E,VVS2,Ideal,494,https://www.luvansh.com/product/2416303/igi-certified-2-07-e-vvs2-round-lab-created-diamond-r,https://api.igi.org/viewpdf.php?r=LG765601146,NONE,Excellent,Excellent,57.00%,61.90%,1,8.17 - 8.13 x 5.05 mm,LV-ROUNDEVVS2-765601146
2418871,2.05,E,VVS1,Ideal,494,https://www.luvansh.com/product/2418871/igi-certified-2-05-e-vvs1-round-lab-created-diamond-r,https://api.igi.org/viewpdf.php?r=LG633480446,NONE,Excellent,Excellent,55.00%,62.10%,1,8.13 - 8.1 x 5.05 mm,LV-ROUNDEVVS1-633480446
2418851,2.05,E,VVS1,Ideal,494,https://www.luvansh.com/product/2418851/igi-certified-2-05-e-vvs1-round-lab-created-diamond-r,https://api.igi.org/viewpdf.php?r=LG633480240,NONE,Excellent,Excellent,54.50%,62.20%,1,8.14 - 8.11 x 5.06 mm,LV-ROUNDEVVS1-633480240
2416348,2.17,E,VVS2,Ideal,494,https://www.luvansh.com/product/2416348/igi-certified-2-17-e-vvs2-round-lab-created-diamond-r,https://api.igi.org/viewpdf.php?r=LG765601152,NONE,Excellent,Excellent,58.00%,61.50%,1,8.34 - 8.31 x 5.12 mm,LV-ROUNDEVVS2-765601152
2416370,2.07,E,VVS2,Ideal,494,https://www.luvansh.com/product/2416370/igi-certified-2-07-e-vvs2-round-lab-created-diamond-r,https://api.igi.org/viewpdf.php?r=LG765601150,NONE,Excellent,Excellent,57.00%,61.00%,1.01,8.22 - 8.16 x 5.00 mm,LV-ROUNDEVVS2-765601150
2366405,2.08,E,VVS2,Ideal,494,https://www.luvansh.com/product/2366405/igi-certified-2-08-e-vvs2-round-lab-created-diamond-r,https://api.igi.org/viewpdf.php?r=LG761508444,NONE,Excellent,Excellent,58.00%,61.20%,1,8.22 - 8.19 x 5.02 mm,LV-ROUNDEVVS2-761508444
2366833,2.08,E,VVS2,Ideal,494,https://www.luvansh.com/product/2366833/igi-certified-2-08-e-vvs2-round-lab-created-diamond-r,https://api.igi.org/viewpdf.php?r=LG761510068,NONE,Excellent,Excellent,58.00%,61.70%,1,8.18 - 8.15 x 5.03 mm,LV-ROUNDEVVS2-761510068
2366730,2.08,E,VVS2,Ideal,494,https://www.luvansh.com/product/2366730/igi-certified-2-08-e-vvs2-round-lab-created-diamond-r,https://api.igi.org/viewpdf.php?r=LG758554989,NONE,Excellent,Excellent,57.00%,62.30%,1.01,8.19 - 8.12 x 5.07 mm,LV-ROUNDEVVS2-758554989
2366255,2,E,VVS2,Ideal,494,https://www.luvansh.com/product/2366255/igi-certified-2-0-e-vvs2-round-lab-created-diamond-r,https://api.igi.org/viewpdf.php?r=LG761516367,NONE,Excellent,Excellent,58.00%,61.20%,1,8.15 - 8.11 x 4.98 mm,LV-ROUNDEVVS2-761516367
2353278,2,E,VVS2,Ideal,494,https://www.luvansh.com/product/2353278/igi-certified-2-0-e-vvs2-round-lab-created-diamond-r,https://api.igi.org/viewpdf.php?r=LG758555132,NONE,Excellent,Excellent,57.00%,61.00%,1.01,8.1 - 8.05 x 4.92 mm,LV-ROUNDEVVS2-758555132
2353074,2.08,E,VVS2,Ideal,494,https://www.luvansh.com/product/2353074/igi-certified-2-08-e-vvs2-round-lab-created-diamond-r,https://api.igi.org/viewpdf.php?r=LG761516374,NONE,Excellent,Excellent,58.00%,62.00%,1.01,8.19 - 8.14 x 5.06 mm,LV-ROUNDEVVS2-761516374
2328075,2.07,E,VVS2,Ideal,494,https://www.luvansh.com/product/2328075/igi-certified-2-07-e-vvs2-round-lab-created-diamond-r,https://api.igi.org/viewpdf.php?r=LG760506876,NONE,Excellent,Excellent,58.00%,62.10%,1,8.15 - 8.12 x 5.05 mm,LV-ROUNDEVVS2-760506876
2328151,2.08,E,VVS2,Ideal,494,https://www.luvansh.com/product/2328151/igi-certified-2-08-e-vvs2-round-lab-created-diamond-r,https://api.igi.org/viewpdf.php?r=LG760506974,NONE,Excellent,Excellent,58.00%,61.60%,1,8.18 - 8.15 x 5.03 mm,LV-ROUNDEVVS2-760506974
2284435,2.07,F,VVS2,Ideal,494,https://www.luvansh.com/product/2284435/igi-certified-2-07-f-vvs2-round-lab-created-diamond-r,https://api.igi.org/viewpdf.php?r=LG764622293,NONE,Excellent,Excellent,58.00%,61.60%,1,8.19 - 8.17 x 5.03 mm,LV-ROUNDFVVS2-764622293
2284438,2.07,F,VVS2,Ideal,494,https://www.luvansh.com/product/2284438/igi-certified-2-07-f-vvs2-round-lab-created-diamond-r,https://api.igi.org/viewpdf.php?r=LG764620646,NONE,Excellent,Excellent,56.00%,62.10%,1,8.18 - 8.15 x 5.07 mm,LV-ROUNDFVVS2-764620646
2255595,1.96,E,VVS2,Ideal,494,https://www.luvansh.com/product/2255595/igi-certified-1-96-e-vvs2-round-lab-created-diamond-r,https://api.igi.org/viewpdf.php?r=LG761503347,NONE,Excellent,Excellent,55.00%,62.10%,1.01,8.04 - 7.99 x 4.98 mm,LV-ROUNDEVVS2-761503347
2434488,2,D,VVS2,Ideal,494,https://www.luvansh.com/product/2434488/igi-certified-2-0-d-vvs2-round-lab-created-diamond-r,https://api.igi.org/viewpdf.php?r=LG763649628,NONE,Excellent,Excellent,56.00%,61.60%,1,8.10 - 8.14 x 5.00 mm,LV-ROUNDDVVS2-763649628
2430437,2.06,D,VVS2,Ideal,494,https://www.luvansh.com/product/2430437/igi-certified-2-06-d-vvs2-round-lab-created-diamond-r,https://api.igi.org/viewpdf.php?r=LG766650039,NONE,Excellent,Excellent,57.00%,61.40%,1,8.14 - 8.18 x 5.01 mm,LV-ROUNDDVVS2-766650039
2450579,2,D,VVS2,Ideal,494,https://www.luvansh.com/product/2450579/igi-certified-2-0-d-vvs2-round-lab-created-diamond-r,https://api.igi.org/viewpdf.php?r=LG756556481,NONE,Excellent,Excellent,56.00%,62.30%,1,8.01 - 8.05 x 5 mm,LV-ROUNDDVVS2-756556481
2452329,2.05,F,VVS2,Ideal,494,https://www.luvansh.com/product/2452329/igi-certified-2-05-f-vvs2-round-lab-created-diamond-r,https://api.igi.org/viewpdf.php?r=LG769641066,NONE,Excellent,Excellent,57.00%,62.20%,1,8.08 - 8.12 x 5.04 mm,LV-ROUNDFVVS2-769641066
2450284,2,D,VVS2,Ideal,494,https://www.luvansh.com/product/2450284/igi-certified-2-0-d-vvs2-round-lab-created-diamond-r,https://api.igi.org/viewpdf.php?r=LG758512488,NONE,Excellent,Excellent,56.00%,62.20%,1,8.02 - 8.06 x 5.01 mm,LV-ROUNDDVVS2-758512488
2450426,2,D,VVS2,Ideal,494,https://www.luvansh.com/product/2450426/igi-certified-2-0-d-vvs2-round-lab-created-diamond-r,https://api.igi.org/viewpdf.php?r=LG758512474,NONE,Excellent,Excellent,56.00%,61.80%,1,8.06 - 8.1 x 4.99 mm,LV-ROUNDDVVS2-758512474
2450150,2,D,VVS2,Ideal,494,https://www.luvansh.com/product/2450150/igi-certified-2-0-d-vvs2-round-lab-created-diamond-r,https://api.igi.org/viewpdf.php?r=LG758512491,NONE,Excellent,Excellent,57.00%,61.40%,1,8.05 - 8.09 x 4.96 mm,LV-ROUNDDVVS2-758512491
2450239,2,D,VVS2,Ideal,494,https://www.luvansh.com/product/2450239/igi-certified-2-0-d-vvs2-round-lab-created-diamond-r,https://api.igi.org/viewpdf.php?r=LG756556488,NONE,Excellent,Excellent,58.00%,62.00%,1,8.02 - 8.06 x 4.99 mm,LV-ROUNDDVVS2-756556488
2439001,2.18,E,VVS2,Ideal,494,https://www.luvansh.com/product/2439001/igi-certified-2-18-e-vvs2-round-lab-created-diamond-r,https://api.igi.org/viewpdf.php?r=LG764617604,NONE,Excellent,Excellent,57.00%,61.30%,1,8.34 - 8.3 x 5.10 mm,LV-ROUNDEVVS2-764617604
2439078,2.16,E,VVS2,Ideal,494,https://www.luvansh.com/product/2439078/igi-certified-2-16-e-vvs2-round-lab-created-diamond-r,https://api.igi.org/viewpdf.php?r=LG764695536,NONE,Excellent,Excellent,57.00%,61.00%,1,8.31 - 8.28 x 5.06 mm,LV-ROUNDEVVS2-764695536
2179694,2.1,E,VVS2,Ideal,494,https://www.luvansh.com/product/2179694/igi-certified-2-1-e-vvs2-round-lab-created-diamond-r,https://api.igi.org/viewpdf.php?r=LG754504398,NONE,Excellent,Excellent,58.00%,62.10%,1,8.16 - 8.13 x 5.06 mm,LV-ROUNDEVVS2-754504398
2179700,2.09,E,VVS2,Ideal,494,https://www.luvansh.com/product/2179700/igi-certified-2-09-e-vvs2-round-lab-created-diamond-r,https://api.igi.org/viewpdf.php?r=LG754574957,NONE,Excellent,Excellent,57.00%,61.80%,1,8.18 - 8.16 x 5.05 mm,LV-ROUNDEVVS2-754574957
2160250,2.07,F,VVS1,Ideal,494,https://www.luvansh.com/product/2160250/igi-certified-2-07-f-vvs1-round-lab-created-diamond-r,https://api.igi.org/viewpdf.php?r=LG752579520,NONE,Excellent,Excellent,58.00%,61.80%,1,8.17 - 8.14 x 5.04 mm,LV-ROUNDFVVS1-752579520
2231784,1.96,E,VVS2,Ideal,494,https://www.luvansh.com/product/2231784/igi-certified-1-96-e-vvs2-round-lab-created-diamond-r,https://api.igi.org/viewpdf.php?r=LG758501878,NONE,Excellent,Excellent,58.00%,61.00%,1.01,8.1 - 8.04 x 4.92 mm,LV-ROUNDEVVS2-758501878
2114188,2.07,F,VVS1,Ideal,494,https://www.luvansh.com/product/2114188/igi-certified-2-07-f-vvs1-round-lab-created-diamond-r,https://api.igi.org/viewpdf.php?r=LG724579761,NONE,Excellent,Excellent,58.00%,62.30%,1,8.15 - 8.13 x 5.07 mm,LV-ROUNDFVVS1-724579761
2113058,2.07,F,VVS1,Ideal,494,https://www.luvansh.com/product/2113058/igi-certified-2-07-f-vvs1-round-lab-created-diamond-r,https://api.igi.org/viewpdf.php?r=LG729533893,NONE,Excellent,Excellent,58.00%,61.20%,1.01,8.26 - 8.18 x 5.03 mm,LV-ROUNDFVVS1-729533893
2113261,2.07,F,VVS1,Ideal,494,https://www.luvansh.com/product/2113261/igi-certified-2-07-f-vvs1-round-lab-created-diamond-r,https://api.igi.org/viewpdf.php?r=LG725509093,NONE,Excellent,Excellent,58.00%,61.50%,1.01,8.22 - 8.17 x 5.03 mm,LV-ROUNDFVVS1-725509093
2110972,2.06,F,VVS1,Ideal,494,https://www.luvansh.com/product/2110972/igi-certified-2-06-f-vvs1-round-lab-created-diamond-r,https://api.igi.org/viewpdf.php?r=LG681542846,NONE,Excellent,Excellent,58.00%,61.90%,1,8.15 - 8.12 x 5.04 mm,LV-ROUNDFVVS1-681542846
2111036,2.08,F,VVS1,Ideal,494,https://www.luvansh.com/product/2111036/igi-certified-2-08-f-vvs1-round-lab-created-diamond-r,https://api.igi.org/viewpdf.php?r=LG687554561,NONE,Excellent,Excellent,58.00%,61.50%,1,8.22 - 8.18 x 5.04 mm,LV-ROUNDFVVS1-687554561
1874072,1.97,E,VVS2,Ideal,494,https://www.luvansh.com/product/1874072/igi-certified-1-97-e-vvs2-round-lab-created-diamond-r,https://api.igi.org/viewpdf.php?r=LG694530388,NONE,Excellent,Excellent,58.00%,61.80%,1.01,8.07 - 8 x 4.98 mm,LV-ROUNDEVVS2-694530388
1961951,1.96,D,VVS2,Ideal,494,https://www.luvansh.com/product/1961951/igi-certified-1-96-d-vvs2-round-lab-created-diamond-r,https://api.igi.org/viewpdf.php?r=LG747527270,NONE,Excellent,Excellent,57.00%,61.20%,1,7.99 - 8.02 x 4.9 mm,LV-ROUNDDVVS2-747527270
1806837,2.1,F,VVS1,Ideal,490,https://www.luvansh.com/product/1806837/igi-certified-2-1-f-vvs1-round-lab-created-diamond-r,https://api.igi.org/viewpdf.php?r=LG741540355,NONE,Excellent,Excellent,57.00%,61.70%,1,8.22 - 8.2 x 5.07 mm,LV-ROUNDFVVS1-741540355
2030019,2.1,E,VVS2,Ideal,490,https://www.luvansh.com/product/2030019/igi-certified-2-1-e-vvs2-round-lab-created-diamond-r,https://api.igi.org/viewpdf.php?r=LG751507200,NONE,Excellent,Excellent,57.00%,62.00%,1,8.24 - 8.21 x 5.1 mm,LV-ROUNDEVVS2-751507200
2079366,2.08,D,VVS2,Ideal,490,https://www.luvansh.com/product/2079366/igi-certified-2-08-d-vvs2-round-lab-created-diamond-r,https://api.igi.org/viewpdf.php?r=LG747526588,NONE,Excellent,Excellent,56.00%,62.30%,1,8.14 - 8.18 x 5.09 mm,LV-ROUNDDVVS2-LG747526588
2231767,2.05,E,VVS2,Ideal,490,https://www.luvansh.com/product/2231767/igi-certified-2-05-e-vvs2-round-lab-created-diamond-r,https://api.igi.org/viewpdf.php?r=LG757535443,NONE,Excellent,Excellent,57.00%,62.30%,1.01,8.16 - 8.11 x 5.06 mm,LV-ROUNDEVVS2-757535443
2238454,2.04,E,VVS2,Ideal,490,https://www.luvansh.com/product/2238454/igi-certified-2-04-e-vvs2-round-lab-created-diamond-r,https://api.igi.org/viewpdf.php?r=LG758586801,NONE,Excellent,Excellent,58.00%,61.10%,1,8.18 - 8.14 x 4.98 mm,LV-ROUNDEVVS2-758586801
2244136,2.04,E,VVS2,Ideal,490,https://www.luvansh.com/product/2244136/igi-certified-2-04-e-vvs2-round-lab-created-diamond-r,https://api.igi.org/viewpdf.php?r=LG760510126,NONE,Excellent,Excellent,56.00%,62.30%,1,8.16 - 8.12 x 5.07 mm,LV-ROUNDEVVS2-760510126
2164599,2.25,F,VVS2,Ideal,490,https://www.luvansh.com/product/2164599/igi-certified-2-25-f-vvs2-round-lab-created-diamond-r,https://api.igi.org/viewpdf.php?r=LG756526823,NONE,Excellent,Excellent,56.00%,61.50%,1,8.39 - 8.42 x 5.17 mm,LV-ROUNDFVVS2-756526823
2178991,2.1,E,VVS2,Ideal,490,https://www.luvansh.com/product/2178991/igi-certified-2-1-e-vvs2-round-lab-created-diamond-r,https://api.igi.org/viewpdf.php?r=LG751516969,NONE,Excellent,Excellent,58.00%,61.50%,1,8.25 - 8.21 x 5.06 mm,LV-ROUNDEVVS2-751516969
2179531,2.1,E,VVS2,Ideal,490,https://www.luvansh.com/product/2179531/igi-certified-2-1-e-vvs2-round-lab-created-diamond-r,https://api.igi.org/viewpdf.php?r=LG752521545,NONE,Excellent,Excellent,58.00%,61.80%,1,8.22 - 8.2 x 5.07 mm,LV-ROUNDEVVS2-752521545
2179534,2.1,E,VVS2,Ideal,490,https://www.luvansh.com/product/2179534/igi-certified-2-1-e-vvs2-round-lab-created-diamond-r,https://api.igi.org/viewpdf.php?r=LG752521628,NONE,Excellent,Excellent,56.00%,62.30%,1,8.2 - 8.16 x 5.09 mm,LV-ROUNDEVVS2-752521628
1513849,1.87,F,VVS2,Ideal,490,https://www.luvansh.com/product/1513849/igi-certified-1-87-f-vvs2-round-lab-created-diamond-r,https://api.igi.org/viewpdf.php?r=LG654413689,NONE,Excellent,Excellent,56.00%,61.60%,1,7.900 - 7.920 x 61.6 mm,LV-ROUNDFVVS2-654413689
2450570,2.11,D,VVS2,Ideal,490,https://www.luvansh.com/product/2450570/igi-certified-2-11-d-vvs2-round-lab-created-diamond-r,https://api.igi.org/viewpdf.php?r=LG756567098,NONE,Excellent,Excellent,58.00%,61.90%,1,8.17 - 8.2 x 5.06 mm,LV-ROUNDDVVS2-756567098
2289623,2.05,E,VVS2,Ideal,490,https://www.luvansh.com/product/2289623/igi-certified-2-05-e-vvs2-round-lab-created-diamond-r,https://api.igi.org/viewpdf.php?r=LG764608398,NONE,Excellent,Excellent,56.00%,62.30%,1.01,8.14 - 8.08 x 5.05 mm,LV-ROUNDEVVS2-LG764608398
2289634,2.05,E,VVS2,Ideal,490,https://www.luvansh.com/product/2289634/igi-certified-2-05-e-vvs2-round-lab-created-diamond-r,https://api.igi.org/viewpdf.php?r=LG764636340,NONE,Excellent,Excellent,57.00%,61.40%,1,8.17 - 8.13 x 5.00 mm,LV-ROUNDEVVS2-LG764636340
2328205,2.1,F,VVS2,Ideal,490,https://www.luvansh.com/product/2328205/igi-certified-2-1-f-vvs2-round-lab-created-diamond-r,https://api.igi.org/viewpdf.php?r=LG756562328,NONE,Excellent,Excellent,57.00%,61.90%,1,8.21 - 8.17 x 5.06 mm,LV-ROUNDFVVS2-756562328
2353243,2.06,E,VVS2,Ideal,490,https://www.luvansh.com/product/2353243/igi-certified-2-06-e-vvs2-round-lab-created-diamond-r,https://api.igi.org/viewpdf.php?r=LG758554553,NONE,Excellent,Excellent,58.00%,61.10%,1,8.17 - 8.15 x 4.98 mm,LV-ROUNDEVVS2-758554553
2416315,2.06,E,VVS2,Ideal,490,https://www.luvansh.com/product/2416315/igi-certified-2-06-e-vvs2-round-lab-created-diamond-r,https://api.igi.org/viewpdf.php?r=LG765601158,NONE,Excellent,Excellent,54.00%,61.50%,1.01,8.22 - 8.17 x 5.04 mm,LV-ROUNDEVVS2-765601158
1806837,2.1,F,VVS1,Ideal,490,https://www.luvansh.com/product/1806837/igi-certified-2-1-f-vvs1-round-lab-created-diamond-r,https://api.igi.org/viewpdf.php?r=LG741540355,NONE,Excellent,Excellent,57.00%,61.70%,1,8.22 - 8.2 x 5.07 mm,LV-ROUNDFVVS1-741540355
2030019,2.1,E,VVS2,Ideal,490,https://www.luvansh.com/product/2030019/igi-certified-2-1-e-vvs2-round-lab-created-diamond-r,https://api.igi.org/viewpdf.php?r=LG751507200,NONE,Excellent,Excellent,57.00%,62.00%,1,8.24 - 8.21 x 5.1 mm,LV-ROUNDEVVS2-751507200
2079366,2.08,D,VVS2,Ideal,490,https://www.luvansh.com/product/2079366/igi-certified-2-08-d-vvs2-round-lab-created-diamond-r,https://api.igi.org/viewpdf.php?r=LG747526588,NONE,Excellent,Excellent,56.00%,62.30%,1,8.14 - 8.18 x 5.09 mm,LV-ROUNDDVVS2-LG747526588
2231767,2.05,E,VVS2,Ideal,490,https://www.luvansh.com/product/2231767/igi-certified-2-05-e-vvs2-round-lab-created-diamond-r,https://api.igi.org/viewpdf.php?r=LG757535443,NONE,Excellent,Excellent,57.00%,62.30%,1.01,8.16 - 8.11 x 5.06 mm,LV-ROUNDEVVS2-757535443
2238454,2.04,E,VVS2,Ideal,490,https://www.luvansh.com/product/2238454/igi-certified-2-04-e-vvs2-round-lab-created-diamond-r,https://api.igi.org/viewpdf.php?r=LG758586801,NONE,Excellent,Excellent,58.00%,61.10%,1,8.18 - 8.14 x 4.98 mm,LV-ROUNDEVVS2-758586801
2244136,2.04,E,VVS2,Ideal,490,https://www.luvansh.com/product/2244136/igi-certified-2-04-e-vvs2-round-lab-created-diamond-r,https://api.igi.org/viewpdf.php?r=LG760510126,NONE,Excellent,Excellent,56.00%,62.30%,1,8.16 - 8.12 x 5.07 mm,LV-ROUNDEVVS2-760510126
2164599,2.25,F,VVS2,Ideal,490,https://www.luvansh.com/product/2164599/igi-certified-2-25-f-vvs2-round-lab-created-diamond-r,https://api.igi.org/viewpdf.php?r=LG756526823,NONE,Excellent,Excellent,56.00%,61.50%,1,8.39 - 8.42 x 5.17 mm,LV-ROUNDFVVS2-756526823
2178991,2.1,E,VVS2,Ideal,490,https://www.luvansh.com/product/2178991/igi-certified-2-1-e-vvs2-round-lab-created-diamond-r,https://api.igi.org/viewpdf.php?r=LG751516969,NONE,Excellent,Excellent,58.00%,61.50%,1,8.25 - 8.21 x 5.06 mm,LV-ROUNDEVVS2-751516969
2179531,2.1,E,VVS2,Ideal,490,https://www.luvansh.com/product/2179531/igi-certified-2-1-e-vvs2-round-lab-created-diamond-r,https://api.igi.org/viewpdf.php?r=LG752521545,NONE,Excellent,Excellent,58.00%,61.80%,1,8.22 - 8.2 x 5.07 mm,LV-ROUNDEVVS2-752521545
2179534,2.1,E,VVS2,Ideal,490,https://www.luvansh.com/product/2179534/igi-certified-2-1-e-vvs2-round-lab-created-diamond-r,https://api.igi.org/viewpdf.php?r=LG752521628,NONE,Excellent,Excellent,56.00%,62.30%,1,8.2 - 8.16 x 5.09 mm,LV-ROUNDEVVS2-752521628
1513849,1.87,F,VVS2,Ideal,490,https://www.luvansh.com/product/1513849/igi-certified-1-87-f-vvs2-round-lab-created-diamond-r,https://api.igi.org/viewpdf.php?r=LG654413689,NONE,Excellent,Excellent,56.00%,61.60%,1,7.900 - 7.920 x 61.6 mm,LV-ROUNDFVVS2-654413689
2450570,2.11,D,VVS2,Ideal,490,https://www.luvansh.com/product/2450570/igi-certified-2-11-d-vvs2-round-lab-created-diamond-r,https://api.igi.org/viewpdf.php?r=LG756567098,NONE,Excellent,Excellent,58.00%,61.90%,1,8.17 - 8.2 x 5.06 mm,LV-ROUNDDVVS2-756567098
2289623,2.05,E,VVS2,Ideal,490,https://www.luvansh.com/product/2289623/igi-certified-2-05-e-vvs2-round-lab-created-diamond-r,https://api.igi.org/viewpdf.php?r=LG764608398,NONE,Excellent,Excellent,56.00%,62.30%,1.01,8.14 - 8.08 x 5.05 mm,LV-ROUNDEVVS2-LG764608398
2289634,2.05,E,VVS2,Ideal,490,https://www.luvansh.com/product/2289634/igi-certified-2-05-e-vvs2-round-lab-created-diamond-r,https://api.igi.org/viewpdf.php?r=LG764636340,NONE,Excellent,Excellent,57.00%,61.40%,1,8.17 - 8.13 x 5.00 mm,LV-ROUNDEVVS2-LG764636340
2328205,2.1,F,VVS2,Ideal,490,https://www.luvansh.com/product/2328205/igi-certified-2-1-f-vvs2-round-lab-created-diamond-r,https://api.igi.org/viewpdf.php?r=LG756562328,NONE,Excellent,Excellent,57.00%,61.90%,1,8.21 - 8.17 x 5.06 mm,LV-ROUNDFVVS2-756562328
2353243,2.06,E,VVS2,Ideal,490,https://www.luvansh.com/product/2353243/igi-certified-2-06-e-vvs2-round-lab-created-diamond-r,https://api.igi.org/viewpdf.php?r=LG758554553,NONE,Excellent,Excellent,58.00%,61.10%,1,8.17 - 8.15 x 4.98 mm,LV-ROUNDEVVS2-758554553
2416315,2.06,E,VVS2,Ideal,490,https://www.luvansh.com/product/2416315/igi-certified-2-06-e-vvs2-round-lab-created-diamond-r,https://api.igi.org/viewpdf.php?r=LG765601158,NONE,Excellent,Excellent,54.00%,61.50%,1.01,8.22 - 8.17 x 5.04 mm,LV-ROUNDEVVS2-765601158
2418852,2.09,F,VVS1,Ideal,484,https://www.luvansh.com/product/2418852/igi-certified-2-09-f-vvs1-round-lab-created-diamond-r,https://api.igi.org/viewpdf.php?r=LG633480517,NONE,Excellent,Excellent,57.50%,61.50%,1,8.21 - 8.19 x 5.05 mm,LV-ROUNDFVVS1-633480517
2418862,2.08,F,VVS1,Ideal,484,https://www.luvansh.com/product/2418862/igi-certified-2-08-f-vvs1-round-lab-created-diamond-r,https://api.igi.org/viewpdf.php?r=LG633480474,NONE,Excellent,Excellent,58.00%,61.10%,1,8.21 - 8.2 x 5.02 mm,LV-ROUNDFVVS1-633480474
2415621,2.02,F,VVS2,Ideal,484,https://www.luvansh.com/product/2415621/igi-certified-2-02-f-vvs2-round-lab-created-diamond-r,https://api.igi.org/viewpdf.php?r=LG761523323,NONE,Excellent,Excellent,58.00%,61.50%,1,8.12 - 8.08 x 4.98 mm,LV-ROUNDFVVS2-761523323
2328057,2.01,F,VVS2,Ideal,484,https://www.luvansh.com/product/2328057/igi-certified-2-01-f-vvs2-round-lab-created-diamond-r,https://api.igi.org/viewpdf.php?r=LG760506962,NONE,Excellent,Excellent,57.00%,61.60%,1,8.07 - 8.05 x 4.97 mm,LV-ROUNDFVVS2-760506962
2419161,2.08,F,VVS1,Ideal,484,https://www.luvansh.com/product/2419161/igi-certified-2-08-f-vvs1-round-lab-created-diamond-r,https://api.igi.org/viewpdf.php?r=LG728519602,NONE,Excellent,Excellent,56.00%,62.00%,1.01,8.2 - 8.15 x 5.07 mm,LV-ROUNDFVVS1-728519602
2431391,2.02,D,VVS2,Ideal,484,https://www.luvansh.com/product/2431391/igi-certified-2-02-d-vvs2-round-lab-created-diamond-r,https://api.igi.org/viewpdf.php?r=LG774631706,NONE,Excellent,Excellent,58.00%,61.20%,1,8.14 - 8.18 x 5 mm,LV-ROUNDDVVS2-774631706
2438993,2.13,E,VVS2,Ideal,484,https://www.luvansh.com/product/2438993/igi-certified-2-13-e-vvs2-round-lab-created-diamond-r,https://api.igi.org/viewpdf.php?r=LG764617593,NONE,Excellent,Excellent,56.00%,62.30%,1,8.21 - 8.17 x 5.11 mm,LV-ROUNDEVVS2-764617593
2439028,2.13,E,VVS2,Ideal,484,https://www.luvansh.com/product/2439028/igi-certified-2-13-e-vvs2-round-lab-created-diamond-r,https://api.igi.org/viewpdf.php?r=LG764695360,NONE,Excellent,Excellent,58.00%,61.60%,1.01,8.27 - 8.22 x 5.08 mm,LV-ROUNDEVVS2-764695360
2439047,2.13,E,VVS2,Ideal,484,https://www.luvansh.com/product/2439047/igi-certified-2-13-e-vvs2-round-lab-created-diamond-r,https://api.igi.org/viewpdf.php?r=LG764695361,NONE,Excellent,Excellent,57.00%,61.90%,1,8.24 - 8.2 x 5.09 mm,LV-ROUNDEVVS2-764695361
2153452,2.04,E,VVS2,Ideal,484,https://www.luvansh.com/product/2153452/igi-certified-2-04-e-vvs2-round-lab-created-diamond-r,https://api.igi.org/viewpdf.php?r=LG764636285,NONE,Excellent,Excellent,55.00%,61.70%,1,8.19 - 8.16 x 5.05 mm,LV-ROUNDEVVS2-LG764636285
2231773,2.03,E,VVS2,Ideal,484,https://www.luvansh.com/product/2231773/igi-certified-2-03-e-vvs2-round-lab-created-diamond-r,https://api.igi.org/viewpdf.php?r=LG758501642,NONE,Excellent,Excellent,58.00%,61.80%,1,8.14 - 8.1 x 5.02 mm,LV-ROUNDEVVS2-758501642
2178175,2.09,E,VVS2,Ideal,484,https://www.luvansh.com/product/2178175/igi-certified-2-09-e-vvs2-round-lab-created-diamond-r,https://api.igi.org/viewpdf.php?r=LG750527439,NONE,Excellent,Excellent,58.00%,61.80%,1.01,8.23 - 8.15 x 5.06 mm,LV-ROUNDEVVS2-750527439
1961950,1.93,D,VVS2,Ideal,484,https://www.luvansh.com/product/1961950/igi-certified-1-93-d-vvs2-round-lab-created-diamond-r,https://api.igi.org/viewpdf.php?r=LG747527269,NONE,Excellent,Excellent,57.00%,61.50%,1,7.96 - 7.99 x 4.91 mm,LV-ROUNDDVVS2-747527269
2418852,2.09,F,VVS1,Ideal,484,https://www.luvansh.com/product/2418852/igi-certified-2-09-f-vvs1-round-lab-created-diamond-r,https://api.igi.org/viewpdf.php?r=LG633480517,NONE,Excellent,Excellent,57.50%,61.50%,1,8.21 - 8.19 x 5.05 mm,LV-ROUNDFVVS1-633480517
2418862,2.08,F,VVS1,Ideal,484,https://www.luvansh.com/product/2418862/igi-certified-2-08-f-vvs1-round-lab-created-diamond-r,https://api.igi.org/viewpdf.php?r=LG633480474,NONE,Excellent,Excellent,58.00%,61.10%,1,8.21 - 8.2 x 5.02 mm,LV-ROUNDFVVS1-633480474
2415621,2.02,F,VVS2,Ideal,484,https://www.luvansh.com/product/2415621/igi-certified-2-02-f-vvs2-round-lab-created-diamond-r,https://api.igi.org/viewpdf.php?r=LG761523323,NONE,Excellent,Excellent,58.00%,61.50%,1,8.12 - 8.08 x 4.98 mm,LV-ROUNDFVVS2-761523323
2328057,2.01,F,VVS2,Ideal,484,https://www.luvansh.com/product/2328057/igi-certified-2-01-f-vvs2-round-lab-created-diamond-r,https://api.igi.org/viewpdf.php?r=LG760506962,NONE,Excellent,Excellent,57.00%,61.60%,1,8.07 - 8.05 x 4.97 mm,LV-ROUNDFVVS2-760506962
2419161,2.08,F,VVS1,Ideal,484,https://www.luvansh.com/product/2419161/igi-certified-2-08-f-vvs1-round-lab-created-diamond-r,https://api.igi.org/viewpdf.php?r=LG728519602,NONE,Excellent,Excellent,56.00%,62.00%,1.01,8.2 - 8.15 x 5.07 mm,LV-ROUNDFVVS1-728519602
2431391,2.02,D,VVS2,Ideal,484,https://www.luvansh.com/product/2431391/igi-certified-2-02-d-vvs2-round-lab-created-diamond-r,https://api.igi.org/viewpdf.php?r=LG774631706,NONE,Excellent,Excellent,58.00%,61.20%,1,8.14 - 8.18 x 5 mm,LV-ROUNDDVVS2-774631706
2438993,2.13,E,VVS2,Ideal,484,https://www.luvansh.com/product/2438993/igi-certified-2-13-e-vvs2-round-lab-created-diamond-r,https://api.igi.org/viewpdf.php?r=LG764617593,NONE,Excellent,Excellent,56.00%,62.30%,1,8.21 - 8.17 x 5.11 mm,LV-ROUNDEVVS2-764617593
2439028,2.13,E,VVS2,Ideal,484,https://www.luvansh.com/product/2439028/igi-certified-2-13-e-vvs2-round-lab-created-diamond-r,https://api.igi.org/viewpdf.php?r=LG764695360,NONE,Excellent,Excellent,58.00%,61.60%,1.01,8.27 - 8.22 x 5.08 mm,LV-ROUNDEVVS2-764695360
2439047,2.13,E,VVS2,Ideal,484,https://www.luvansh.com/product/2439047/igi-certified-2-13-e-vvs2-round-lab-created-diamond-r,https://api.igi.org/viewpdf.php?r=LG764695361,NONE,Excellent,Excellent,57.00%,61.90%,1,8.24 - 8.2 x 5.09 mm,LV-ROUNDEVVS2-764695361
2153452,2.04,E,VVS2,Ideal,484,https://www.luvansh.com/product/2153452/igi-certified-2-04-e-vvs2-round-lab-created-diamond-r,https://api.igi.org/viewpdf.php?r=LG764636285,NONE,Excellent,Excellent,55.00%,61.70%,1,8.19 - 8.16 x 5.05 mm,LV-ROUNDEVVS2-LG764636285
2231773,2.03,E,VVS2,Ideal,484,https://www.luvansh.com/product/2231773/igi-certified-2-03-e-vvs2-round-lab-created-diamond-r,https://api.igi.org/viewpdf.php?r=LG758501642,NONE,Excellent,Excellent,58.00%,61.80%,1,8.14 - 8.1 x 5.02 mm,LV-ROUNDEVVS2-758501642
2178175,2.09,E,VVS2,Ideal,484,https://www.luvansh.com/product/2178175/igi-certified-2-09-e-vvs2-round-lab-created-diamond-r,https://api.igi.org/viewpdf.php?r=LG750527439,NONE,Excellent,Excellent,58.00%,61.80%,1.01,8.23 - 8.15 x 5.06 mm,LV-ROUNDEVVS2-750527439
1961950,1.93,D,VVS2,Ideal,484,https://www.luvansh.com/product/1961950/igi-certified-1-93-d-vvs2-round-lab-created-diamond-r,https://api.igi.org/viewpdf.php?r=LG747527269,NONE,Excellent,Excellent,57.00%,61.50%,1,7.96 - 7.99 x 4.91 mm,LV-ROUNDDVVS2-747527269
2026097,2.07,E,VVS2,Ideal,480,https://www.luvansh.com/product/2026097/igi-certified-2-07-e-vvs2-round-lab-created-diamond-r,https://api.igi.org/viewpdf.php?r=LG749563836,NONE,Excellent,Excellent,57.00%,61.70%,1.01,8.2 - 8.15 x 5.04 mm,LV-ROUNDEVVS2-749563836
1927467,1.93,E,VVS2,Ideal,480,https://www.luvansh.com/product/1927467/igi-certified-1-93-e-vvs2-round-lab-created-diamond-r,https://api.igi.org/viewpdf.php?r=LG747569088,NONE,Excellent,Excellent,56.00%,61.60%,1,7.97 - 7.99 x 4.91 mm,LV-ROUNDEVVS2-747569088
2242109,2.03,E,VVS2,Ideal,480,https://www.luvansh.com/product/2242109/igi-certified-2-03-e-vvs2-round-lab-created-diamond-r,https://api.igi.org/viewpdf.php?r=LG759530216,NONE,Excellent,Excellent,58.00%,62.00%,1,8.13 - 8.09 x 5.03 mm,LV-ROUNDEVVS2-759530216
2242115,2,E,VVS2,Ideal,480,https://www.luvansh.com/product/2242115/igi-certified-2-0-e-vvs2-round-lab-created-diamond-r,https://api.igi.org/viewpdf.php?r=LG759526831,NONE,Excellent,Excellent,56.00%,62.00%,1,8.09 - 8.05 x 5 mm,LV-ROUNDEVVS2-759526831
2240127,2.01,E,VVS2,Ideal,480,https://www.luvansh.com/product/2240127/igi-certified-2-01-e-vvs2-round-lab-created-diamond-r,https://api.igi.org/viewpdf.php?r=LG759525448,NONE,Excellent,Excellent,57.00%,62.20%,1.01,8.08 - 8 x 5 mm,LV-ROUNDEVVS2-759525448
2438982,1.96,E,VVS2,Ideal,480,https://www.luvansh.com/product/2438982/igi-certified-1-96-e-vvs2-round-lab-created-diamond-r,https://api.igi.org/viewpdf.php?r=LG764617033,NONE,Excellent,Excellent,58.00%,62.30%,1.01,7.97 - 7.93 x 4.96 mm,LV-ROUNDEVVS2-764617033
2439014,2.11,E,VVS2,Ideal,480,https://www.luvansh.com/product/2439014/igi-certified-2-11-e-vvs2-round-lab-created-diamond-r,https://api.igi.org/viewpdf.php?r=LG764617591,NONE,Excellent,Excellent,57.00%,62.30%,1,8.19 - 8.15 x 5.09 mm,LV-ROUNDEVVS2-764617591
2438927,2.16,F,VVS2,Ideal,480,https://www.luvansh.com/product/2438927/igi-certified-2-16-f-vvs2-round-lab-created-diamond-r,https://api.igi.org/viewpdf.php?r=LG764617612,NONE,Excellent,Excellent,57.00%,61.10%,1.01,8.32 - 8.26 x 5.07 mm,LV-ROUNDFVVS2-764617612
2431410,2,D,VVS2,Ideal,480,https://www.luvansh.com/product/2431410/igi-certified-2-0-d-vvs2-round-lab-created-diamond-r,https://api.igi.org/viewpdf.php?r=LG770602049,NONE,Excellent,Excellent,58.00%,61.60%,1,8.04 - 8.08 x 4.96 mm,LV-ROUNDDVVS2-770602049
2428776,2,D,VVS2,Ideal,480,https://www.luvansh.com/product/2428776/igi-certified-2-0-d-vvs2-round-lab-created-diamond-r,https://api.igi.org/viewpdf.php?r=LG744516121,NONE,Excellent,Excellent,57.00%,61.70%,1,8.09 - 8.12 x 5.01 mm,LV-ROUNDDVVS2-744516121
2429088,2.27,E,VVS2,Ideal,480,https://www.luvansh.com/product/2429088/igi-certified-2-27-e-vvs2-round-lab-created-diamond-r,https://api.igi.org/viewpdf.php?r=LG761525014,NONE,Excellent,Excellent,58.00%,61.30%,1,8.44 - 8.47 x 5.18 mm,LV-ROUNDEVVS2-761525014
2253114,2.02,F,VVS2,Ideal,480,https://www.luvansh.com/product/2253114/igi-certified-2-02-f-vvs2-round-lab-created-diamond-r,https://api.igi.org/viewpdf.php?r=LG760583792,NONE,Excellent,Excellent,58.00%,61.10%,1.01,8.19 - 8.12 x 4.99 mm,LV-ROUNDFVVS2-760583792
2255476,2.01,F,VVS2,Ideal,480,https://www.luvansh.com/product/2255476/igi-certified-2-01-f-vvs2-round-lab-created-diamond-r,https://api.igi.org/viewpdf.php?r=LG760592911,NONE,Excellent,Excellent,56.00%,61.40%,1,8.11 - 8.08 x 4.97 mm,LV-ROUNDFVVS2-760592911
2321537,2.2,F,VVS2,Ideal,480,https://www.luvansh.com/product/2321537/igi-certified-2-2-f-vvs2-round-lab-created-diamond-r,https://api.igi.org/viewpdf.php?r=LG767607915,NONE,Excellent,Excellent,58.00%,61.60%,1,8.31 - 8.34 x 5.13 mm,LV-ROUNDFVVS2-767607915
2366690,2.07,F,VVS2,Ideal,480,https://www.luvansh.com/product/2366690/igi-certified-2-07-f-vvs2-round-lab-created-diamond-r,https://api.igi.org/viewpdf.php?r=LG760507108,NONE,Excellent,Excellent,58.00%,62.10%,1,8.14 - 8.11 x 5.05 mm,LV-ROUNDFVVS2-760507108
2416330,2.11,E,VVS2,Ideal,480,https://www.luvansh.com/product/2416330/igi-certified-2-11-e-vvs2-round-lab-created-diamond-r,https://api.igi.org/viewpdf.php?r=LG765601144,NONE,Excellent,Excellent,55.00%,61.50%,1,8.25 - 8.21 x 5.06 mm,LV-ROUNDEVVS2-765601144
2418838,2.05,F,VVS1,Ideal,480,https://www.luvansh.com/product/2418838/igi-certified-2-05-f-vvs1-round-lab-created-diamond-r,https://api.igi.org/viewpdf.php?r=LG633478434,NONE,Excellent,Excellent,57.00%,62.30%,1,8.1 - 8.08 x 5.04 mm,LV-ROUNDFVVS1-633478434
2026097,2.07,E,VVS2,Ideal,480,https://www.luvansh.com/product/2026097/igi-certified-2-07-e-vvs2-round-lab-created-diamond-r,https://api.igi.org/viewpdf.php?r=LG749563836,NONE,Excellent,Excellent,57.00%,61.70%,1.01,8.2 - 8.15 x 5.04 mm,LV-ROUNDEVVS2-749563836
1927467,1.93,E,VVS2,Ideal,480,https://www.luvansh.com/product/1927467/igi-certified-1-93-e-vvs2-round-lab-created-diamond-r,https://api.igi.org/viewpdf.php?r=LG747569088,NONE,Excellent,Excellent,56.00%,61.60%,1,7.97 - 7.99 x 4.91 mm,LV-ROUNDEVVS2-747569088
2242109,2.03,E,VVS2,Ideal,480,https://www.luvansh.com/product/2242109/igi-certified-2-03-e-vvs2-round-lab-created-diamond-r,https://api.igi.org/viewpdf.php?r=LG759530216,NONE,Excellent,Excellent,58.00%,62.00%,1,8.13 - 8.09 x 5.03 mm,LV-ROUNDEVVS2-759530216
2242115,2,E,VVS2,Ideal,480,https://www.luvansh.com/product/2242115/igi-certified-2-0-e-vvs2-round-lab-created-diamond-r,https://api.igi.org/viewpdf.php?r=LG759526831,NONE,Excellent,Excellent,56.00%,62.00%,1,8.09 - 8.05 x 5 mm,LV-ROUNDEVVS2-759526831
2240127,2.01,E,VVS2,Ideal,480,https://www.luvansh.com/product/2240127/igi-certified-2-01-e-vvs2-round-lab-created-diamond-r,https://api.igi.org/viewpdf.php?r=LG759525448,NONE,Excellent,Excellent,57.00%,62.20%,1.01,8.08 - 8 x 5 mm,LV-ROUNDEVVS2-759525448
2438982,1.96,E,VVS2,Ideal,480,https://www.luvansh.com/product/2438982/igi-certified-1-96-e-vvs2-round-lab-created-diamond-r,https://api.igi.org/viewpdf.php?r=LG764617033,NONE,Excellent,Excellent,58.00%,62.30%,1.01,7.97 - 7.93 x 4.96 mm,LV-ROUNDEVVS2-764617033
2439014,2.11,E,VVS2,Ideal,480,https://www.luvansh.com/product/2439014/igi-certified-2-11-e-vvs2-round-lab-created-diamond-r,https://api.igi.org/viewpdf.php?r=LG764617591,NONE,Excellent,Excellent,57.00%,62.30%,1,8.19 - 8.15 x 5.09 mm,LV-ROUNDEVVS2-764617591
2438927,2.16,F,VVS2,Ideal,480,https://www.luvansh.com/product/2438927/igi-certified-2-16-f-vvs2-round-lab-created-diamond-r,https://api.igi.org/viewpdf.php?r=LG764617612,NONE,Excellent,Excellent,57.00%,61.10%,1.01,8.32 - 8.26 x 5.07 mm,LV-ROUNDFVVS2-764617612
2431410,2,D,VVS2,Ideal,480,https://www.luvansh.com/product/2431410/igi-certified-2-0-d-vvs2-round-lab-created-diamond-r,https://api.igi.org/viewpdf.php?r=LG770602049,NONE,Excellent,Excellent,58.00%,61.60%,1,8.04 - 8.08 x 4.96 mm,LV-ROUNDDVVS2-770602049
2428776,2,D,VVS2,Ideal,480,https://www.luvansh.com/product/2428776/igi-certified-2-0-d-vvs2-round-lab-created-diamond-r,https://api.igi.org/viewpdf.php?r=LG744516121,NONE,Excellent,Excellent,57.00%,61.70%,1,8.09 - 8.12 x 5.01 mm,LV-ROUNDDVVS2-744516121
2429088,2.27,E,VVS2,Ideal,480,https://www.luvansh.com/product/2429088/igi-certified-2-27-e-vvs2-round-lab-created-diamond-r,https://api.igi.org/viewpdf.php?r=LG761525014,NONE,Excellent,Excellent,58.00%,61.30%,1,8.44 - 8.47 x 5.18 mm,LV-ROUNDEVVS2-761525014
2253114,2.02,F,VVS2,Ideal,480,https://www.luvansh.com/product/2253114/igi-certified-2-02-f-vvs2-round-lab-created-diamond-r,https://api.igi.org/viewpdf.php?r=LG760583792,NONE,Excellent,Excellent,58.00%,61.10%,1.01,8.19 - 8.12 x 4.99 mm,LV-ROUNDFVVS2-760583792
2255476,2.01,F,VVS2,Ideal,480,https://www.luvansh.com/product/2255476/igi-certified-2-01-f-vvs2-round-lab-created-diamond-r,https://api.igi.org/viewpdf.php?r=LG760592911,NONE,Excellent,Excellent,56.00%,61.40%,1,8.11 - 8.08 x 4.97 mm,LV-ROUNDFVVS2-760592911
2321537,2.2,F,VVS2,Ideal,480,https://www.luvansh.com/product/2321537/igi-certified-2-2-f-vvs2-round-lab-created-diamond-r,https://api.igi.org/viewpdf.php?r=LG767607915,NONE,Excellent,Excellent,58.00%,61.60%,1,8.31 - 8.34 x 5.13 mm,LV-ROUNDFVVS2-767607915
2366690,2.07,F,VVS2,Ideal,480,https://www.luvansh.com/product/2366690/igi-certified-2-07-f-vvs2-round-lab-created-diamond-r,https://api.igi.org/viewpdf.php?r=LG760507108,NONE,Excellent,Excellent,58.00%,62.10%,1,8.14 - 8.11 x 5.05 mm,LV-ROUNDFVVS2-760507108
2416330,2.11,E,VVS2,Ideal,480,https://www.luvansh.com/product/2416330/igi-certified-2-11-e-vvs2-round-lab-created-diamond-r,https://api.igi.org/viewpdf.php?r=LG765601144,NONE,Excellent,Excellent,55.00%,61.50%,1,8.25 - 8.21 x 5.06 mm,LV-ROUNDEVVS2-765601144
2418838,2.05,F,VVS1,Ideal,480,https://www.luvansh.com/product/2418838/igi-certified-2-05-f-vvs1-round-lab-created-diamond-r,https://api.igi.org/viewpdf.php?r=LG633478434,NONE,Excellent,Excellent,57.00%,62.30%,1,8.1 - 8.08 x 5.04 mm,LV-ROUNDFVVS1-633478434
2372260,2.1,D,VVS2,Ideal,474,https://www.luvansh.com/product/2372260/igi-certified-2-1-d-vvs2-round-lab-created-diamond-r,https://api.igi.org/viewpdf.php?r=LG741584812,NONE,Excellent,Excellent,58.00%,61.30%,1.01,8.26 - 8.2 x 5.04 mm,LV-ROUNDDVVS2-741584812
2372269,2.1,D,VVS2,Ideal,474,https://www.luvansh.com/product/2372269/igi-certified-2-1-d-vvs2-round-lab-created-diamond-r,https://api.igi.org/viewpdf.php?r=LG741558954,NONE,Excellent,Excellent,58.00%,61.50%,1.01,8.24 - 8.18 x 5.05 mm,LV-ROUNDDVVS2-741558954
2372276,2.1,D,VVS2,Ideal,474,https://www.luvansh.com/product/2372276/igi-certified-2-1-d-vvs2-round-lab-created-diamond-r,https://api.igi.org/viewpdf.php?r=LG744505540,NONE,Excellent,Excellent,58.00%,61.60%,1,8.21 - 8.17 x 5.05 mm,LV-ROUNDDVVS2-744505540
2337181,2.09,D,VVS2,Ideal,474,https://www.luvansh.com/product/2337181/igi-certified-2-09-d-vvs2-round-lab-created-diamond-r,https://api.igi.org/viewpdf.php?r=LG744520226,NONE,Excellent,Excellent,58.00%,61.90%,1.01,8.2 - 8.14 x 5.06 mm,LV-ROUNDDVVS2-744520226
2248349,2,F,VVS2,Ideal,474,https://www.luvansh.com/product/2248349/igi-certified-2-0-f-vvs2-round-lab-created-diamond-r,https://api.igi.org/viewpdf.php?r=LG760553620,NONE,Excellent,Excellent,58.00%,61.20%,1,8.17 - 8.13 x 4.99 mm,LV-ROUNDFVVS2-760553620
2434546,1.91,D,VVS2,Ideal,474,https://www.luvansh.com/product/2434546/igi-certified-1-91-d-vvs2-round-lab-created-diamond-r,https://api.igi.org/viewpdf.php?r=LG772610016,NONE,Excellent,Excellent,57.00%,61.20%,1,8.00 - 8.02 x 4.90 mm,LV-ROUNDDVVS2-772610016
2442795,2.08,E,VVS2,Ideal,474,https://www.luvansh.com/product/2442795/igi-certified-2-08-e-vvs2-round-lab-created-diamond-r,https://api.igi.org/viewpdf.php?r=LG762519086,NONE,Excellent,Excellent,57.00%,61.90%,1,8.13 - 8.15 x 5.04 mm,LV-ROUNDEVVS2-762519086
2442799,2.08,E,VVS2,Ideal,474,https://www.luvansh.com/product/2442799/igi-certified-2-08-e-vvs2-round-lab-created-diamond-r,https://api.igi.org/viewpdf.php?r=LG762519141,NONE,Excellent,Excellent,56.00%,62.30%,1,8.12 - 8.16 x 5.08 mm,LV-ROUNDEVVS2-762519141
2452414,2,E,VVS2,Ideal,474,https://www.luvansh.com/product/2452414/igi-certified-2-0-e-vvs2-round-lab-created-diamond-r,https://api.igi.org/viewpdf.php?r=LG769641010,NONE,Excellent,Excellent,57.00%,62.00%,1,8.02 - 8.05 x 4.98 mm,LV-ROUNDEVVS2-769641010
2152813,2.1,D,VVS2,Ideal,474,https://www.luvansh.com/product/2152813/igi-certified-2-1-d-vvs2-round-lab-created-diamond-r,https://api.igi.org/viewpdf.php?r=LG739596536,NONE,Excellent,Excellent,58.00%,61.20%,1.01,8.26 - 8.21 x 5.04 mm,LV-ROUNDDVVS2-739596536
2152828,2.1,D,VVS2,Ideal,474,https://www.luvansh.com/product/2152828/igi-certified-2-1-d-vvs2-round-lab-created-diamond-r,https://api.igi.org/viewpdf.php?r=LG739596155,NONE,Excellent,Excellent,58.00%,61.30%,1,8.23 - 8.21 x 5.04 mm,LV-ROUNDDVVS2-739596155
2152868,2.09,D,VVS2,Ideal,474,https://www.luvansh.com/product/2152868/igi-certified-2-09-d-vvs2-round-lab-created-diamond-r,https://api.igi.org/viewpdf.php?r=LG747551573,NONE,Excellent,Excellent,56.00%,62.30%,1,8.21 - 8.17 x 5.1 mm,LV-ROUNDDVVS2-747551573
2152887,2.09,D,VVS2,Ideal,474,https://www.luvansh.com/product/2152887/igi-certified-2-09-d-vvs2-round-lab-created-diamond-r,https://api.igi.org/viewpdf.php?r=LG754538180,NONE,Excellent,Excellent,57.00%,61.90%,1,8.21 - 8.18 x 5.07 mm,LV-ROUNDDVVS2-754538180
2152897,2.09,D,VVS2,Ideal,474,https://www.luvansh.com/product/2152897/igi-certified-2-09-d-vvs2-round-lab-created-diamond-r,https://api.igi.org/viewpdf.php?r=LG749534190,NONE,Excellent,Excellent,57.00%,61.10%,1.01,8.24 - 8.19 x 5.02 mm,LV-ROUNDDVVS2-749534190
2159775,2.09,D,VVS2,Ideal,474,https://www.luvansh.com/product/2159775/igi-certified-2-09-d-vvs2-round-lab-created-diamond-r,https://api.igi.org/viewpdf.php?r=LG739596611,NONE,Excellent,Excellent,57.00%,62.20%,1.01,8.18 - 8.13 x 5.07 mm,LV-ROUNDDVVS2-739596611
2182097,2.1,D,VVS2,Ideal,474,https://www.luvansh.com/product/2182097/igi-certified-2-1-d-vvs2-round-lab-created-diamond-r,https://api.igi.org/viewpdf.php?r=LG749559428,NONE,Excellent,Excellent,58.00%,62.00%,1,8.17 - 8.15 x 5.06 mm,LV-ROUNDDVVS2-749559428
1927439,1.91,E,VVS2,Ideal,474,https://www.luvansh.com/product/1927439/igi-certified-1-91-e-vvs2-round-lab-created-diamond-r,https://api.igi.org/viewpdf.php?r=LG738517171,NONE,Excellent,Excellent,57.00%,61.10%,1,7.97 - 7.99 x 4.87 mm,LV-ROUNDEVVS2-738517171
2116080,2.1,D,VVS2,Ideal,474,https://www.luvansh.com/product/2116080/igi-certified-2-1-d-vvs2-round-lab-created-diamond-r,https://api.igi.org/viewpdf.php?r=LG746545583,NONE,Excellent,Excellent,58.00%,61.70%,1,8.2 - 8.16 x 5.05 mm,LV-ROUNDDVVS2-746545583
2116704,2.1,D,VVS2,Ideal,474,https://www.luvansh.com/product/2116704/igi-certified-2-1-d-vvs2-round-lab-created-diamond-r,https://api.igi.org/viewpdf.php?r=LG747519875,NONE,Excellent,Excellent,58.00%,61.70%,1.01,8.2 - 8.15 x 5.04 mm,LV-ROUNDDVVS2-747519875
2115911,2.1,D,VVS2,Ideal,474,https://www.luvansh.com/product/2115911/igi-certified-2-1-d-vvs2-round-lab-created-diamond-r,https://api.igi.org/viewpdf.php?r=LG746501725,NONE,Excellent,Excellent,57.00%,62.30%,1,8.21 - 8.17 x 5.1 mm,LV-ROUNDDVVS2-746501725
2372260,2.1,D,VVS2,Ideal,474,https://www.luvansh.com/product/2372260/igi-certified-2-1-d-vvs2-round-lab-created-diamond-r,https://api.igi.org/viewpdf.php?r=LG741584812,NONE,Excellent,Excellent,58.00%,61.30%,1.01,8.26 - 8.2 x 5.04 mm,LV-ROUNDDVVS2-741584812
2372269,2.1,D,VVS2,Ideal,474,https://www.luvansh.com/product/2372269/igi-certified-2-1-d-vvs2-round-lab-created-diamond-r,https://api.igi.org/viewpdf.php?r=LG741558954,NONE,Excellent,Excellent,58.00%,61.50%,1.01,8.24 - 8.18 x 5.05 mm,LV-ROUNDDVVS2-741558954
2372276,2.1,D,VVS2,Ideal,474,https://www.luvansh.com/product/2372276/igi-certified-2-1-d-vvs2-round-lab-created-diamond-r,https://api.igi.org/viewpdf.php?r=LG744505540,NONE,Excellent,Excellent,58.00%,61.60%,1,8.21 - 8.17 x 5.05 mm,LV-ROUNDDVVS2-744505540
2337181,2.09,D,VVS2,Ideal,474,https://www.luvansh.com/product/2337181/igi-certified-2-09-d-vvs2-round-lab-created-diamond-r,https://api.igi.org/viewpdf.php?r=LG744520226,NONE,Excellent,Excellent,58.00%,61.90%,1.01,8.2 - 8.14 x 5.06 mm,LV-ROUNDDVVS2-744520226
2248349,2,F,VVS2,Ideal,474,https://www.luvansh.com/product/2248349/igi-certified-2-0-f-vvs2-round-lab-created-diamond-r,https://api.igi.org/viewpdf.php?r=LG760553620,NONE,Excellent,Excellent,58.00%,61.20%,1,8.17 - 8.13 x 4.99 mm,LV-ROUNDFVVS2-760553620
2434546,1.91,D,VVS2,Ideal,474,https://www.luvansh.com/product/2434546/igi-certified-1-91-d-vvs2-round-lab-created-diamond-r,https://api.igi.org/viewpdf.php?r=LG772610016,NONE,Excellent,Excellent,57.00%,61.20%,1,8.00 - 8.02 x 4.90 mm,LV-ROUNDDVVS2-772610016
2442795,2.08,E,VVS2,Ideal,474,https://www.luvansh.com/product/2442795/igi-certified-2-08-e-vvs2-round-lab-created-diamond-r,https://api.igi.org/viewpdf.php?r=LG762519086,NONE,Excellent,Excellent,57.00%,61.90%,1,8.13 - 8.15 x 5.04 mm,LV-ROUNDEVVS2-762519086
2442799,2.08,E,VVS2,Ideal,474,https://www.luvansh.com/product/2442799/igi-certified-2-08-e-vvs2-round-lab-created-diamond-r,https://api.igi.org/viewpdf.php?r=LG762519141,NONE,Excellent,Excellent,56.00%,62.30%,1,8.12 - 8.16 x 5.08 mm,LV-ROUNDEVVS2-762519141
2452414,2,E,VVS2,Ideal,474,https://www.luvansh.com/product/2452414/igi-certified-2-0-e-vvs2-round-lab-created-diamond-r,https://api.igi.org/viewpdf.php?r=LG769641010,NONE,Excellent,Excellent,57.00%,62.00%,1,8.02 - 8.05 x 4.98 mm,LV-ROUNDEVVS2-769641010
2152813,2.1,D,VVS2,Ideal,474,https://www.luvansh.com/product/2152813/igi-certified-2-1-d-vvs2-round-lab-created-diamond-r,https://api.igi.org/viewpdf.php?r=LG739596536,NONE,Excellent,Excellent,58.00%,61.20%,1.01,8.26 - 8.21 x 5.04 mm,LV-ROUNDDVVS2-739596536
2152828,2.1,D,VVS2,Ideal,474,https://www.luvansh.com/product/2152828/igi-certified-2-1-d-vvs2-round-lab-created-diamond-r,https://api.igi.org/viewpdf.php?r=LG739596155,NONE,Excellent,Excellent,58.00%,61.30%,1,8.23 - 8.21 x 5.04 mm,LV-ROUNDDVVS2-739596155
2152868,2.09,D,VVS2,Ideal,474,https://www.luvansh.com/product/2152868/igi-certified-2-09-d-vvs2-round-lab-created-diamond-r,https://api.igi.org/viewpdf.php?r=LG747551573,NONE,Excellent,Excellent,56.00%,62.30%,1,8.21 - 8.17 x 5.1 mm,LV-ROUNDDVVS2-747551573
2152887,2.09,D,VVS2,Ideal,474,https://www.luvansh.com/product/2152887/igi-certified-2-09-d-vvs2-round-lab-created-diamond-r,https://api.igi.org/viewpdf.php?r=LG754538180,NONE,Excellent,Excellent,57.00%,61.90%,1,8.21 - 8.18 x 5.07 mm,LV-ROUNDDVVS2-754538180
2152897,2.09,D,VVS2,Ideal,474,https://www.luvansh.com/product/2152897/igi-certified-2-09-d-vvs2-round-lab-created-diamond-r,https://api.igi.org/viewpdf.php?r=LG749534190,NONE,Excellent,Excellent,57.00%,61.10%,1.01,8.24 - 8.19 x 5.02 mm,LV-ROUNDDVVS2-749534190
2159775,2.09,D,VVS2,Ideal,474,https://www.luvansh.com/product/2159775/igi-certified-2-09-d-vvs2-round-lab-created-diamond-r,https://api.igi.org/viewpdf.php?r=LG739596611,NONE,Excellent,Excellent,57.00%,62.20%,1.01,8.18 - 8.13 x 5.07 mm,LV-ROUNDDVVS2-739596611
2182097,2.1,D,VVS2,Ideal,474,https://www.luvansh.com/product/2182097/igi-certified-2-1-d-vvs2-round-lab-created-diamond-r,https://api.igi.org/viewpdf.php?r=LG749559428,NONE,Excellent,Excellent,58.00%,62.00%,1,8.17 - 8.15 x 5.06 mm,LV-ROUNDDVVS2-749559428
1927439,1.91,E,VVS2,Ideal,474,https://www.luvansh.com/product/1927439/igi-certified-1-91-e-vvs2-round-lab-created-diamond-r,https://api.igi.org/viewpdf.php?r=LG738517171,NONE,Excellent,Excellent,57.00%,61.10%,1,7.97 - 7.99 x 4.87 mm,LV-ROUNDEVVS2-738517171
2116080,2.1,D,VVS2,Ideal,474,https://www.luvansh.com/product/2116080/igi-certified-2-1-d-vvs2-round-lab-created-diamond-r,https://api.igi.org/viewpdf.php?r=LG746545583,NONE,Excellent,Excellent,58.00%,61.70%,1,8.2 - 8.16 x 5.05 mm,LV-ROUNDDVVS2-746545583
2116704,2.1,D,VVS2,Ideal,474,https://www.luvansh.com/product/2116704/igi-certified-2-1-d-vvs2-round-lab-created-diamond-r,https://api.igi.org/viewpdf.php?r=LG747519875,NONE,Excellent,Excellent,58.00%,61.70%,1.01,8.2 - 8.15 x 5.04 mm,LV-ROUNDDVVS2-747519875
2115911,2.1,D,VVS2,Ideal,474,https://www.luvansh.com/product/2115911/igi-certified-2-1-d-vvs2-round-lab-created-diamond-r,https://api.igi.org/viewpdf.php?r=LG746501725,NONE,Excellent,Excellent,57.00%,62.30%,1,8.21 - 8.17 x 5.1 mm,LV-ROUNDDVVS2-746501725
1961864,1.87,D,VVS2,Ideal,470,https://www.luvansh.com/product/1961864/igi-certified-1-87-d-vvs2-round-lab-created-diamond-r,https://api.igi.org/viewpdf.php?r=LG738517131,NONE,Excellent,Excellent,58.00%,62.10%,1,7.85 - 7.88 x 4.88 mm,LV-ROUNDDVVS2-738517131
1927540,1.9,E,VVS2,Ideal,470,https://www.luvansh.com/product/1927540/igi-certified-1-9-e-vvs2-round-lab-created-diamond-r,https://api.igi.org/viewpdf.php?r=LG750570587,NONE,Excellent,Excellent,58.00%,61.30%,1,7.93 - 7.96 x 4.87 mm,LV-ROUNDEVVS2-750570587
1927388,1.9,E,VVS2,Ideal,470,https://www.luvansh.com/product/1927388/igi-certified-1-9-e-vvs2-round-lab-created-diamond-r,https://api.igi.org/viewpdf.php?r=LG732584943,NONE,Excellent,Excellent,56.00%,61.80%,1,7.89 - 7.92 x 4.88 mm,LV-ROUNDEVVS2-732584943
1927416,1.89,E,VVS2,Ideal,470,https://www.luvansh.com/product/1927416/igi-certified-1-89-e-vvs2-round-lab-created-diamond-r,https://api.igi.org/viewpdf.php?r=LG735513103,NONE,Excellent,Excellent,56.00%,61.90%,1,7.92 - 7.95 x 4.91 mm,LV-ROUNDEVVS2-735513103
1927429,1.92,F,VVS2,Ideal,470,https://www.luvansh.com/product/1927429/igi-certified-1-92-f-vvs2-round-lab-created-diamond-r,https://api.igi.org/viewpdf.php?r=LG738516907,NONE,Excellent,Excellent,56.00%,62.20%,1,7.95 - 7.98 x 4.95 mm,LV-ROUNDFVVS2-738516907
2176551,2.08,D,VVS2,Ideal,470,https://www.luvansh.com/product/2176551/igi-certified-2-08-d-vvs2-round-lab-created-diamond-r,https://api.igi.org/viewpdf.php?r=LG759529117,NONE,Excellent,Excellent,57.00%,61.50%,1,8.22 - 8.25 x 5.06 mm,LV-ROUNDDVVS2-LG759529117
2176552,2.08,D,VVS2,Ideal,470,https://www.luvansh.com/product/2176552/igi-certified-2-08-d-vvs2-round-lab-created-diamond-r,https://api.igi.org/viewpdf.php?r=LG759529149,NONE,Excellent,Excellent,57.00%,61.70%,1,8.21 - 8.24 x 5.07 mm,LV-ROUNDDVVS2-LG759529149
2137982,2.25,F,VVS2,Ideal,470,https://www.luvansh.com/product/2137982/igi-certified-2-25-f-vvs2-round-lab-created-diamond-r,https://api.igi.org/viewpdf.php?r=LG546215972,NONE,Excellent,Excellent,58.00%,62.00%,1.01,8.41 - 8.35 x 5.19 mm,LV-ROUNDFVVS2-LG546215972
2430292,2.26,F,VVS2,Ideal,470,https://www.luvansh.com/product/2430292/igi-certified-2-26-f-vvs2-round-lab-created-diamond-r,https://api.igi.org/viewpdf.php?r=LG764622491,NONE,Excellent,Excellent,58.00%,61.20%,1,8.42 - 8.45 x 5.17 mm,LV-ROUNDFVVS2-764622491
2272418,2.07,F,VVS2,Ideal,470,https://www.luvansh.com/product/2272418/igi-certified-2-07-f-vvs2-round-lab-created-diamond-r,https://api.igi.org/viewpdf.php?r=LG762575659,NONE,Excellent,Excellent,57.00%,61.50%,1,8.21 - 8.17 x 5.04 mm,LV-ROUNDFVVS2-762575659
2377777,2.09,D,VVS2,Ideal,470,https://www.luvansh.com/product/2377777/igi-certified-2-09-d-vvs2-round-lab-created-diamond-r,https://api.igi.org/viewpdf.php?r=LG747527734,NONE,Excellent,Excellent,57.00%,61.30%,1,8.21 - 8.24 x 5.04 mm,LV-ROUNDDVVS2-LG747527734
1961864,1.87,D,VVS2,Ideal,470,https://www.luvansh.com/product/1961864/igi-certified-1-87-d-vvs2-round-lab-created-diamond-r,https://api.igi.org/viewpdf.php?r=LG738517131,NONE,Excellent,Excellent,58.00%,62.10%,1,7.85 - 7.88 x 4.88 mm,LV-ROUNDDVVS2-738517131
1927540,1.9,E,VVS2,Ideal,470,https://www.luvansh.com/product/1927540/igi-certified-1-9-e-vvs2-round-lab-created-diamond-r,https://api.igi.org/viewpdf.php?r=LG750570587,NONE,Excellent,Excellent,58.00%,61.30%,1,7.93 - 7.96 x 4.87 mm,LV-ROUNDEVVS2-750570587
1927388,1.9,E,VVS2,Ideal,470,https://www.luvansh.com/product/1927388/igi-certified-1-9-e-vvs2-round-lab-created-diamond-r,https://api.igi.org/viewpdf.php?r=LG732584943,NONE,Excellent,Excellent,56.00%,61.80%,1,7.89 - 7.92 x 4.88 mm,LV-ROUNDEVVS2-732584943
1927416,1.89,E,VVS2,Ideal,470,https://www.luvansh.com/product/1927416/igi-certified-1-89-e-vvs2-round-lab-created-diamond-r,https://api.igi.org/viewpdf.php?r=LG735513103,NONE,Excellent,Excellent,56.00%,61.90%,1,7.92 - 7.95 x 4.91 mm,LV-ROUNDEVVS2-735513103
1927429,1.92,F,VVS2,Ideal,470,https://www.luvansh.com/product/1927429/igi-certified-1-92-f-vvs2-round-lab-created-diamond-r,https://api.igi.org/viewpdf.php?r=LG738516907,NONE,Excellent,Excellent,56.00%,62.20%,1,7.95 - 7.98 x 4.95 mm,LV-ROUNDFVVS2-738516907
2176551,2.08,D,VVS2,Ideal,470,https://www.luvansh.com/product/2176551/igi-certified-2-08-d-vvs2-round-lab-created-diamond-r,https://api.igi.org/viewpdf.php?r=LG759529117,NONE,Excellent,Excellent,57.00%,61.50%,1,8.22 - 8.25 x 5.06 mm,LV-ROUNDDVVS2-LG759529117
2176552,2.08,D,VVS2,Ideal,470,https://www.luvansh.com/product/2176552/igi-certified-2-08-d-vvs2-round-lab-created-diamond-r,https://api.igi.org/viewpdf.php?r=LG759529149,NONE,Excellent,Excellent,57.00%,61.70%,1,8.21 - 8.24 x 5.07 mm,LV-ROUNDDVVS2-LG759529149
2137982,2.25,F,VVS2,Ideal,470,https://www.luvansh.com/product/2137982/igi-certified-2-25-f-vvs2-round-lab-created-diamond-r,https://api.igi.org/viewpdf.php?r=LG546215972,NONE,Excellent,Excellent,58.00%,62.00%,1.01,8.41 - 8.35 x 5.19 mm,LV-ROUNDFVVS2-LG546215972
2430292,2.26,F,VVS2,Ideal,470,https://www.luvansh.com/product/2430292/igi-certified-2-26-f-vvs2-round-lab-created-diamond-r,https://api.igi.org/viewpdf.php?r=LG764622491,NONE,Excellent,Excellent,58.00%,61.20%,1,8.42 - 8.45 x 5.17 mm,LV-ROUNDFVVS2-764622491
2272418,2.07,F,VVS2,Ideal,470,https://www.luvansh.com/product/2272418/igi-certified-2-07-f-vvs2-round-lab-created-diamond-r,https://api.igi.org/viewpdf.php?r=LG762575659,NONE,Excellent,Excellent,57.00%,61.50%,1,8.21 - 8.17 x 5.04 mm,LV-ROUNDFVVS2-762575659
2377777,2.09,D,VVS2,Ideal,470,https://www.luvansh.com/product/2377777/igi-certified-2-09-d-vvs2-round-lab-created-diamond-r,https://api.igi.org/viewpdf.php?r=LG747527734,NONE,Excellent,Excellent,57.00%,61.30%,1,8.21 - 8.24 x 5.04 mm,LV-ROUNDDVVS2-LG747527734
2398314,2.09,D,VVS2,Ideal,464,https://www.luvansh.com/product/2398314/igi-certified-2-09-d-vvs2-round-lab-created-diamond-r,https://api.igi.org/viewpdf.php?r=LG764674282,NONE,Excellent,Excellent,56.00%,62.00%,1,8.16 - 8.19 x 5.07 mm,LV-ROUNDDVVS2-LG764674282
2398320,2.09,D,VVS2,Ideal,464,https://www.luvansh.com/product/2398320/igi-certified-2-09-d-vvs2-round-lab-created-diamond-r,https://api.igi.org/viewpdf.php?r=LG766624760,NONE,Excellent,Excellent,58.00%,61.00%,1,8.22 - 8.25 x 5.02 mm,LV-ROUNDDVVS2-LG766624760
2398322,2.09,D,VVS2,Ideal,464,https://www.luvansh.com/product/2398322/igi-certified-2-09-d-vvs2-round-lab-created-diamond-r,https://api.igi.org/viewpdf.php?r=LG766624599,NONE,Excellent,Excellent,58.00%,62.00%,1,8.16 - 8.19 x 5.07 mm,LV-ROUNDDVVS2-LG766624599
2377778,2.15,D,VVS2,Ideal,464,https://www.luvansh.com/product/2377778/igi-certified-2-15-d-vvs2-round-lab-created-diamond-r,https://api.igi.org/viewpdf.php?r=LG747527282,NONE,Excellent,Excellent,57.00%,61.60%,1,8.3 - 8.31 x 5.12 mm,LV-ROUNDDVVS2-LG747527282
2378460,2.09,D,VVS2,Ideal,464,https://www.luvansh.com/product/2378460/igi-certified-2-09-d-vvs2-round-lab-created-diamond-r,https://api.igi.org/viewpdf.php?r=LG758553413,NONE,Excellent,Excellent,56.00%,61.60%,1,8.2 - 8.23 x 5.06 mm,LV-ROUNDDVVS2-LG758553413
2265206,2.05,F,VVS2,Ideal,464,https://www.luvansh.com/product/2265206/igi-certified-2-05-f-vvs2-round-lab-created-diamond-r,https://api.igi.org/viewpdf.php?r=LG762527171,NONE,Excellent,Excellent,57.00%,61.30%,1.01,8.17 - 8.12 x 5 mm,LV-ROUNDFVVS2-762527171
1927338,1.9,F,VVS2,Ideal,464,https://www.luvansh.com/product/1927338/igi-certified-1-9-f-vvs2-round-lab-created-diamond-r,https://api.igi.org/viewpdf.php?r=LG678585071,NONE,Excellent,Excellent,57.00%,61.90%,1,7.9 - 7.93 x 4.9 mm,LV-ROUNDFVVS2-678585071
2398314,2.09,D,VVS2,Ideal,464,https://www.luvansh.com/product/2398314/igi-certified-2-09-d-vvs2-round-lab-created-diamond-r,https://api.igi.org/viewpdf.php?r=LG764674282,NONE,Excellent,Excellent,56.00%,62.00%,1,8.16 - 8.19 x 5.07 mm,LV-ROUNDDVVS2-LG764674282
2398320,2.09,D,VVS2,Ideal,464,https://www.luvansh.com/product/2398320/igi-certified-2-09-d-vvs2-round-lab-created-diamond-r,https://api.igi.org/viewpdf.php?r=LG766624760,NONE,Excellent,Excellent,58.00%,61.00%,1,8.22 - 8.25 x 5.02 mm,LV-ROUNDDVVS2-LG766624760
2398322,2.09,D,VVS2,Ideal,464,https://www.luvansh.com/product/2398322/igi-certified-2-09-d-vvs2-round-lab-created-diamond-r,https://api.igi.org/viewpdf.php?r=LG766624599,NONE,Excellent,Excellent,58.00%,62.00%,1,8.16 - 8.19 x 5.07 mm,LV-ROUNDDVVS2-LG766624599
2377778,2.15,D,VVS2,Ideal,464,https://www.luvansh.com/product/2377778/igi-certified-2-15-d-vvs2-round-lab-created-diamond-r,https://api.igi.org/viewpdf.php?r=LG747527282,NONE,Excellent,Excellent,57.00%,61.60%,1,8.3 - 8.31 x 5.12 mm,LV-ROUNDDVVS2-LG747527282
2378460,2.09,D,VVS2,Ideal,464,https://www.luvansh.com/product/2378460/igi-certified-2-09-d-vvs2-round-lab-created-diamond-r,https://api.igi.org/viewpdf.php?r=LG758553413,NONE,Excellent,Excellent,56.00%,61.60%,1,8.2 - 8.23 x 5.06 mm,LV-ROUNDDVVS2-LG758553413
2265206,2.05,F,VVS2,Ideal,464,https://www.luvansh.com/product/2265206/igi-certified-2-05-f-vvs2-round-lab-created-diamond-r,https://api.igi.org/viewpdf.php?r=LG762527171,NONE,Excellent,Excellent,57.00%,61.30%,1.01,8.17 - 8.12 x 5 mm,LV-ROUNDFVVS2-762527171
1927338,1.9,F,VVS2,Ideal,464,https://www.luvansh.com/product/1927338/igi-certified-1-9-f-vvs2-round-lab-created-diamond-r,https://api.igi.org/viewpdf.php?r=LG678585071,NONE,Excellent,Excellent,57.00%,61.90%,1,7.9 - 7.93 x 4.9 mm,LV-ROUNDFVVS2-678585071
1940527,2.05,E,VVS2,Ideal,460,https://www.luvansh.com/product/1940527/igi-certified-2-05-e-vvs2-round-lab-created-diamond-r,https://api.igi.org/viewpdf.php?r=LG727560714,NONE,Excellent,Excellent,57.00%,62.30%,1,8.09 - 8.12 x 5.05 mm,LV-ROUNDEVVS2-727560714
1993073,2.03,E,VVS2,Ideal,460,https://www.luvansh.com/product/1993073/igi-certified-2-03-e-vvs2-round-lab-created-diamond-r,https://api.igi.org/viewpdf.php?r=LG756520946,NONE,Excellent,Excellent,57.00%,62.20%,1,8.030 - 8.070 x 62.2 mm,LV-ROUNDEVVS2-756520946
1927378,1.85,E,VVS2,Ideal,460,https://www.luvansh.com/product/1927378/igi-certified-1-85-e-vvs2-round-lab-created-diamond-r,https://api.igi.org/viewpdf.php?r=LG732584723,NONE,Excellent,Excellent,58.00%,61.20%,1,7.88 - 7.91 x 4.83 mm,LV-ROUNDEVVS2-732584723
1927389,1.85,E,VVS2,Ideal,460,https://www.luvansh.com/product/1927389/igi-certified-1-85-e-vvs2-round-lab-created-diamond-r,https://api.igi.org/viewpdf.php?r=LG735511859,NONE,Excellent,Excellent,58.00%,61.40%,1,7.88 - 7.9 x 4.85 mm,LV-ROUNDEVVS2-735511859
1927462,1.88,F,VVS2,Ideal,460,https://www.luvansh.com/product/1927462/igi-certified-1-88-f-vvs2-round-lab-created-diamond-r,https://api.igi.org/viewpdf.php?r=LG747568990,NONE,Excellent,Excellent,56.00%,62.20%,1,7.87 - 7.9 x 4.91 mm,LV-ROUNDFVVS2-747568990
2198889,2.05,D,VVS2,Ideal,460,https://www.luvansh.com/product/2198889/igi-certified-2-05-d-vvs2-round-lab-created-diamond-r,https://api.igi.org/viewpdf.php?r=LG749538711,NONE,Excellent,Excellent,58.00%,61.60%,1,8.13 - 8.14 x 5.02 mm,LV-ROUNDDVVS2-LG749538711
2198897,2.05,D,VVS2,Ideal,460,https://www.luvansh.com/product/2198897/igi-certified-2-05-d-vvs2-round-lab-created-diamond-r,https://api.igi.org/viewpdf.php?r=LG749539368,NONE,Excellent,Excellent,58.00%,61.20%,1,8.17 - 8.19 x 5.01 mm,LV-ROUNDDVVS2-LG749539368
2198906,2.04,D,VVS2,Ideal,460,https://www.luvansh.com/product/2198906/igi-certified-2-04-d-vvs2-round-lab-created-diamond-r,https://api.igi.org/viewpdf.php?r=LG749538580,NONE,Excellent,Excellent,57.00%,61.80%,1,8.14 - 8.16 x 5.04 mm,LV-ROUNDDVVS2-LG749538580
2434499,2,E,VVS2,Ideal,460,https://www.luvansh.com/product/2434499/igi-certified-2-0-e-vvs2-round-lab-created-diamond-r,https://api.igi.org/viewpdf.php?r=LG763649504,NONE,Excellent,Excellent,57.00%,62.30%,1,7.99 - 8.02 x 4.99 mm,LV-ROUNDEVVS2-763649504
2434440,2,E,VVS2,Ideal,460,https://www.luvansh.com/product/2434440/igi-certified-2-0-e-vvs2-round-lab-created-diamond-r,https://api.igi.org/viewpdf.php?r=LG763649662,NONE,Excellent,Excellent,57.00%,61.10%,1,8.07 - 8.10 x 4.94 mm,LV-ROUNDEVVS2-763649662
2438049,2.01,F,VVS2,Ideal,460,https://www.luvansh.com/product/2438049/igi-certified-2-01-f-vvs2-round-lab-created-diamond-r,https://api.igi.org/viewpdf.php?r=LG773629850,NONE,Excellent,Excellent,57.00%,61.40%,1,8.15 - 8.12 x 4.99 mm,LV-ROUNDFVVS2-LG773629850
2270030,2.04,F,VVS2,Ideal,460,https://www.luvansh.com/product/2270030/igi-certified-2-04-f-vvs2-round-lab-created-diamond-r,https://api.igi.org/viewpdf.php?r=LG762549368,NONE,Excellent,Excellent,56.00%,61.90%,1.01,8.14 - 8.09 x 5.02 mm,LV-ROUNDFVVS2-762549368
2382327,2.04,E,VVS2,Ideal,460,https://www.luvansh.com/product/2382327/igi-certified-2-04-e-vvs2-round-lab-created-diamond-r,https://api.igi.org/viewpdf.php?r=LG746514221,NONE,Excellent,Excellent,58.00%,61.40%,1.01,8.19 - 8.14 x 5.02 mm,LV-ROUNDEVVS2-746514221
2356438,2.07,F,VVS2,Ideal,460,https://www.luvansh.com/product/2356438/igi-certified-2-07-f-vvs2-round-lab-created-diamond-r,https://api.igi.org/viewpdf.php?r=LG764699496,NONE,Excellent,Excellent,56.00%,62.10%,1,8.13 - 8.17 x 5.06 mm,LV-ROUNDFVVS2-764699496
2398278,2.08,D,VVS2,Ideal,460,https://www.luvansh.com/product/2398278/igi-certified-2-08-d-vvs2-round-lab-created-diamond-r,https://api.igi.org/viewpdf.php?r=LG764674686,NONE,Excellent,Excellent,58.00%,61.20%,1,8.2 - 8.23 x 5.02 mm,LV-ROUNDDVVS2-LG764674686
2398280,2.08,D,VVS2,Ideal,460,https://www.luvansh.com/product/2398280/igi-certified-2-08-d-vvs2-round-lab-created-diamond-r,https://api.igi.org/viewpdf.php?r=LG766624578,NONE,Excellent,Excellent,58.00%,61.40%,1,8.19 - 8.23 x 5.04 mm,LV-ROUNDDVVS2-LG766624578
2398264,2.07,D,VVS2,Ideal,460,https://www.luvansh.com/product/2398264/igi-certified-2-07-d-vvs2-round-lab-created-diamond-r,https://api.igi.org/viewpdf.php?r=LG766616757,NONE,Excellent,Excellent,58.00%,61.60%,1,8.18 - 8.21 x 5.05 mm,LV-ROUNDDVVS2-LG766616757
2398265,2.07,D,VVS2,Ideal,460,https://www.luvansh.com/product/2398265/igi-certified-2-07-d-vvs2-round-lab-created-diamond-r,https://api.igi.org/viewpdf.php?r=LG766624591,NONE,Excellent,Excellent,58.00%,61.50%,1,8.21 - 8.23 x 5.05 mm,LV-ROUNDDVVS2-LG766624591
2398266,2.07,D,VVS2,Ideal,460,https://www.luvansh.com/product/2398266/igi-certified-2-07-d-vvs2-round-lab-created-diamond-r,https://api.igi.org/viewpdf.php?r=LG766624587,NONE,Excellent,Excellent,58.00%,61.10%,1,8.19 - 8.23 x 5.02 mm,LV-ROUNDDVVS2-LG766624587
1940527,2.05,E,VVS2,Ideal,460,https://www.luvansh.com/product/1940527/igi-certified-2-05-e-vvs2-round-lab-created-diamond-r,https://api.igi.org/viewpdf.php?r=LG727560714,NONE,Excellent,Excellent,57.00%,62.30%,1,8.09 - 8.12 x 5.05 mm,LV-ROUNDEVVS2-727560714
1993073,2.03,E,VVS2,Ideal,460,https://www.luvansh.com/product/1993073/igi-certified-2-03-e-vvs2-round-lab-created-diamond-r,https://api.igi.org/viewpdf.php?r=LG756520946,NONE,Excellent,Excellent,57.00%,62.20%,1,8.030 - 8.070 x 62.2 mm,LV-ROUNDEVVS2-756520946
1927378,1.85,E,VVS2,Ideal,460,https://www.luvansh.com/product/1927378/igi-certified-1-85-e-vvs2-round-lab-created-diamond-r,https://api.igi.org/viewpdf.php?r=LG732584723,NONE,Excellent,Excellent,58.00%,61.20%,1,7.88 - 7.91 x 4.83 mm,LV-ROUNDEVVS2-732584723
1927389,1.85,E,VVS2,Ideal,460,https://www.luvansh.com/product/1927389/igi-certified-1-85-e-vvs2-round-lab-created-diamond-r,https://api.igi.org/viewpdf.php?r=LG735511859,NONE,Excellent,Excellent,58.00%,61.40%,1,7.88 - 7.9 x 4.85 mm,LV-ROUNDEVVS2-735511859
1927462,1.88,F,VVS2,Ideal,460,https://www.luvansh.com/product/1927462/igi-certified-1-88-f-vvs2-round-lab-created-diamond-r,https://api.igi.org/viewpdf.php?r=LG747568990,NONE,Excellent,Excellent,56.00%,62.20%,1,7.87 - 7.9 x 4.91 mm,LV-ROUNDFVVS2-747568990
2198889,2.05,D,VVS2,Ideal,460,https://www.luvansh.com/product/2198889/igi-certified-2-05-d-vvs2-round-lab-created-diamond-r,https://api.igi.org/viewpdf.php?r=LG749538711,NONE,Excellent,Excellent,58.00%,61.60%,1,8.13 - 8.14 x 5.02 mm,LV-ROUNDDVVS2-LG749538711
2198897,2.05,D,VVS2,Ideal,460,https://www.luvansh.com/product/2198897/igi-certified-2-05-d-vvs2-round-lab-created-diamond-r,https://api.igi.org/viewpdf.php?r=LG749539368,NONE,Excellent,Excellent,58.00%,61.20%,1,8.17 - 8.19 x 5.01 mm,LV-ROUNDDVVS2-LG749539368
2198906,2.04,D,VVS2,Ideal,460,https://www.luvansh.com/product/2198906/igi-certified-2-04-d-vvs2-round-lab-created-diamond-r,https://api.igi.org/viewpdf.php?r=LG749538580,NONE,Excellent,Excellent,57.00%,61.80%,1,8.14 - 8.16 x 5.04 mm,LV-ROUNDDVVS2-LG749538580
2434499,2,E,VVS2,Ideal,460,https://www.luvansh.com/product/2434499/igi-certified-2-0-e-vvs2-round-lab-created-diamond-r,https://api.igi.org/viewpdf.php?r=LG763649504,NONE,Excellent,Excellent,57.00%,62.30%,1,7.99 - 8.02 x 4.99 mm,LV-ROUNDEVVS2-763649504
2434440,2,E,VVS2,Ideal,460,https://www.luvansh.com/product/2434440/igi-certified-2-0-e-vvs2-round-lab-created-diamond-r,https://api.igi.org/viewpdf.php?r=LG763649662,NONE,Excellent,Excellent,57.00%,61.10%,1,8.07 - 8.10 x 4.94 mm,LV-ROUNDEVVS2-763649662
2438049,2.01,F,VVS2,Ideal,460,https://www.luvansh.com/product/2438049/igi-certified-2-01-f-vvs2-round-lab-created-diamond-r,https://api.igi.org/viewpdf.php?r=LG773629850,NONE,Excellent,Excellent,57.00%,61.40%,1,8.15 - 8.12 x 4.99 mm,LV-ROUNDFVVS2-LG773629850
2270030,2.04,F,VVS2,Ideal,460,https://www.luvansh.com/product/2270030/igi-certified-2-04-f-vvs2-round-lab-created-diamond-r,https://api.igi.org/viewpdf.php?r=LG762549368,NONE,Excellent,Excellent,56.00%,61.90%,1.01,8.14 - 8.09 x 5.02 mm,LV-ROUNDFVVS2-762549368
2382327,2.04,E,VVS2,Ideal,460,https://www.luvansh.com/product/2382327/igi-certified-2-04-e-vvs2-round-lab-created-diamond-r,https://api.igi.org/viewpdf.php?r=LG746514221,NONE,Excellent,Excellent,58.00%,61.40%,1.01,8.19 - 8.14 x 5.02 mm,LV-ROUNDEVVS2-746514221
2356438,2.07,F,VVS2,Ideal,460,https://www.luvansh.com/product/2356438/igi-certified-2-07-f-vvs2-round-lab-created-diamond-r,https://api.igi.org/viewpdf.php?r=LG764699496,NONE,Excellent,Excellent,56.00%,62.10%,1,8.13 - 8.17 x 5.06 mm,LV-ROUNDFVVS2-764699496
2398278,2.08,D,VVS2,Ideal,460,https://www.luvansh.com/product/2398278/igi-certified-2-08-d-vvs2-round-lab-created-diamond-r,https://api.igi.org/viewpdf.php?r=LG764674686,NONE,Excellent,Excellent,58.00%,61.20%,1,8.2 - 8.23 x 5.02 mm,LV-ROUNDDVVS2-LG764674686
2398280,2.08,D,VVS2,Ideal,460,https://www.luvansh.com/product/2398280/igi-certified-2-08-d-vvs2-round-lab-created-diamond-r,https://api.igi.org/viewpdf.php?r=LG766624578,NONE,Excellent,Excellent,58.00%,61.40%,1,8.19 - 8.23 x 5.04 mm,LV-ROUNDDVVS2-LG766624578
2398264,2.07,D,VVS2,Ideal,460,https://www.luvansh.com/product/2398264/igi-certified-2-07-d-vvs2-round-lab-created-diamond-r,https://api.igi.org/viewpdf.php?r=LG766616757,NONE,Excellent,Excellent,58.00%,61.60%,1,8.18 - 8.21 x 5.05 mm,LV-ROUNDDVVS2-LG766616757
2398265,2.07,D,VVS2,Ideal,460,https://www.luvansh.com/product/2398265/igi-certified-2-07-d-vvs2-round-lab-created-diamond-r,https://api.igi.org/viewpdf.php?r=LG766624591,NONE,Excellent,Excellent,58.00%,61.50%,1,8.21 - 8.23 x 5.05 mm,LV-ROUNDDVVS2-LG766624591
2398266,2.07,D,VVS2,Ideal,460,https://www.luvansh.com/product/2398266/igi-certified-2-07-d-vvs2-round-lab-created-diamond-r,https://api.igi.org/viewpdf.php?r=LG766624587,NONE,Excellent,Excellent,58.00%,61.10%,1,8.19 - 8.23 x 5.02 mm,LV-ROUNDDVVS2-LG766624587
2413001,2.04,D,VVS2,Ideal,454,https://www.luvansh.com/product/2413001/igi-certified-2-04-d-vvs2-round-lab-created-diamond-r,https://api.igi.org/viewpdf.php?r=LG756576389,NONE,Excellent,Excellent,58.00%,61.20%,1,8.11 - 8.15 x 4.98 mm,LV-ROUNDDVVS2-756576389
2412638,2.04,D,VVS2,Ideal,454,https://www.luvansh.com/product/2412638/igi-certified-2-04-d-vvs2-round-lab-created-diamond-r,https://api.igi.org/viewpdf.php?r=LG756579790,NONE,Excellent,Excellent,57.00%,61.30%,1,8.16 - 8.19 x 5.01 mm,LV-ROUNDDVVS2-756579790
2412609,2.04,D,VVS2,Ideal,454,https://www.luvansh.com/product/2412609/igi-certified-2-04-d-vvs2-round-lab-created-diamond-r,https://api.igi.org/viewpdf.php?r=LG756580037,NONE,Excellent,Excellent,56.00%,62.20%,1,8.11 - 8.14 x 5.05 mm,LV-ROUNDDVVS2-756580037
2417778,2.05,D,VVS2,Ideal,454,https://www.luvansh.com/product/2417778/igi-certified-2-05-d-vvs2-round-lab-created-diamond-r,https://api.igi.org/viewpdf.php?r=LG764674641,NONE,Excellent,Excellent,58.00%,62.10%,1,8.09 - 8.13 x 5.04 mm,LV-ROUNDDVVS2-LG764674641
2305584,2.05,D,VVS2,Ideal,454,https://www.luvansh.com/product/2305584/igi-certified-2-05-d-vvs2-round-lab-created-diamond-r,https://api.igi.org/viewpdf.php?r=LG754592028,NONE,Excellent,Excellent,56.00%,61.60%,1,8.15 - 8.18 x 5.03 mm,LV-ROUNDDVVS2-754592028
2281905,1.95,E,VVS2,Ideal,454,https://www.luvansh.com/product/2281905/igi-certified-1-95-e-vvs2-round-lab-created-diamond-r,https://api.igi.org/viewpdf.php?r=LG763672988,NONE,Excellent,Excellent,58.00%,61.60%,1.01,8.08 - 8.02 x 4.96 mm,LV-ROUNDEVVS2-763672988
2279476,1.95,D,VVS2,Ideal,454,https://www.luvansh.com/product/2279476/igi-certified-1-95-d-vvs2-round-lab-created-diamond-r,https://api.igi.org/viewpdf.php?r=LG763662046,NONE,Excellent,Excellent,57.00%,62.20%,1.01,8.02 - 7.97 x 4.97 mm,LV-ROUNDDVVS2-763662046
2434202,2.09,D,VVS2,Ideal,454,https://www.luvansh.com/product/2434202/igi-certified-2-09-d-vvs2-round-lab-created-diamond-r,https://api.igi.org/viewpdf.php?r=LG763648289,NONE,Excellent,Excellent,56.00%,62.10%,1,8.14 - 8.15 x 5.06 mm,LV-ROUNDDVVS2-763648289
2433620,2.09,D,VVS2,Ideal,454,https://www.luvansh.com/product/2433620/igi-certified-2-09-d-vvs2-round-lab-created-diamond-r,https://api.igi.org/viewpdf.php?r=LG754568671,NONE,Excellent,Excellent,58.00%,61.20%,1,8.21 - 8.24 x 5.03 mm,LV-ROUNDDVVS2-754568671
2434193,2.09,D,VVS2,Ideal,454,https://www.luvansh.com/product/2434193/igi-certified-2-09-d-vvs2-round-lab-created-diamond-r,https://api.igi.org/viewpdf.php?r=LG763647857,NONE,Excellent,Excellent,58.00%,61.60%,1,8.18 - 8.22 x 5.05 mm,LV-ROUNDDVVS2-763647857
2175836,2.09,D,VVS2,Ideal,454,https://www.luvansh.com/product/2175836/igi-certified-2-09-d-vvs2-round-lab-created-diamond-r,https://api.igi.org/viewpdf.php?r=LG759529539,NONE,Excellent,Excellent,58.00%,61.70%,1,8.16 - 8.2 x 5.04 mm,LV-ROUNDDVVS2-LG759529539
2236194,2.1,F,VVS2,Ideal,454,https://www.luvansh.com/product/2236194/igi-certified-2-1-f-vvs2-round-lab-created-diamond-r,https://api.igi.org/viewpdf.php?r=LG758551520,NONE,Excellent,Excellent,58.00%,61.40%,1.01,8.27 - 8.2 x 5.07 mm,LV-ROUNDFVVS2-758551520
2231705,2.1,F,VVS2,Ideal,454,https://www.luvansh.com/product/2231705/igi-certified-2-1-f-vvs2-round-lab-created-diamond-r,https://api.igi.org/viewpdf.php?r=LG758501191,NONE,Excellent,Excellent,58.00%,62.20%,1,8.17 - 8.14 x 5.07 mm,LV-ROUNDFVVS2-758501191
2246057,1.95,E,VVS2,Ideal,454,https://www.luvansh.com/product/2246057/igi-certified-1-95-e-vvs2-round-lab-created-diamond-r,https://api.igi.org/viewpdf.php?r=LG760517184,NONE,Excellent,Excellent,58.00%,61.20%,1.01,8.04 - 8 x 4.91 mm,LV-ROUNDEVVS2-760517184
2241904,2.1,F,VVS2,Ideal,454,https://www.luvansh.com/product/2241904/igi-certified-2-1-f-vvs2-round-lab-created-diamond-r,https://api.igi.org/viewpdf.php?r=LG759530167,NONE,Excellent,Excellent,57.00%,62.30%,1,8.19 - 8.17 x 5.1 mm,LV-ROUNDFVVS2-759530167
1877852,1.98,D,VVS2,Ideal,454,https://www.luvansh.com/product/1877852/igi-certified-1-98-d-vvs2-round-lab-created-diamond-r,https://api.igi.org/viewpdf.php?r=LG720567205,NONE,Excellent,Excellent,57.00%,62.00%,1.01,8.09 - 8.03 x 5 mm,LV-ROUNDDVVS2-720567205
1927408,1.87,F,VVS2,Ideal,454,https://www.luvansh.com/product/1927408/igi-certified-1-87-f-vvs2-round-lab-created-diamond-r,https://api.igi.org/viewpdf.php?r=LG735512517,NONE,Excellent,Excellent,56.00%,61.60%,1,7.87 - 7.89 x 4.86 mm,LV-ROUNDFVVS2-735512517
2104386,1.83,D,VVS2,Ideal,454,https://www.luvansh.com/product/2104386/igi-certified-1-83-d-vvs2-round-lab-created-diamond-r,https://api.igi.org/viewpdf.php?r=LG741541669,NONE,Excellent,Excellent,57.00%,61.00%,1,7.91 - 7.88 x 4.81 mm,LV-ROUNDDVVS2-741541669
2413001,2.04,D,VVS2,Ideal,454,https://www.luvansh.com/product/2413001/igi-certified-2-04-d-vvs2-round-lab-created-diamond-r,https://api.igi.org/viewpdf.php?r=LG756576389,NONE,Excellent,Excellent,58.00%,61.20%,1,8.11 - 8.15 x 4.98 mm,LV-ROUNDDVVS2-756576389
2412638,2.04,D,VVS2,Ideal,454,https://www.luvansh.com/product/2412638/igi-certified-2-04-d-vvs2-round-lab-created-diamond-r,https://api.igi.org/viewpdf.php?r=LG756579790,NONE,Excellent,Excellent,57.00%,61.30%,1,8.16 - 8.19 x 5.01 mm,LV-ROUNDDVVS2-756579790
2412609,2.04,D,VVS2,Ideal,454,https://www.luvansh.com/product/2412609/igi-certified-2-04-d-vvs2-round-lab-created-diamond-r,https://api.igi.org/viewpdf.php?r=LG756580037,NONE,Excellent,Excellent,56.00%,62.20%,1,8.11 - 8.14 x 5.05 mm,LV-ROUNDDVVS2-756580037
2417778,2.05,D,VVS2,Ideal,454,https://www.luvansh.com/product/2417778/igi-certified-2-05-d-vvs2-round-lab-created-diamond-r,https://api.igi.org/viewpdf.php?r=LG764674641,NONE,Excellent,Excellent,58.00%,62.10%,1,8.09 - 8.13 x 5.04 mm,LV-ROUNDDVVS2-LG764674641
2305584,2.05,D,VVS2,Ideal,454,https://www.luvansh.com/product/2305584/igi-certified-2-05-d-vvs2-round-lab-created-diamond-r,https://api.igi.org/viewpdf.php?r=LG754592028,NONE,Excellent,Excellent,56.00%,61.60%,1,8.15 - 8.18 x 5.03 mm,LV-ROUNDDVVS2-754592028
2281905,1.95,E,VVS2,Ideal,454,https://www.luvansh.com/product/2281905/igi-certified-1-95-e-vvs2-round-lab-created-diamond-r,https://api.igi.org/viewpdf.php?r=LG763672988,NONE,Excellent,Excellent,58.00%,61.60%,1.01,8.08 - 8.02 x 4.96 mm,LV-ROUNDEVVS2-763672988
2279476,1.95,D,VVS2,Ideal,454,https://www.luvansh.com/product/2279476/igi-certified-1-95-d-vvs2-round-lab-created-diamond-r,https://api.igi.org/viewpdf.php?r=LG763662046,NONE,Excellent,Excellent,57.00%,62.20%,1.01,8.02 - 7.97 x 4.97 mm,LV-ROUNDDVVS2-763662046
2434202,2.09,D,VVS2,Ideal,454,https://www.luvansh.com/product/2434202/igi-certified-2-09-d-vvs2-round-lab-created-diamond-r,https://api.igi.org/viewpdf.php?r=LG763648289,NONE,Excellent,Excellent,56.00%,62.10%,1,8.14 - 8.15 x 5.06 mm,LV-ROUNDDVVS2-763648289
2433620,2.09,D,VVS2,Ideal,454,https://www.luvansh.com/product/2433620/igi-certified-2-09-d-vvs2-round-lab-created-diamond-r,https://api.igi.org/viewpdf.php?r=LG754568671,NONE,Excellent,Excellent,58.00%,61.20%,1,8.21 - 8.24 x 5.03 mm,LV-ROUNDDVVS2-754568671
2434193,2.09,D,VVS2,Ideal,454,https://www.luvansh.com/product/2434193/igi-certified-2-09-d-vvs2-round-lab-created-diamond-r,https://api.igi.org/viewpdf.php?r=LG763647857,NONE,Excellent,Excellent,58.00%,61.60%,1,8.18 - 8.22 x 5.05 mm,LV-ROUNDDVVS2-763647857
2175836,2.09,D,VVS2,Ideal,454,https://www.luvansh.com/product/2175836/igi-certified-2-09-d-vvs2-round-lab-created-diamond-r,https://api.igi.org/viewpdf.php?r=LG759529539,NONE,Excellent,Excellent,58.00%,61.70%,1,8.16 - 8.2 x 5.04 mm,LV-ROUNDDVVS2-LG759529539
2236194,2.1,F,VVS2,Ideal,454,https://www.luvansh.com/product/2236194/igi-certified-2-1-f-vvs2-round-lab-created-diamond-r,https://api.igi.org/viewpdf.php?r=LG758551520,NONE,Excellent,Excellent,58.00%,61.40%,1.01,8.27 - 8.2 x 5.07 mm,LV-ROUNDFVVS2-758551520
2231705,2.1,F,VVS2,Ideal,454,https://www.luvansh.com/product/2231705/igi-certified-2-1-f-vvs2-round-lab-created-diamond-r,https://api.igi.org/viewpdf.php?r=LG758501191,NONE,Excellent,Excellent,58.00%,62.20%,1,8.17 - 8.14 x 5.07 mm,LV-ROUNDFVVS2-758501191
2246057,1.95,E,VVS2,Ideal,454,https://www.luvansh.com/product/2246057/igi-certified-1-95-e-vvs2-round-lab-created-diamond-r,https://api.igi.org/viewpdf.php?r=LG760517184,NONE,Excellent,Excellent,58.00%,61.20%,1.01,8.04 - 8 x 4.91 mm,LV-ROUNDEVVS2-760517184
2241904,2.1,F,VVS2,Ideal,454,https://www.luvansh.com/product/2241904/igi-certified-2-1-f-vvs2-round-lab-created-diamond-r,https://api.igi.org/viewpdf.php?r=LG759530167,NONE,Excellent,Excellent,57.00%,62.30%,1,8.19 - 8.17 x 5.1 mm,LV-ROUNDFVVS2-759530167
1877852,1.98,D,VVS2,Ideal,454,https://www.luvansh.com/product/1877852/igi-certified-1-98-d-vvs2-round-lab-created-diamond-r,https://api.igi.org/viewpdf.php?r=LG720567205,NONE,Excellent,Excellent,57.00%,62.00%,1.01,8.09 - 8.03 x 5 mm,LV-ROUNDDVVS2-720567205
1927408,1.87,F,VVS2,Ideal,454,https://www.luvansh.com/product/1927408/igi-certified-1-87-f-vvs2-round-lab-created-diamond-r,https://api.igi.org/viewpdf.php?r=LG735512517,NONE,Excellent,Excellent,56.00%,61.60%,1,7.87 - 7.89 x 4.86 mm,LV-ROUNDFVVS2-735512517
2104386,1.83,D,VVS2,Ideal,454,https://www.luvansh.com/product/2104386/igi-certified-1-83-d-vvs2-round-lab-created-diamond-r,https://api.igi.org/viewpdf.php?r=LG741541669,NONE,Excellent,Excellent,57.00%,61.00%,1,7.91 - 7.88 x 4.81 mm,LV-ROUNDDVVS2-741541669
2058027,1.94,E,VVS2,Ideal,450,https://www.luvansh.com/product/2058027/igi-certified-1-94-e-vvs2-round-lab-created-diamond-r,https://api.igi.org/viewpdf.php?r=LG757535310,NONE,Excellent,Excellent,56.00%,62.30%,1.01,8.02 - 7.98 x 4.98 mm,LV-ROUNDEVVS2-757535310
1777968,2.1,F,VVS2,Ideal,450,https://www.luvansh.com/product/1777968/igi-certified-2-1-f-vvs2-round-lab-created-diamond-r,https://api.igi.org/viewpdf.php?r=LG739579588,NONE,Excellent,Excellent,58.00%,61.70%,1,8.160 - 8.200 x 61.7 mm,LV-ROUNDFVVS2-739579588
1804702,2.09,F,VVS2,Ideal,450,https://www.luvansh.com/product/1804702/igi-certified-2-09-f-vvs2-round-lab-created-diamond-r,https://api.igi.org/viewpdf.php?r=LG739579893,NONE,Excellent,Excellent,58.00%,61.20%,1,8.180 - 8.220 x 61.2 mm,LV-ROUNDFVVS2-739579893
1927463,1.82,E,VVS2,Ideal,450,https://www.luvansh.com/product/1927463/igi-certified-1-82-e-vvs2-round-lab-created-diamond-r,https://api.igi.org/viewpdf.php?r=LG747569185,NONE,Excellent,Excellent,58.00%,61.70%,1,7.78 - 7.81 x 4.81 mm,LV-ROUNDEVVS2-747569185
1927369,1.81,E,VVS2,Ideal,450,https://www.luvansh.com/product/1927369/igi-certified-1-81-e-vvs2-round-lab-created-diamond-r,https://api.igi.org/viewpdf.php?r=LG732584960,NONE,Excellent,Excellent,56.00%,61.10%,1,7.84 - 7.87 x 4.8 mm,LV-ROUNDEVVS2-732584960
1927395,1.82,E,VVS2,Ideal,450,https://www.luvansh.com/product/1927395/igi-certified-1-82-e-vvs2-round-lab-created-diamond-r,https://api.igi.org/viewpdf.php?r=LG735511922,NONE,Excellent,Excellent,56.00%,61.40%,1,7.85 - 7.87 x 4.82 mm,LV-ROUNDEVVS2-735511922
1927426,1.82,E,VVS2,Ideal,450,https://www.luvansh.com/product/1927426/igi-certified-1-82-e-vvs2-round-lab-created-diamond-r,https://api.igi.org/viewpdf.php?r=LG738516659,NONE,Excellent,Excellent,56.00%,61.00%,1,7.86 - 7.89 x 4.8 mm,LV-ROUNDEVVS2-738516659
1876937,1.96,D,VVS2,Ideal,450,https://www.luvansh.com/product/1876937/igi-certified-1-96-d-vvs2-round-lab-created-diamond-r,https://api.igi.org/viewpdf.php?r=LG715533453,NONE,Excellent,Excellent,58.00%,61.50%,1.01,8.02 - 7.97 x 4.92 mm,LV-ROUNDDVVS2-715533453
1875947,1.98,D,VVS2,Ideal,450,https://www.luvansh.com/product/1875947/igi-certified-1-98-d-vvs2-round-lab-created-diamond-r,https://api.igi.org/viewpdf.php?r=LG707505159,NONE,Excellent,Excellent,57.00%,61.60%,1.01,8.07 - 8.02 x 4.96 mm,LV-ROUNDDVVS2-707505159
1875953,1.98,D,VVS2,Ideal,450,https://www.luvansh.com/product/1875953/igi-certified-1-98-d-vvs2-round-lab-created-diamond-r,https://api.igi.org/viewpdf.php?r=LG706562051,NONE,Excellent,Excellent,57.00%,61.10%,1.01,8.11 - 8.06 x 4.94 mm,LV-ROUNDDVVS2-706562051
2241767,1.91,D,VVS2,Ideal,450,https://www.luvansh.com/product/2241767/igi-certified-1-91-d-vvs2-round-lab-created-diamond-r,https://api.igi.org/viewpdf.php?r=LG760501354,NONE,Excellent,Excellent,58.00%,61.30%,1.01,7.99 - 7.94 x 4.88 mm,LV-ROUNDDVVS2-760501354
2238216,1.94,E,VVS2,Ideal,450,https://www.luvansh.com/product/2238216/igi-certified-1-94-e-vvs2-round-lab-created-diamond-r,https://api.igi.org/viewpdf.php?r=LG758588237,NONE,Excellent,Excellent,57.00%,62.20%,1.01,8.03 - 7.99 x 4.98 mm,LV-ROUNDEVVS2-758588237
2238290,2.09,F,VVS2,Ideal,450,https://www.luvansh.com/product/2238290/igi-certified-2-09-f-vvs2-round-lab-created-diamond-r,https://api.igi.org/viewpdf.php?r=LG758585166,NONE,Excellent,Excellent,57.00%,61.90%,1.01,8.22 - 8.15 x 5.07 mm,LV-ROUNDFVVS2-758585166
2237285,2.09,F,VVS2,Ideal,450,https://www.luvansh.com/product/2237285/igi-certified-2-09-f-vvs2-round-lab-created-diamond-r,https://api.igi.org/viewpdf.php?r=LG758583009,NONE,Excellent,Excellent,58.00%,62.10%,1,8.21 - 8.18 x 5.09 mm,LV-ROUNDFVVS2-758583009
2183880,1.8,D,VVS2,Ideal,450,https://www.luvansh.com/product/2183880/igi-certified-1-8-d-vvs2-round-lab-created-diamond-r,https://api.igi.org/viewpdf.php?r=LG678568027,NONE,Excellent,Excellent,57.00%,61.40%,1,7.78 - 7.81 x 4.79 mm,LV-ROUNDDVVS2-678568027
2176556,2.08,D,VVS2,Ideal,450,https://www.luvansh.com/product/2176556/igi-certified-2-08-d-vvs2-round-lab-created-diamond-r,https://api.igi.org/viewpdf.php?r=LG758574182,NONE,Excellent,Excellent,58.00%,61.80%,1,8.17 - 8.2 x 5.06 mm,LV-ROUNDDVVS2-LG758574182
2439822,2.08,D,VVS1,Ideal,450,https://www.luvansh.com/product/2439822/igi-certified-2-08-d-vvs1-round-lab-created-diamond-r,https://api.igi.org/viewpdf.php?r=LG739574662,NONE,Excellent,Excellent,58.00%,61.20%,1,8.19 - 8.23 x 5.02 mm,LV-ROUNDDVVS1-739574662
2430199,2.1,E,VVS2,Ideal,450,https://www.luvansh.com/product/2430199/igi-certified-2-1-e-vvs2-round-lab-created-diamond-r,https://api.igi.org/viewpdf.php?r=LG767605460,NONE,Excellent,Excellent,57.00%,61.10%,1,8.26 - 8.27 x 5.05 mm,LV-ROUNDEVVS2-767605460
2429651,2.1,E,VVS2,Ideal,450,https://www.luvansh.com/product/2429651/igi-certified-2-1-e-vvs2-round-lab-created-diamond-r,https://api.igi.org/viewpdf.php?r=LG767601038,NONE,Excellent,Excellent,58.00%,62.00%,1,8.19 - 8.21 x 5.08 mm,LV-ROUNDEVVS2-767601038
2434256,2.06,D,VVS2,Ideal,450,https://www.luvansh.com/product/2434256/igi-certified-2-06-d-vvs2-round-lab-created-diamond-r,https://api.igi.org/viewpdf.php?r=LG763647864,NONE,Excellent,Excellent,56.00%,62.00%,1,8.13 - 8.15 x 5.05 mm,LV-ROUNDDVVS2-763647864
2434540,1.93,E,VVS2,Ideal,450,https://www.luvansh.com/product/2434540/igi-certified-1-93-e-vvs2-round-lab-created-diamond-r,https://api.igi.org/viewpdf.php?r=LG772609768,NONE,Excellent,Excellent,58.00%,61.80%,1,7.95 - 7.98 x 4.93 mm,LV-ROUNDEVVS2-772609768
2262658,1.91,D,VVS2,Ideal,450,https://www.luvansh.com/product/2262658/igi-certified-1-91-d-vvs2-round-lab-created-diamond-r,https://api.igi.org/viewpdf.php?r=LG762502581,NONE,Excellent,Excellent,55.00%,61.30%,1.01,8.05 - 7.99 x 4.91 mm,LV-ROUNDDVVS2-762502581
2267503,1.91,D,VVS2,Ideal,450,https://www.luvansh.com/product/2267503/igi-certified-1-91-d-vvs2-round-lab-created-diamond-r,https://api.igi.org/viewpdf.php?r=LG762540810,NONE,Excellent,Excellent,55.00%,62.20%,1.01,7.98 - 7.93 x 4.95 mm,LV-ROUNDDVVS2-762540810
2248357,2.09,F,VVS2,Ideal,450,https://www.luvansh.com/product/2248357/igi-certified-2-09-f-vvs2-round-lab-created-diamond-r,https://api.igi.org/viewpdf.php?r=LG760553911,NONE,Excellent,Excellent,56.00%,62.00%,1,8.21 - 8.17 x 5.08 mm,LV-ROUNDFVVS2-760553911
2413020,2.03,D,VVS2,Ideal,450,https://www.luvansh.com/product/2413020/igi-certified-2-03-d-vvs2-round-lab-created-diamond-r,https://api.igi.org/viewpdf.php?r=LG756579786,NONE,Excellent,Excellent,57.00%,61.80%,1,8.07 - 8.11 x 5 mm,LV-ROUNDDVVS2-756579786
2413085,2.03,D,VVS2,Ideal,450,https://www.luvansh.com/product/2413085/igi-certified-2-03-d-vvs2-round-lab-created-diamond-r,https://api.igi.org/viewpdf.php?r=LG756579967,NONE,Excellent,Excellent,57.00%,61.40%,1,8.1 - 8.14 x 4.98 mm,LV-ROUNDDVVS2-756579967
2389008,1.99,D,VVS2,Ideal,450,https://www.luvansh.com/product/2389008/igi-certified-1-99-d-vvs2-round-lab-created-diamond-r,https://api.igi.org/viewpdf.php?r=LG704576203,NONE,Excellent,Excellent,58.00%,62.00%,1.01,8.1 - 8.05 x 5 mm,LV-ROUNDDVVS2-704576203
2402259,2.08,F,VVS2,Ideal,450,https://www.luvansh.com/product/2402259/igi-certified-2-08-f-vvs2-round-lab-created-diamond-r,https://api.igi.org/viewpdf.php?r=LG763649270,NONE,Excellent,Excellent,58.00%,61.70%,1,8.15 - 8.19 x 5.04 mm,LV-ROUNDFVVS2-763649270
2058027,1.94,E,VVS2,Ideal,450,https://www.luvansh.com/product/2058027/igi-certified-1-94-e-vvs2-round-lab-created-diamond-r,https://api.igi.org/viewpdf.php?r=LG757535310,NONE,Excellent,Excellent,56.00%,62.30%,1.01,8.02 - 7.98 x 4.98 mm,LV-ROUNDEVVS2-757535310
1777968,2.1,F,VVS2,Ideal,450,https://www.luvansh.com/product/1777968/igi-certified-2-1-f-vvs2-round-lab-created-diamond-r,https://api.igi.org/viewpdf.php?r=LG739579588,NONE,Excellent,Excellent,58.00%,61.70%,1,8.160 - 8.200 x 61.7 mm,LV-ROUNDFVVS2-739579588
1804702,2.09,F,VVS2,Ideal,450,https://www.luvansh.com/product/1804702/igi-certified-2-09-f-vvs2-round-lab-created-diamond-r,https://api.igi.org/viewpdf.php?r=LG739579893,NONE,Excellent,Excellent,58.00%,61.20%,1,8.180 - 8.220 x 61.2 mm,LV-ROUNDFVVS2-739579893
1927463,1.82,E,VVS2,Ideal,450,https://www.luvansh.com/product/1927463/igi-certified-1-82-e-vvs2-round-lab-created-diamond-r,https://api.igi.org/viewpdf.php?r=LG747569185,NONE,Excellent,Excellent,58.00%,61.70%,1,7.78 - 7.81 x 4.81 mm,LV-ROUNDEVVS2-747569185
1927369,1.81,E,VVS2,Ideal,450,https://www.luvansh.com/product/1927369/igi-certified-1-81-e-vvs2-round-lab-created-diamond-r,https://api.igi.org/viewpdf.php?r=LG732584960,NONE,Excellent,Excellent,56.00%,61.10%,1,7.84 - 7.87 x 4.8 mm,LV-ROUNDEVVS2-732584960
1927395,1.82,E,VVS2,Ideal,450,https://www.luvansh.com/product/1927395/igi-certified-1-82-e-vvs2-round-lab-created-diamond-r,https://api.igi.org/viewpdf.php?r=LG735511922,NONE,Excellent,Excellent,56.00%,61.40%,1,7.85 - 7.87 x 4.82 mm,LV-ROUNDEVVS2-735511922
1927426,1.82,E,VVS2,Ideal,450,https://www.luvansh.com/product/1927426/igi-certified-1-82-e-vvs2-round-lab-created-diamond-r,https://api.igi.org/viewpdf.php?r=LG738516659,NONE,Excellent,Excellent,56.00%,61.00%,1,7.86 - 7.89 x 4.8 mm,LV-ROUNDEVVS2-738516659
1876937,1.96,D,VVS2,Ideal,450,https://www.luvansh.com/product/1876937/igi-certified-1-96-d-vvs2-round-lab-created-diamond-r,https://api.igi.org/viewpdf.php?r=LG715533453,NONE,Excellent,Excellent,58.00%,61.50%,1.01,8.02 - 7.97 x 4.92 mm,LV-ROUNDDVVS2-715533453
1875947,1.98,D,VVS2,Ideal,450,https://www.luvansh.com/product/1875947/igi-certified-1-98-d-vvs2-round-lab-created-diamond-r,https://api.igi.org/viewpdf.php?r=LG707505159,NONE,Excellent,Excellent,57.00%,61.60%,1.01,8.07 - 8.02 x 4.96 mm,LV-ROUNDDVVS2-707505159
1875953,1.98,D,VVS2,Ideal,450,https://www.luvansh.com/product/1875953/igi-certified-1-98-d-vvs2-round-lab-created-diamond-r,https://api.igi.org/viewpdf.php?r=LG706562051,NONE,Excellent,Excellent,57.00%,61.10%,1.01,8.11 - 8.06 x 4.94 mm,LV-ROUNDDVVS2-706562051
2241767,1.91,D,VVS2,Ideal,450,https://www.luvansh.com/product/2241767/igi-certified-1-91-d-vvs2-round-lab-created-diamond-r,https://api.igi.org/viewpdf.php?r=LG760501354,NONE,Excellent,Excellent,58.00%,61.30%,1.01,7.99 - 7.94 x 4.88 mm,LV-ROUNDDVVS2-760501354
2238216,1.94,E,VVS2,Ideal,450,https://www.luvansh.com/product/2238216/igi-certified-1-94-e-vvs2-round-lab-created-diamond-r,https://api.igi.org/viewpdf.php?r=LG758588237,NONE,Excellent,Excellent,57.00%,62.20%,1.01,8.03 - 7.99 x 4.98 mm,LV-ROUNDEVVS2-758588237
2238290,2.09,F,VVS2,Ideal,450,https://www.luvansh.com/product/2238290/igi-certified-2-09-f-vvs2-round-lab-created-diamond-r,https://api.igi.org/viewpdf.php?r=LG758585166,NONE,Excellent,Excellent,57.00%,61.90%,1.01,8.22 - 8.15 x 5.07 mm,LV-ROUNDFVVS2-758585166
2237285,2.09,F,VVS2,Ideal,450,https://www.luvansh.com/product/2237285/igi-certified-2-09-f-vvs2-round-lab-created-diamond-r,https://api.igi.org/viewpdf.php?r=LG758583009,NONE,Excellent,Excellent,58.00%,62.10%,1,8.21 - 8.18 x 5.09 mm,LV-ROUNDFVVS2-758583009
2183880,1.8,D,VVS2,Ideal,450,https://www.luvansh.com/product/2183880/igi-certified-1-8-d-vvs2-round-lab-created-diamond-r,https://api.igi.org/viewpdf.php?r=LG678568027,NONE,Excellent,Excellent,57.00%,61.40%,1,7.78 - 7.81 x 4.79 mm,LV-ROUNDDVVS2-678568027
2176556,2.08,D,VVS2,Ideal,450,https://www.luvansh.com/product/2176556/igi-certified-2-08-d-vvs2-round-lab-created-diamond-r,https://api.igi.org/viewpdf.php?r=LG758574182,NONE,Excellent,Excellent,58.00%,61.80%,1,8.17 - 8.2 x 5.06 mm,LV-ROUNDDVVS2-LG758574182
2439822,2.08,D,VVS1,Ideal,450,https://www.luvansh.com/product/2439822/igi-certified-2-08-d-vvs1-round-lab-created-diamond-r,https://api.igi.org/viewpdf.php?r=LG739574662,NONE,Excellent,Excellent,58.00%,61.20%,1,8.19 - 8.23 x 5.02 mm,LV-ROUNDDVVS1-739574662
2430199,2.1,E,VVS2,Ideal,450,https://www.luvansh.com/product/2430199/igi-certified-2-1-e-vvs2-round-lab-created-diamond-r,https://api.igi.org/viewpdf.php?r=LG767605460,NONE,Excellent,Excellent,57.00%,61.10%,1,8.26 - 8.27 x 5.05 mm,LV-ROUNDEVVS2-767605460
2429651,2.1,E,VVS2,Ideal,450,https://www.luvansh.com/product/2429651/igi-certified-2-1-e-vvs2-round-lab-created-diamond-r,https://api.igi.org/viewpdf.php?r=LG767601038,NONE,Excellent,Excellent,58.00%,62.00%,1,8.19 - 8.21 x 5.08 mm,LV-ROUNDEVVS2-767601038
2434256,2.06,D,VVS2,Ideal,450,https://www.luvansh.com/product/2434256/igi-certified-2-06-d-vvs2-round-lab-created-diamond-r,https://api.igi.org/viewpdf.php?r=LG763647864,NONE,Excellent,Excellent,56.00%,62.00%,1,8.13 - 8.15 x 5.05 mm,LV-ROUNDDVVS2-763647864
2434540,1.93,E,VVS2,Ideal,450,https://www.luvansh.com/product/2434540/igi-certified-1-93-e-vvs2-round-lab-created-diamond-r,https://api.igi.org/viewpdf.php?r=LG772609768,NONE,Excellent,Excellent,58.00%,61.80%,1,7.95 - 7.98 x 4.93 mm,LV-ROUNDEVVS2-772609768
2262658,1.91,D,VVS2,Ideal,450,https://www.luvansh.com/product/2262658/igi-certified-1-91-d-vvs2-round-lab-created-diamond-r,https://api.igi.org/viewpdf.php?r=LG762502581,NONE,Excellent,Excellent,55.00%,61.30%,1.01,8.05 - 7.99 x 4.91 mm,LV-ROUNDDVVS2-762502581
2267503,1.91,D,VVS2,Ideal,450,https://www.luvansh.com/product/2267503/igi-certified-1-91-d-vvs2-round-lab-created-diamond-r,https://api.igi.org/viewpdf.php?r=LG762540810,NONE,Excellent,Excellent,55.00%,62.20%,1.01,7.98 - 7.93 x 4.95 mm,LV-ROUNDDVVS2-762540810
2248357,2.09,F,VVS2,Ideal,450,https://www.luvansh.com/product/2248357/igi-certified-2-09-f-vvs2-round-lab-created-diamond-r,https://api.igi.org/viewpdf.php?r=LG760553911,NONE,Excellent,Excellent,56.00%,62.00%,1,8.21 - 8.17 x 5.08 mm,LV-ROUNDFVVS2-760553911
2413020,2.03,D,VVS2,Ideal,450,https://www.luvansh.com/product/2413020/igi-certified-2-03-d-vvs2-round-lab-created-diamond-r,https://api.igi.org/viewpdf.php?r=LG756579786,NONE,Excellent,Excellent,57.00%,61.80%,1,8.07 - 8.11 x 5 mm,LV-ROUNDDVVS2-756579786
2413085,2.03,D,VVS2,Ideal,450,https://www.luvansh.com/product/2413085/igi-certified-2-03-d-vvs2-round-lab-created-diamond-r,https://api.igi.org/viewpdf.php?r=LG756579967,NONE,Excellent,Excellent,57.00%,61.40%,1,8.1 - 8.14 x 4.98 mm,LV-ROUNDDVVS2-756579967
2389008,1.99,D,VVS2,Ideal,450,https://www.luvansh.com/product/2389008/igi-certified-1-99-d-vvs2-round-lab-created-diamond-r,https://api.igi.org/viewpdf.php?r=LG704576203,NONE,Excellent,Excellent,58.00%,62.00%,1.01,8.1 - 8.05 x 5 mm,LV-ROUNDDVVS2-704576203
2402259,2.08,F,VVS2,Ideal,450,https://www.luvansh.com/product/2402259/igi-certified-2-08-f-vvs2-round-lab-created-diamond-r,https://api.igi.org/viewpdf.php?r=LG763649270,NONE,Excellent,Excellent,58.00%,61.70%,1,8.15 - 8.19 x 5.04 mm,LV-ROUNDFVVS2-763649270
2418359,2.08,D,VVS2,Ideal,444,https://www.luvansh.com/product/2418359/igi-certified-2-08-d-vvs2-round-lab-created-diamond-r,https://api.igi.org/viewpdf.php?r=LG766664528,NONE,Excellent,Excellent,57.00%,62.20%,1,8.14 - 8.18 x 5.08 mm,LV-ROUNDDVVS2-766664528
2412647,2.01,D,VVS2,Ideal,444,https://www.luvansh.com/product/2412647/igi-certified-2-01-d-vvs2-round-lab-created-diamond-r,https://api.igi.org/viewpdf.php?r=LG756576372,NONE,Excellent,Excellent,57.00%,61.30%,1,8.08 - 8.12 x 4.96 mm,LV-ROUNDDVVS2-756576372
2380326,2.04,D,VVS2,Ideal,444,https://www.luvansh.com/product/2380326/igi-certified-2-04-d-vvs2-round-lab-created-diamond-r,https://api.igi.org/viewpdf.php?r=LG764630422,NONE,Excellent,Excellent,58.00%,61.10%,1,8.16 - 8.19 x 5 mm,LV-ROUNDDVVS2-LG764630422
2380299,2.05,D,VVS2,Ideal,444,https://www.luvansh.com/product/2380299/igi-certified-2-05-d-vvs2-round-lab-created-diamond-r,https://api.igi.org/viewpdf.php?r=LG764603842,NONE,Excellent,Excellent,57.00%,62.20%,1,8.13 - 8.16 x 5.06 mm,LV-ROUNDDVVS2-LG764603842
2380386,2.05,D,VVS2,Ideal,444,https://www.luvansh.com/product/2380386/igi-certified-2-05-d-vvs2-round-lab-created-diamond-r,https://api.igi.org/viewpdf.php?r=LG765634269,NONE,Excellent,Excellent,58.00%,61.50%,1,8.15 - 8.18 x 5.02 mm,LV-ROUNDDVVS2-LG765634269
2377389,2.09,D,VVS2,Ideal,444,https://www.luvansh.com/product/2377389/igi-certified-2-09-d-vvs2-round-lab-created-diamond-r,https://api.igi.org/viewpdf.php?r=LG735539928,NONE,Excellent,Excellent,58.00%,61.20%,1,8.22 - 8.25 x 5.04 mm,LV-ROUNDDVVS2-LG735539928
2338496,2.27,F,VVS2,Ideal,444,https://www.luvansh.com/product/2338496/igi-certified-2-27-f-vvs2-round-lab-created-diamond-r,https://api.igi.org/viewpdf.php?r=LG753509352,NONE,Excellent,Excellent,57.00%,61.20%,1,8.42 - 8.46 x 5.17 mm,LV-ROUNDFVVS2-LG753509352
2341154,1.97,D,VVS2,Ideal,444,https://www.luvansh.com/product/2341154/igi-certified-1-97-d-vvs2-round-lab-created-diamond-r,https://api.igi.org/viewpdf.php?r=LG704501891,NONE,Excellent,Excellent,57.00%,61.80%,1.01,8.08 - 8.03 x 4.99 mm,LV-ROUNDDVVS2-704501891
2277066,1.91,E,VVS2,Ideal,444,https://www.luvansh.com/product/2277066/igi-certified-1-91-e-vvs2-round-lab-created-diamond-r,https://api.igi.org/viewpdf.php?r=LG763623019,NONE,Excellent,Excellent,58.00%,61.90%,1.01,7.99 - 7.93 x 4.93 mm,LV-ROUNDEVVS2-763623019
2260240,1.91,E,VVS2,Ideal,444,https://www.luvansh.com/product/2260240/igi-certified-1-91-e-vvs2-round-lab-created-diamond-r,https://api.igi.org/viewpdf.php?r=LG761551312,NONE,Excellent,Excellent,55.00%,62.10%,1,7.98 - 7.95 x 4.95 mm,LV-ROUNDEVVS2-761551312
2431446,2.07,E,VVS2,Ideal,444,https://www.luvansh.com/product/2431446/igi-certified-2-07-e-vvs2-round-lab-created-diamond-r,https://api.igi.org/viewpdf.php?r=LG771649811,NONE,Excellent,Excellent,58.00%,62.30%,1,8.11 - 8.15 x 5.07 mm,LV-ROUNDEVVS2-771649811
2431448,2.07,E,VVS2,Ideal,444,https://www.luvansh.com/product/2431448/igi-certified-2-07-e-vvs2-round-lab-created-diamond-r,https://api.igi.org/viewpdf.php?r=LG771611612,NONE,Excellent,Excellent,58.00%,61.90%,1,8.13 - 8.17 x 5.05 mm,LV-ROUNDEVVS2-771611612
2431452,2.09,E,VVS2,Ideal,444,https://www.luvansh.com/product/2431452/igi-certified-2-09-e-vvs2-round-lab-created-diamond-r,https://api.igi.org/viewpdf.php?r=LG771611639,NONE,Excellent,Excellent,57.00%,61.70%,1,8.2 - 8.23 x 5.07 mm,LV-ROUNDEVVS2-771611639
2431453,2.09,E,VVS2,Ideal,444,https://www.luvansh.com/product/2431453/igi-certified-2-09-e-vvs2-round-lab-created-diamond-r,https://api.igi.org/viewpdf.php?r=LG770601705,NONE,Excellent,Excellent,57.00%,61.90%,1,8.18 - 8.21 x 5.08 mm,LV-ROUNDEVVS2-770601705
2431455,2.09,E,VVS2,Ideal,444,https://www.luvansh.com/product/2431455/igi-certified-2-09-e-vvs2-round-lab-created-diamond-r,https://api.igi.org/viewpdf.php?r=LG771611561,NONE,Excellent,Excellent,57.00%,61.90%,1,8.2 - 8.23 x 5.09 mm,LV-ROUNDEVVS2-771611561
2431458,2.09,E,VVS2,Ideal,444,https://www.luvansh.com/product/2431458/igi-certified-2-09-e-vvs2-round-lab-created-diamond-r,https://api.igi.org/viewpdf.php?r=LG771644918,NONE,Excellent,Excellent,58.00%,62.00%,1,8.21 - 8.23 x 5.09 mm,LV-ROUNDEVVS2-771644918
2431459,2.09,E,VVS2,Ideal,444,https://www.luvansh.com/product/2431459/igi-certified-2-09-e-vvs2-round-lab-created-diamond-r,https://api.igi.org/viewpdf.php?r=LG772609103,NONE,Excellent,Excellent,58.00%,61.10%,1,8.19 - 8.23 x 5.02 mm,LV-ROUNDEVVS2-772609103
2431461,2.09,E,VVS2,Ideal,444,https://www.luvansh.com/product/2431461/igi-certified-2-09-e-vvs2-round-lab-created-diamond-r,https://api.igi.org/viewpdf.php?r=LG770602065,NONE,Excellent,Excellent,58.00%,61.10%,1,8.23 - 8.25 x 5.03 mm,LV-ROUNDEVVS2-770602065
2432664,2.09,D,VVS2,Ideal,444,https://www.luvansh.com/product/2432664/igi-certified-2-09-d-vvs2-round-lab-created-diamond-r,https://api.igi.org/viewpdf.php?r=LG762565591,NONE,Excellent,Excellent,56.00%,61.90%,1,8.16 - 8.18 x 5.05 mm,LV-ROUNDDVVS2-762565591
2434245,2.06,F,VVS2,Ideal,444,https://www.luvansh.com/product/2434245/igi-certified-2-06-f-vvs2-round-lab-created-diamond-r,https://api.igi.org/viewpdf.php?r=LG772609360,NONE,Excellent,Excellent,58.00%,62.20%,1,8.10 - 8.13 x 5.05 mm,LV-ROUNDFVVS2-772609360
2430488,2.07,E,VVS2,Ideal,444,https://www.luvansh.com/product/2430488/igi-certified-2-07-e-vvs2-round-lab-created-diamond-r,https://api.igi.org/viewpdf.php?r=LG769633606,NONE,Excellent,Excellent,57.00%,61.30%,1,8.17 - 8.2 x 5.02 mm,LV-ROUNDEVVS2-769633606
2430490,2.09,E,VVS2,Ideal,444,https://www.luvansh.com/product/2430490/igi-certified-2-09-e-vvs2-round-lab-created-diamond-r,https://api.igi.org/viewpdf.php?r=LG769647729,NONE,Excellent,Excellent,57.00%,61.60%,1,8.21 - 8.25 x 5.06 mm,LV-ROUNDEVVS2-769647729
2430444,2.08,E,VVS2,Ideal,444,https://www.luvansh.com/product/2430444/igi-certified-2-08-e-vvs2-round-lab-created-diamond-r,https://api.igi.org/viewpdf.php?r=LG766650085,NONE,Excellent,Excellent,58.00%,62.10%,1,8.14 - 8.18 x 5.06 mm,LV-ROUNDEVVS2-766650085
2430448,2.09,E,VVS2,Ideal,444,https://www.luvansh.com/product/2430448/igi-certified-2-09-e-vvs2-round-lab-created-diamond-r,https://api.igi.org/viewpdf.php?r=LG766650043,NONE,Excellent,Excellent,58.00%,61.70%,1,8.19 - 8.22 x 5.06 mm,LV-ROUNDEVVS2-766650043
2430449,2.09,E,VVS2,Ideal,444,https://www.luvansh.com/product/2430449/igi-certified-2-09-e-vvs2-round-lab-created-diamond-r,https://api.igi.org/viewpdf.php?r=LG766650077,NONE,Excellent,Excellent,58.00%,61.30%,1,8.21 - 8.24 x 5.04 mm,LV-ROUNDEVVS2-766650077
2451578,2.04,E,VVS2,Ideal,444,https://www.luvansh.com/product/2451578/igi-certified-2-04-e-vvs2-round-lab-created-diamond-r,https://api.igi.org/viewpdf.php?r=LG756577402,NONE,Excellent,Excellent,58.00%,61.00%,1,8.15 - 8.19 x 4.98 mm,LV-ROUNDEVVS2-756577402
2451287,2.05,E,VVS2,Ideal,444,https://www.luvansh.com/product/2451287/igi-certified-2-05-e-vvs2-round-lab-created-diamond-r,https://api.igi.org/viewpdf.php?r=LG762540125,NONE,Excellent,Excellent,58.00%,61.50%,1,8.14 - 8.16 x 5.01 mm,LV-ROUNDEVVS2-762540125
2451324,2.04,E,VVS2,Ideal,444,https://www.luvansh.com/product/2451324/igi-certified-2-04-e-vvs2-round-lab-created-diamond-r,https://api.igi.org/viewpdf.php?r=LG759504259,NONE,Excellent,Excellent,58.00%,61.60%,1,8.1 - 8.13 x 5 mm,LV-ROUNDEVVS2-759504259
2439713,2.05,D,VVS1,Ideal,444,https://www.luvansh.com/product/2439713/igi-certified-2-05-d-vvs1-round-lab-created-diamond-r,https://api.igi.org/viewpdf.php?r=LG720545444,NONE,Excellent,Excellent,56.00%,61.20%,1,8.19 - 8.22 x 5.02 mm,LV-ROUNDDVVS1-720545444
2439715,2.05,D,VVS1,Ideal,444,https://www.luvansh.com/product/2439715/igi-certified-2-05-d-vvs1-round-lab-created-diamond-r,https://api.igi.org/viewpdf.php?r=LG729572722,NONE,Excellent,Excellent,58.00%,61.70%,1,8.09 - 8.13 x 5 mm,LV-ROUNDDVVS1-729572722
2439719,2.05,D,VVS1,Ideal,444,https://www.luvansh.com/product/2439719/igi-certified-2-05-d-vvs1-round-lab-created-diamond-r,https://api.igi.org/viewpdf.php?r=LG722563052,NONE,Excellent,Excellent,56.00%,61.10%,1,8.19 - 8.22 x 5.02 mm,LV-ROUNDDVVS1-722563052
2439824,2.06,D,VVS1,Ideal,444,https://www.luvansh.com/product/2439824/igi-certified-2-06-d-vvs1-round-lab-created-diamond-r,https://api.igi.org/viewpdf.php?r=LG743572734,NONE,Excellent,Excellent,57.00%,61.50%,1,8.16 - 8.2 x 5.03 mm,LV-ROUNDDVVS1-743572734
2439829,2.05,D,VVS1,Ideal,444,https://www.luvansh.com/product/2439829/igi-certified-2-05-d-vvs1-round-lab-created-diamond-r,https://api.igi.org/viewpdf.php?r=LG739574659,NONE,Excellent,Excellent,56.00%,61.80%,1,8.14 - 8.18 x 5.04 mm,LV-ROUNDDVVS1-739574659
2439831,2.05,D,VVS1,Ideal,444,https://www.luvansh.com/product/2439831/igi-certified-2-05-d-vvs1-round-lab-created-diamond-r,https://api.igi.org/viewpdf.php?r=LG747510932,NONE,Excellent,Excellent,57.00%,61.40%,1,8.12 - 8.16 x 5 mm,LV-ROUNDDVVS1-747510932
2439833,2.05,D,VVS1,Ideal,444,https://www.luvansh.com/product/2439833/igi-certified-2-05-d-vvs1-round-lab-created-diamond-r,https://api.igi.org/viewpdf.php?r=LG739580404,NONE,Excellent,Excellent,57.00%,61.90%,1,8.12 - 8.16 x 5.03 mm,LV-ROUNDDVVS1-739580404
2439835,2.05,D,VVS1,Ideal,444,https://www.luvansh.com/product/2439835/igi-certified-2-05-d-vvs1-round-lab-created-diamond-r,https://api.igi.org/viewpdf.php?r=LG741512682,NONE,Excellent,Excellent,55.00%,62.30%,1,8.12 - 8.16 x 5.07 mm,LV-ROUNDDVVS1-741512682
1686985,2.04,E,VVS2,Ideal,444,https://www.luvansh.com/product/1686985/igi-certified-2-04-e-vvs2-round-lab-created-diamond-r,https://api.igi.org/viewpdf.php?r=LG621486380,NONE,Excellent,Excellent,57.00%,61.90%,1,8.12 - 8.16 x 5.04 mm,LV-ROUNDEVVS2-621486380
2241899,2.05,F,VVS2,Ideal,444,https://www.luvansh.com/product/2241899/igi-certified-2-05-f-vvs2-round-lab-created-diamond-r,https://api.igi.org/viewpdf.php?r=LG760501068,NONE,Excellent,Excellent,58.00%,61.20%,1.01,8.21 - 8.16 x 5.01 mm,LV-ROUNDFVVS2-760501068
2246165,2.1,F,VVS2,Ideal,444,https://www.luvansh.com/product/2246165/igi-certified-2-1-f-vvs2-round-lab-created-diamond-r,https://api.igi.org/viewpdf.php?r=LG760518709,NONE,Excellent,Excellent,57.00%,61.50%,1.01,8.27 - 8.22 x 5.07 mm,LV-ROUNDFVVS2-760518709
2238293,2.06,F,VVS2,Ideal,444,https://www.luvansh.com/product/2238293/igi-certified-2-06-f-vvs2-round-lab-created-diamond-r,https://api.igi.org/viewpdf.php?r=LG758591012,NONE,Excellent,Excellent,56.00%,62.10%,1.01,8.16 - 8.11 x 5.06 mm,LV-ROUNDFVVS2-758591012
1927328,1.8,E,VVS2,Ideal,444,https://www.luvansh.com/product/1927328/igi-certified-1-8-e-vvs2-round-lab-created-diamond-r,https://api.igi.org/viewpdf.php?r=LG678585028,NONE,Excellent,Excellent,57.00%,61.00%,1,7.84 - 7.86 x 4.79 mm,LV-ROUNDEVVS2-678585028
2062869,1.97,F,VVS2,Ideal,444,https://www.luvansh.com/product/2062869/igi-certified-1-97-f-vvs2-round-lab-created-diamond-r,https://api.igi.org/viewpdf.php?r=LG758537468,NONE,Excellent,Excellent,56.00%,61.80%,1.01,8.03 - 7.99 x 4.95 mm,LV-ROUNDFVVS2-758537468
2418359,2.08,D,VVS2,Ideal,444,https://www.luvansh.com/product/2418359/igi-certified-2-08-d-vvs2-round-lab-created-diamond-r,https://api.igi.org/viewpdf.php?r=LG766664528,NONE,Excellent,Excellent,57.00%,62.20%,1,8.14 - 8.18 x 5.08 mm,LV-ROUNDDVVS2-766664528
2412647,2.01,D,VVS2,Ideal,444,https://www.luvansh.com/product/2412647/igi-certified-2-01-d-vvs2-round-lab-created-diamond-r,https://api.igi.org/viewpdf.php?r=LG756576372,NONE,Excellent,Excellent,57.00%,61.30%,1,8.08 - 8.12 x 4.96 mm,LV-ROUNDDVVS2-756576372
2380326,2.04,D,VVS2,Ideal,444,https://www.luvansh.com/product/2380326/igi-certified-2-04-d-vvs2-round-lab-created-diamond-r,https://api.igi.org/viewpdf.php?r=LG764630422,NONE,Excellent,Excellent,58.00%,61.10%,1,8.16 - 8.19 x 5 mm,LV-ROUNDDVVS2-LG764630422
2380299,2.05,D,VVS2,Ideal,444,https://www.luvansh.com/product/2380299/igi-certified-2-05-d-vvs2-round-lab-created-diamond-r,https://api.igi.org/viewpdf.php?r=LG764603842,NONE,Excellent,Excellent,57.00%,62.20%,1,8.13 - 8.16 x 5.06 mm,LV-ROUNDDVVS2-LG764603842
2380386,2.05,D,VVS2,Ideal,444,https://www.luvansh.com/product/2380386/igi-certified-2-05-d-vvs2-round-lab-created-diamond-r,https://api.igi.org/viewpdf.php?r=LG765634269,NONE,Excellent,Excellent,58.00%,61.50%,1,8.15 - 8.18 x 5.02 mm,LV-ROUNDDVVS2-LG765634269
2377389,2.09,D,VVS2,Ideal,444,https://www.luvansh.com/product/2377389/igi-certified-2-09-d-vvs2-round-lab-created-diamond-r,https://api.igi.org/viewpdf.php?r=LG735539928,NONE,Excellent,Excellent,58.00%,61.20%,1,8.22 - 8.25 x 5.04 mm,LV-ROUNDDVVS2-LG735539928
2338496,2.27,F,VVS2,Ideal,444,https://www.luvansh.com/product/2338496/igi-certified-2-27-f-vvs2-round-lab-created-diamond-r,https://api.igi.org/viewpdf.php?r=LG753509352,NONE,Excellent,Excellent,57.00%,61.20%,1,8.42 - 8.46 x 5.17 mm,LV-ROUNDFVVS2-LG753509352
2341154,1.97,D,VVS2,Ideal,444,https://www.luvansh.com/product/2341154/igi-certified-1-97-d-vvs2-round-lab-created-diamond-r,https://api.igi.org/viewpdf.php?r=LG704501891,NONE,Excellent,Excellent,57.00%,61.80%,1.01,8.08 - 8.03 x 4.99 mm,LV-ROUNDDVVS2-704501891
2277066,1.91,E,VVS2,Ideal,444,https://www.luvansh.com/product/2277066/igi-certified-1-91-e-vvs2-round-lab-created-diamond-r,https://api.igi.org/viewpdf.php?r=LG763623019,NONE,Excellent,Excellent,58.00%,61.90%,1.01,7.99 - 7.93 x 4.93 mm,LV-ROUNDEVVS2-763623019
2260240,1.91,E,VVS2,Ideal,444,https://www.luvansh.com/product/2260240/igi-certified-1-91-e-vvs2-round-lab-created-diamond-r,https://api.igi.org/viewpdf.php?r=LG761551312,NONE,Excellent,Excellent,55.00%,62.10%,1,7.98 - 7.95 x 4.95 mm,LV-ROUNDEVVS2-761551312
2431446,2.07,E,VVS2,Ideal,444,https://www.luvansh.com/product/2431446/igi-certified-2-07-e-vvs2-round-lab-created-diamond-r,https://api.igi.org/viewpdf.php?r=LG771649811,NONE,Excellent,Excellent,58.00%,62.30%,1,8.11 - 8.15 x 5.07 mm,LV-ROUNDEVVS2-771649811
2431448,2.07,E,VVS2,Ideal,444,https://www.luvansh.com/product/2431448/igi-certified-2-07-e-vvs2-round-lab-created-diamond-r,https://api.igi.org/viewpdf.php?r=LG771611612,NONE,Excellent,Excellent,58.00%,61.90%,1,8.13 - 8.17 x 5.05 mm,LV-ROUNDEVVS2-771611612
2431452,2.09,E,VVS2,Ideal,444,https://www.luvansh.com/product/2431452/igi-certified-2-09-e-vvs2-round-lab-created-diamond-r,https://api.igi.org/viewpdf.php?r=LG771611639,NONE,Excellent,Excellent,57.00%,61.70%,1,8.2 - 8.23 x 5.07 mm,LV-ROUNDEVVS2-771611639
2431453,2.09,E,VVS2,Ideal,444,https://www.luvansh.com/product/2431453/igi-certified-2-09-e-vvs2-round-lab-created-diamond-r,https://api.igi.org/viewpdf.php?r=LG770601705,NONE,Excellent,Excellent,57.00%,61.90%,1,8.18 - 8.21 x 5.08 mm,LV-ROUNDEVVS2-770601705
2431455,2.09,E,VVS2,Ideal,444,https://www.luvansh.com/product/2431455/igi-certified-2-09-e-vvs2-round-lab-created-diamond-r,https://api.igi.org/viewpdf.php?r=LG771611561,NONE,Excellent,Excellent,57.00%,61.90%,1,8.2 - 8.23 x 5.09 mm,LV-ROUNDEVVS2-771611561
2431458,2.09,E,VVS2,Ideal,444,https://www.luvansh.com/product/2431458/igi-certified-2-09-e-vvs2-round-lab-created-diamond-r,https://api.igi.org/viewpdf.php?r=LG771644918,NONE,Excellent,Excellent,58.00%,62.00%,1,8.21 - 8.23 x 5.09 mm,LV-ROUNDEVVS2-771644918
2431459,2.09,E,VVS2,Ideal,444,https://www.luvansh.com/product/2431459/igi-certified-2-09-e-vvs2-round-lab-created-diamond-r,https://api.igi.org/viewpdf.php?r=LG772609103,NONE,Excellent,Excellent,58.00%,61.10%,1,8.19 - 8.23 x 5.02 mm,LV-ROUNDEVVS2-772609103
2431461,2.09,E,VVS2,Ideal,444,https://www.luvansh.com/product/2431461/igi-certified-2-09-e-vvs2-round-lab-created-diamond-r,https://api.igi.org/viewpdf.php?r=LG770602065,NONE,Excellent,Excellent,58.00%,61.10%,1,8.23 - 8.25 x 5.03 mm,LV-ROUNDEVVS2-770602065
2432664,2.09,D,VVS2,Ideal,444,https://www.luvansh.com/product/2432664/igi-certified-2-09-d-vvs2-round-lab-created-diamond-r,https://api.igi.org/viewpdf.php?r=LG762565591,NONE,Excellent,Excellent,56.00%,61.90%,1,8.16 - 8.18 x 5.05 mm,LV-ROUNDDVVS2-762565591
2434245,2.06,F,VVS2,Ideal,444,https://www.luvansh.com/product/2434245/igi-certified-2-06-f-vvs2-round-lab-created-diamond-r,https://api.igi.org/viewpdf.php?r=LG772609360,NONE,Excellent,Excellent,58.00%,62.20%,1,8.10 - 8.13 x 5.05 mm,LV-ROUNDFVVS2-772609360
2430488,2.07,E,VVS2,Ideal,444,https://www.luvansh.com/product/2430488/igi-certified-2-07-e-vvs2-round-lab-created-diamond-r,https://api.igi.org/viewpdf.php?r=LG769633606,NONE,Excellent,Excellent,57.00%,61.30%,1,8.17 - 8.2 x 5.02 mm,LV-ROUNDEVVS2-769633606
2430490,2.09,E,VVS2,Ideal,444,https://www.luvansh.com/product/2430490/igi-certified-2-09-e-vvs2-round-lab-created-diamond-r,https://api.igi.org/viewpdf.php?r=LG769647729,NONE,Excellent,Excellent,57.00%,61.60%,1,8.21 - 8.25 x 5.06 mm,LV-ROUNDEVVS2-769647729
2430444,2.08,E,VVS2,Ideal,444,https://www.luvansh.com/product/2430444/igi-certified-2-08-e-vvs2-round-lab-created-diamond-r,https://api.igi.org/viewpdf.php?r=LG766650085,NONE,Excellent,Excellent,58.00%,62.10%,1,8.14 - 8.18 x 5.06 mm,LV-ROUNDEVVS2-766650085
2430448,2.09,E,VVS2,Ideal,444,https://www.luvansh.com/product/2430448/igi-certified-2-09-e-vvs2-round-lab-created-diamond-r,https://api.igi.org/viewpdf.php?r=LG766650043,NONE,Excellent,Excellent,58.00%,61.70%,1,8.19 - 8.22 x 5.06 mm,LV-ROUNDEVVS2-766650043
2430449,2.09,E,VVS2,Ideal,444,https://www.luvansh.com/product/2430449/igi-certified-2-09-e-vvs2-round-lab-created-diamond-r,https://api.igi.org/viewpdf.php?r=LG766650077,NONE,Excellent,Excellent,58.00%,61.30%,1,8.21 - 8.24 x 5.04 mm,LV-ROUNDEVVS2-766650077
2451578,2.04,E,VVS2,Ideal,444,https://www.luvansh.com/product/2451578/igi-certified-2-04-e-vvs2-round-lab-created-diamond-r,https://api.igi.org/viewpdf.php?r=LG756577402,NONE,Excellent,Excellent,58.00%,61.00%,1,8.15 - 8.19 x 4.98 mm,LV-ROUNDEVVS2-756577402
2451287,2.05,E,VVS2,Ideal,444,https://www.luvansh.com/product/2451287/igi-certified-2-05-e-vvs2-round-lab-created-diamond-r,https://api.igi.org/viewpdf.php?r=LG762540125,NONE,Excellent,Excellent,58.00%,61.50%,1,8.14 - 8.16 x 5.01 mm,LV-ROUNDEVVS2-762540125
2451324,2.04,E,VVS2,Ideal,444,https://www.luvansh.com/product/2451324/igi-certified-2-04-e-vvs2-round-lab-created-diamond-r,https://api.igi.org/viewpdf.php?r=LG759504259,NONE,Excellent,Excellent,58.00%,61.60%,1,8.1 - 8.13 x 5 mm,LV-ROUNDEVVS2-759504259
2439713,2.05,D,VVS1,Ideal,444,https://www.luvansh.com/product/2439713/igi-certified-2-05-d-vvs1-round-lab-created-diamond-r,https://api.igi.org/viewpdf.php?r=LG720545444,NONE,Excellent,Excellent,56.00%,61.20%,1,8.19 - 8.22 x 5.02 mm,LV-ROUNDDVVS1-720545444
2439715,2.05,D,VVS1,Ideal,444,https://www.luvansh.com/product/2439715/igi-certified-2-05-d-vvs1-round-lab-created-diamond-r,https://api.igi.org/viewpdf.php?r=LG729572722,NONE,Excellent,Excellent,58.00%,61.70%,1,8.09 - 8.13 x 5 mm,LV-ROUNDDVVS1-729572722
2439719,2.05,D,VVS1,Ideal,444,https://www.luvansh.com/product/2439719/igi-certified-2-05-d-vvs1-round-lab-created-diamond-r,https://api.igi.org/viewpdf.php?r=LG722563052,NONE,Excellent,Excellent,56.00%,61.10%,1,8.19 - 8.22 x 5.02 mm,LV-ROUNDDVVS1-722563052
2439824,2.06,D,VVS1,Ideal,444,https://www.luvansh.com/product/2439824/igi-certified-2-06-d-vvs1-round-lab-created-diamond-r,https://api.igi.org/viewpdf.php?r=LG743572734,NONE,Excellent,Excellent,57.00%,61.50%,1,8.16 - 8.2 x 5.03 mm,LV-ROUNDDVVS1-743572734
2439829,2.05,D,VVS1,Ideal,444,https://www.luvansh.com/product/2439829/igi-certified-2-05-d-vvs1-round-lab-created-diamond-r,https://api.igi.org/viewpdf.php?r=LG739574659,NONE,Excellent,Excellent,56.00%,61.80%,1,8.14 - 8.18 x 5.04 mm,LV-ROUNDDVVS1-739574659
2439831,2.05,D,VVS1,Ideal,444,https://www.luvansh.com/product/2439831/igi-certified-2-05-d-vvs1-round-lab-created-diamond-r,https://api.igi.org/viewpdf.php?r=LG747510932,NONE,Excellent,Excellent,57.00%,61.40%,1,8.12 - 8.16 x 5 mm,LV-ROUNDDVVS1-747510932
2439833,2.05,D,VVS1,Ideal,444,https://www.luvansh.com/product/2439833/igi-certified-2-05-d-vvs1-round-lab-created-diamond-r,https://api.igi.org/viewpdf.php?r=LG739580404,NONE,Excellent,Excellent,57.00%,61.90%,1,8.12 - 8.16 x 5.03 mm,LV-ROUNDDVVS1-739580404
2439835,2.05,D,VVS1,Ideal,444,https://www.luvansh.com/product/2439835/igi-certified-2-05-d-vvs1-round-lab-created-diamond-r,https://api.igi.org/viewpdf.php?r=LG741512682,NONE,Excellent,Excellent,55.00%,62.30%,1,8.12 - 8.16 x 5.07 mm,LV-ROUNDDVVS1-741512682
1686985,2.04,E,VVS2,Ideal,444,https://www.luvansh.com/product/1686985/igi-certified-2-04-e-vvs2-round-lab-created-diamond-r,https://api.igi.org/viewpdf.php?r=LG621486380,NONE,Excellent,Excellent,57.00%,61.90%,1,8.12 - 8.16 x 5.04 mm,LV-ROUNDEVVS2-621486380
2241899,2.05,F,VVS2,Ideal,444,https://www.luvansh.com/product/2241899/igi-certified-2-05-f-vvs2-round-lab-created-diamond-r,https://api.igi.org/viewpdf.php?r=LG760501068,NONE,Excellent,Excellent,58.00%,61.20%,1.01,8.21 - 8.16 x 5.01 mm,LV-ROUNDFVVS2-760501068
2246165,2.1,F,VVS2,Ideal,444,https://www.luvansh.com/product/2246165/igi-certified-2-1-f-vvs2-round-lab-created-diamond-r,https://api.igi.org/viewpdf.php?r=LG760518709,NONE,Excellent,Excellent,57.00%,61.50%,1.01,8.27 - 8.22 x 5.07 mm,LV-ROUNDFVVS2-760518709
2238293,2.06,F,VVS2,Ideal,444,https://www.luvansh.com/product/2238293/igi-certified-2-06-f-vvs2-round-lab-created-diamond-r,https://api.igi.org/viewpdf.php?r=LG758591012,NONE,Excellent,Excellent,56.00%,62.10%,1.01,8.16 - 8.11 x 5.06 mm,LV-ROUNDFVVS2-758591012
1927328,1.8,E,VVS2,Ideal,444,https://www.luvansh.com/product/1927328/igi-certified-1-8-e-vvs2-round-lab-created-diamond-r,https://api.igi.org/viewpdf.php?r=LG678585028,NONE,Excellent,Excellent,57.00%,61.00%,1,7.84 - 7.86 x 4.79 mm,LV-ROUNDEVVS2-678585028
2062869,1.97,F,VVS2,Ideal,444,https://www.luvansh.com/product/2062869/igi-certified-1-97-f-vvs2-round-lab-created-diamond-r,https://api.igi.org/viewpdf.php?r=LG758537468,NONE,Excellent,Excellent,56.00%,61.80%,1.01,8.03 - 7.99 x 4.95 mm,LV-ROUNDFVVS2-758537468
2029974,2.09,F,VVS2,Ideal,440,https://www.luvansh.com/product/2029974/igi-certified-2-09-f-vvs2-round-lab-created-diamond-r,https://api.igi.org/viewpdf.php?r=LG750584973,NONE,Excellent,Excellent,56.00%,62.30%,1.01,8.18 - 8.12 x 5.08 mm,LV-ROUNDFVVS2-750584973
2003508,2.05,F,VVS2,Ideal,440,https://www.luvansh.com/product/2003508/igi-certified-2-05-f-vvs2-round-lab-created-diamond-r,https://api.igi.org/viewpdf.php?r=LG749569629,NONE,Excellent,Excellent,58.00%,61.80%,1,8.120 - 8.160 x 61.8 mm,LV-ROUNDFVVS2-749569629
2003157,2.05,F,VVS2,Ideal,440,https://www.luvansh.com/product/2003157/igi-certified-2-05-f-vvs2-round-lab-created-diamond-r,https://api.igi.org/viewpdf.php?r=LG726536528,NONE,Excellent,Excellent,58.00%,61.30%,1,8.120 - 8.160 x 61.3 mm,LV-ROUNDFVVS2-726536528
2453017,2.05,D,VVS2,Ideal,440,https://www.luvansh.com/product/2453017/igi-certified-2-05-d-vvs2-round-lab-created-diamond-r,https://api.igi.org/viewpdf.php?r=LG769622891,NONE,Excellent,Excellent,58.00%,61.60%,1,8.14 - 8.16 x 5.02 mm,LV-ROUNDDVVS2-769622891
2439727,2.04,D,VVS1,Ideal,440,https://www.luvansh.com/product/2439727/igi-certified-2-04-d-vvs1-round-lab-created-diamond-r,https://api.igi.org/viewpdf.php?r=LG729573946,NONE,Excellent,Excellent,58.00%,61.60%,1,8.11 - 8.15 x 5.01 mm,LV-ROUNDDVVS1-729573946
2439730,2.04,D,VVS1,Ideal,440,https://www.luvansh.com/product/2439730/igi-certified-2-04-d-vvs1-round-lab-created-diamond-r,https://api.igi.org/viewpdf.php?r=LG722562877,NONE,Excellent,Excellent,58.00%,61.80%,1,8.11 - 8.14 x 5.02 mm,LV-ROUNDDVVS1-722562877
2439731,2.04,D,VVS1,Ideal,440,https://www.luvansh.com/product/2439731/igi-certified-2-04-d-vvs1-round-lab-created-diamond-r,https://api.igi.org/viewpdf.php?r=LG722562905,NONE,Excellent,Excellent,57.00%,62.00%,1,8.12 - 8.14 x 5.04 mm,LV-ROUNDDVVS1-722562905
2439733,2.04,D,VVS1,Ideal,440,https://www.luvansh.com/product/2439733/igi-certified-2-04-d-vvs1-round-lab-created-diamond-r,https://api.igi.org/viewpdf.php?r=LG729578880,NONE,Excellent,Excellent,56.00%,61.90%,1,8.15 - 8.18 x 5.06 mm,LV-ROUNDDVVS1-729578880
2439738,2.03,D,VVS1,Ideal,440,https://www.luvansh.com/product/2439738/igi-certified-2-03-d-vvs1-round-lab-created-diamond-r,https://api.igi.org/viewpdf.php?r=LG733516182,NONE,Excellent,Excellent,58.00%,61.20%,1,8.11 - 8.15 x 4.97 mm,LV-ROUNDDVVS1-733516182
2439739,2.03,D,VVS1,Ideal,440,https://www.luvansh.com/product/2439739/igi-certified-2-03-d-vvs1-round-lab-created-diamond-r,https://api.igi.org/viewpdf.php?r=LG722566310,NONE,Excellent,Excellent,56.00%,61.90%,1,8.07 - 8.09 x 5 mm,LV-ROUNDDVVS1-722566310
2439740,2.03,D,VVS1,Ideal,440,https://www.luvansh.com/product/2439740/igi-certified-2-03-d-vvs1-round-lab-created-diamond-r,https://api.igi.org/viewpdf.php?r=LG722567077,NONE,Excellent,Excellent,57.00%,61.80%,1,8.08 - 8.12 x 5.01 mm,LV-ROUNDDVVS1-722567077
2439741,2.03,D,VVS1,Ideal,440,https://www.luvansh.com/product/2439741/igi-certified-2-03-d-vvs1-round-lab-created-diamond-r,https://api.igi.org/viewpdf.php?r=LG729572651,NONE,Excellent,Excellent,57.00%,61.70%,1,8.08 - 8.12 x 4.99 mm,LV-ROUNDDVVS1-729572651
2439743,2.03,D,VVS1,Ideal,440,https://www.luvansh.com/product/2439743/igi-certified-2-03-d-vvs1-round-lab-created-diamond-r,https://api.igi.org/viewpdf.php?r=LG729573504,NONE,Excellent,Excellent,58.00%,61.60%,1,8.1 - 8.14 x 5 mm,LV-ROUNDDVVS1-729573504
2439749,2.02,D,VVS1,Ideal,440,https://www.luvansh.com/product/2439749/igi-certified-2-02-d-vvs1-round-lab-created-diamond-r,https://api.igi.org/viewpdf.php?r=LG722562622,NONE,Excellent,Excellent,58.00%,61.60%,1,8.05 - 8.09 x 4.97 mm,LV-ROUNDDVVS1-722562622
2439750,2.02,D,VVS1,Ideal,440,https://www.luvansh.com/product/2439750/igi-certified-2-02-d-vvs1-round-lab-created-diamond-r,https://api.igi.org/viewpdf.php?r=LG722562912,NONE,Excellent,Excellent,58.00%,61.00%,1,8.12 - 8.15 x 4.96 mm,LV-ROUNDDVVS1-722562912
2439751,2.02,D,VVS1,Ideal,440,https://www.luvansh.com/product/2439751/igi-certified-2-02-d-vvs1-round-lab-created-diamond-r,https://api.igi.org/viewpdf.php?r=LG722562624,NONE,Excellent,Excellent,56.00%,62.10%,1,8.08 - 8.12 x 5.03 mm,LV-ROUNDDVVS1-722562624
2439836,2.04,D,VVS1,Ideal,440,https://www.luvansh.com/product/2439836/igi-certified-2-04-d-vvs1-round-lab-created-diamond-r,https://api.igi.org/viewpdf.php?r=LG741512632,NONE,Excellent,Excellent,58.00%,61.60%,1,8.13 - 8.16 x 5.02 mm,LV-ROUNDDVVS1-741512632
2439848,2.03,D,VVS1,Ideal,440,https://www.luvansh.com/product/2439848/igi-certified-2-03-d-vvs1-round-lab-created-diamond-r,https://api.igi.org/viewpdf.php?r=LG749573048,NONE,Excellent,Excellent,58.00%,61.30%,1,8.11 - 8.14 x 4.98 mm,LV-ROUNDDVVS1-749573048
2439850,2.03,D,VVS1,Ideal,440,https://www.luvansh.com/product/2439850/igi-certified-2-03-d-vvs1-round-lab-created-diamond-r,https://api.igi.org/viewpdf.php?r=LG754517243,NONE,Excellent,Excellent,58.00%,62.00%,1,8.04 - 8.08 x 5 mm,LV-ROUNDDVVS1-754517243
2439853,2.03,D,VVS1,Ideal,440,https://www.luvansh.com/product/2439853/igi-certified-2-03-d-vvs1-round-lab-created-diamond-r,https://api.igi.org/viewpdf.php?r=LG743580655,NONE,Excellent,Excellent,57.00%,62.10%,1,8.09 - 8.13 x 5.04 mm,LV-ROUNDDVVS1-743580655
2439854,2.03,D,VVS1,Ideal,440,https://www.luvansh.com/product/2439854/igi-certified-2-03-d-vvs1-round-lab-created-diamond-r,https://api.igi.org/viewpdf.php?r=LG741512589,NONE,Excellent,Excellent,57.00%,61.40%,1,8.1 - 8.14 x 4.98 mm,LV-ROUNDDVVS1-741512589
2439863,2.02,D,VVS1,Ideal,440,https://www.luvansh.com/product/2439863/igi-certified-2-02-d-vvs1-round-lab-created-diamond-r,https://api.igi.org/viewpdf.php?r=LG749572884,NONE,Excellent,Excellent,57.00%,62.30%,1,8.07 - 8.09 x 5.03 mm,LV-ROUNDDVVS1-749572884
2439868,2.02,D,VVS1,Ideal,440,https://www.luvansh.com/product/2439868/igi-certified-2-02-d-vvs1-round-lab-created-diamond-r,https://api.igi.org/viewpdf.php?r=LG754517088,NONE,Excellent,Excellent,57.00%,61.50%,1,8.08 - 8.12 x 4.98 mm,LV-ROUNDDVVS1-754517088
2451251,2.02,E,VVS2,Ideal,440,https://www.luvansh.com/product/2451251/igi-certified-2-02-e-vvs2-round-lab-created-diamond-r,https://api.igi.org/viewpdf.php?r=LG759505785,NONE,Excellent,Excellent,57.00%,61.70%,1,8.07 - 8.11 x 5 mm,LV-ROUNDEVVS2-759505785
2451569,2.02,E,VVS2,Ideal,440,https://www.luvansh.com/product/2451569/igi-certified-2-02-e-vvs2-round-lab-created-diamond-r,https://api.igi.org/viewpdf.php?r=LG756577407,NONE,Excellent,Excellent,57.00%,61.90%,1,8.06 - 8.08 x 5 mm,LV-ROUNDEVVS2-756577407
2430438,2.06,E,VVS2,Ideal,440,https://www.luvansh.com/product/2430438/igi-certified-2-06-e-vvs2-round-lab-created-diamond-r,https://api.igi.org/viewpdf.php?r=LG766650090,NONE,Excellent,Excellent,57.00%,62.00%,1,8.12 - 8.16 x 5.05 mm,LV-ROUNDEVVS2-766650090
2434346,2.02,F,VVS2,Ideal,440,https://www.luvansh.com/product/2434346/igi-certified-2-02-f-vvs2-round-lab-created-diamond-r,https://api.igi.org/viewpdf.php?r=LG772609397,NONE,Excellent,Excellent,57.00%,61.10%,1,8.09 - 8.12 x 4.95 mm,LV-ROUNDFVVS2-772609397
2319356,2.1,E,VVS2,Ideal,440,https://www.luvansh.com/product/2319356/igi-certified-2-1-e-vvs2-round-lab-created-diamond-r,https://api.igi.org/viewpdf.php?r=LG756521776,NONE,Excellent,Excellent,58.00%,61.70%,1,8.22 - 8.18 x 5.06 mm,LV-ROUNDEVVS2-756521776
2330951,1.95,D,VVS2,Ideal,440,https://www.luvansh.com/product/2330951/igi-certified-1-95-d-vvs2-round-lab-created-diamond-r,https://api.igi.org/viewpdf.php?r=LG766611951,NONE,Excellent,Excellent,57.00%,62.10%,1,7.99 - 8.03 x 4.97 mm,LV-ROUNDDVVS2-766611951
2380309,2.02,D,VVS2,Ideal,440,https://www.luvansh.com/product/2380309/igi-certified-2-02-d-vvs2-round-lab-created-diamond-r,https://api.igi.org/viewpdf.php?r=LG764603840,NONE,Excellent,Excellent,58.00%,62.00%,1,8.05 - 8.09 x 5.01 mm,LV-ROUNDDVVS2-LG764603840
2418357,2.09,D,VVS2,Ideal,440,https://www.luvansh.com/product/2418357/igi-certified-2-09-d-vvs2-round-lab-created-diamond-r,https://api.igi.org/viewpdf.php?r=LG768689050,NONE,Excellent,Excellent,58.00%,61.50%,1,8.18 - 8.21 x 5.04 mm,LV-ROUNDDVVS2-768689050
2417643,2.03,D,VVS2,Ideal,440,https://www.luvansh.com/product/2417643/igi-certified-2-03-d-vvs2-round-lab-created-diamond-r,https://api.igi.org/viewpdf.php?r=LG749539254,NONE,Excellent,Excellent,57.00%,61.90%,1,8.09 - 8.12 x 5.02 mm,LV-ROUNDDVVS2-LG749539254
2029974,2.09,F,VVS2,Ideal,440,https://www.luvansh.com/product/2029974/igi-certified-2-09-f-vvs2-round-lab-created-diamond-r,https://api.igi.org/viewpdf.php?r=LG750584973,NONE,Excellent,Excellent,56.00%,62.30%,1.01,8.18 - 8.12 x 5.08 mm,LV-ROUNDFVVS2-750584973
2003508,2.05,F,VVS2,Ideal,440,https://www.luvansh.com/product/2003508/igi-certified-2-05-f-vvs2-round-lab-created-diamond-r,https://api.igi.org/viewpdf.php?r=LG749569629,NONE,Excellent,Excellent,58.00%,61.80%,1,8.120 - 8.160 x 61.8 mm,LV-ROUNDFVVS2-749569629
2003157,2.05,F,VVS2,Ideal,440,https://www.luvansh.com/product/2003157/igi-certified-2-05-f-vvs2-round-lab-created-diamond-r,https://api.igi.org/viewpdf.php?r=LG726536528,NONE,Excellent,Excellent,58.00%,61.30%,1,8.120 - 8.160 x 61.3 mm,LV-ROUNDFVVS2-726536528
2453017,2.05,D,VVS2,Ideal,440,https://www.luvansh.com/product/2453017/igi-certified-2-05-d-vvs2-round-lab-created-diamond-r,https://api.igi.org/viewpdf.php?r=LG769622891,NONE,Excellent,Excellent,58.00%,61.60%,1,8.14 - 8.16 x 5.02 mm,LV-ROUNDDVVS2-769622891
2439727,2.04,D,VVS1,Ideal,440,https://www.luvansh.com/product/2439727/igi-certified-2-04-d-vvs1-round-lab-created-diamond-r,https://api.igi.org/viewpdf.php?r=LG729573946,NONE,Excellent,Excellent,58.00%,61.60%,1,8.11 - 8.15 x 5.01 mm,LV-ROUNDDVVS1-729573946
2439730,2.04,D,VVS1,Ideal,440,https://www.luvansh.com/product/2439730/igi-certified-2-04-d-vvs1-round-lab-created-diamond-r,https://api.igi.org/viewpdf.php?r=LG722562877,NONE,Excellent,Excellent,58.00%,61.80%,1,8.11 - 8.14 x 5.02 mm,LV-ROUNDDVVS1-722562877
2439731,2.04,D,VVS1,Ideal,440,https://www.luvansh.com/product/2439731/igi-certified-2-04-d-vvs1-round-lab-created-diamond-r,https://api.igi.org/viewpdf.php?r=LG722562905,NONE,Excellent,Excellent,57.00%,62.00%,1,8.12 - 8.14 x 5.04 mm,LV-ROUNDDVVS1-722562905
2439733,2.04,D,VVS1,Ideal,440,https://www.luvansh.com/product/2439733/igi-certified-2-04-d-vvs1-round-lab-created-diamond-r,https://api.igi.org/viewpdf.php?r=LG729578880,NONE,Excellent,Excellent,56.00%,61.90%,1,8.15 - 8.18 x 5.06 mm,LV-ROUNDDVVS1-729578880
2439738,2.03,D,VVS1,Ideal,440,https://www.luvansh.com/product/2439738/igi-certified-2-03-d-vvs1-round-lab-created-diamond-r,https://api.igi.org/viewpdf.php?r=LG733516182,NONE,Excellent,Excellent,58.00%,61.20%,1,8.11 - 8.15 x 4.97 mm,LV-ROUNDDVVS1-733516182
2439739,2.03,D,VVS1,Ideal,440,https://www.luvansh.com/product/2439739/igi-certified-2-03-d-vvs1-round-lab-created-diamond-r,https://api.igi.org/viewpdf.php?r=LG722566310,NONE,Excellent,Excellent,56.00%,61.90%,1,8.07 - 8.09 x 5 mm,LV-ROUNDDVVS1-722566310
2439740,2.03,D,VVS1,Ideal,440,https://www.luvansh.com/product/2439740/igi-certified-2-03-d-vvs1-round-lab-created-diamond-r,https://api.igi.org/viewpdf.php?r=LG722567077,NONE,Excellent,Excellent,57.00%,61.80%,1,8.08 - 8.12 x 5.01 mm,LV-ROUNDDVVS1-722567077
2439741,2.03,D,VVS1,Ideal,440,https://www.luvansh.com/product/2439741/igi-certified-2-03-d-vvs1-round-lab-created-diamond-r,https://api.igi.org/viewpdf.php?r=LG729572651,NONE,Excellent,Excellent,57.00%,61.70%,1,8.08 - 8.12 x 4.99 mm,LV-ROUNDDVVS1-729572651
2439743,2.03,D,VVS1,Ideal,440,https://www.luvansh.com/product/2439743/igi-certified-2-03-d-vvs1-round-lab-created-diamond-r,https://api.igi.org/viewpdf.php?r=LG729573504,NONE,Excellent,Excellent,58.00%,61.60%,1,8.1 - 8.14 x 5 mm,LV-ROUNDDVVS1-729573504
2439749,2.02,D,VVS1,Ideal,440,https://www.luvansh.com/product/2439749/igi-certified-2-02-d-vvs1-round-lab-created-diamond-r,https://api.igi.org/viewpdf.php?r=LG722562622,NONE,Excellent,Excellent,58.00%,61.60%,1,8.05 - 8.09 x 4.97 mm,LV-ROUNDDVVS1-722562622
2439750,2.02,D,VVS1,Ideal,440,https://www.luvansh.com/product/2439750/igi-certified-2-02-d-vvs1-round-lab-created-diamond-r,https://api.igi.org/viewpdf.php?r=LG722562912,NONE,Excellent,Excellent,58.00%,61.00%,1,8.12 - 8.15 x 4.96 mm,LV-ROUNDDVVS1-722562912
2439751,2.02,D,VVS1,Ideal,440,https://www.luvansh.com/product/2439751/igi-certified-2-02-d-vvs1-round-lab-created-diamond-r,https://api.igi.org/viewpdf.php?r=LG722562624,NONE,Excellent,Excellent,56.00%,62.10%,1,8.08 - 8.12 x 5.03 mm,LV-ROUNDDVVS1-722562624
2439836,2.04,D,VVS1,Ideal,440,https://www.luvansh.com/product/2439836/igi-certified-2-04-d-vvs1-round-lab-created-diamond-r,https://api.igi.org/viewpdf.php?r=LG741512632,NONE,Excellent,Excellent,58.00%,61.60%,1,8.13 - 8.16 x 5.02 mm,LV-ROUNDDVVS1-741512632
2439848,2.03,D,VVS1,Ideal,440,https://www.luvansh.com/product/2439848/igi-certified-2-03-d-vvs1-round-lab-created-diamond-r,https://api.igi.org/viewpdf.php?r=LG749573048,NONE,Excellent,Excellent,58.00%,61.30%,1,8.11 - 8.14 x 4.98 mm,LV-ROUNDDVVS1-749573048
2439850,2.03,D,VVS1,Ideal,440,https://www.luvansh.com/product/2439850/igi-certified-2-03-d-vvs1-round-lab-created-diamond-r,https://api.igi.org/viewpdf.php?r=LG754517243,NONE,Excellent,Excellent,58.00%,62.00%,1,8.04 - 8.08 x 5 mm,LV-ROUNDDVVS1-754517243
2439853,2.03,D,VVS1,Ideal,440,https://www.luvansh.com/product/2439853/igi-certified-2-03-d-vvs1-round-lab-created-diamond-r,https://api.igi.org/viewpdf.php?r=LG743580655,NONE,Excellent,Excellent,57.00%,62.10%,1,8.09 - 8.13 x 5.04 mm,LV-ROUNDDVVS1-743580655
2439854,2.03,D,VVS1,Ideal,440,https://www.luvansh.com/product/2439854/igi-certified-2-03-d-vvs1-round-lab-created-diamond-r,https://api.igi.org/viewpdf.php?r=LG741512589,NONE,Excellent,Excellent,57.00%,61.40%,1,8.1 - 8.14 x 4.98 mm,LV-ROUNDDVVS1-741512589
2439863,2.02,D,VVS1,Ideal,440,https://www.luvansh.com/product/2439863/igi-certified-2-02-d-vvs1-round-lab-created-diamond-r,https://api.igi.org/viewpdf.php?r=LG749572884,NONE,Excellent,Excellent,57.00%,62.30%,1,8.07 - 8.09 x 5.03 mm,LV-ROUNDDVVS1-749572884
2439868,2.02,D,VVS1,Ideal,440,https://www.luvansh.com/product/2439868/igi-certified-2-02-d-vvs1-round-lab-created-diamond-r,https://api.igi.org/viewpdf.php?r=LG754517088,NONE,Excellent,Excellent,57.00%,61.50%,1,8.08 - 8.12 x 4.98 mm,LV-ROUNDDVVS1-754517088
2451251,2.02,E,VVS2,Ideal,440,https://www.luvansh.com/product/2451251/igi-certified-2-02-e-vvs2-round-lab-created-diamond-r,https://api.igi.org/viewpdf.php?r=LG759505785,NONE,Excellent,Excellent,57.00%,61.70%,1,8.07 - 8.11 x 5 mm,LV-ROUNDEVVS2-759505785
2451569,2.02,E,VVS2,Ideal,440,https://www.luvansh.com/product/2451569/igi-certified-2-02-e-vvs2-round-lab-created-diamond-r,https://api.igi.org/viewpdf.php?r=LG756577407,NONE,Excellent,Excellent,57.00%,61.90%,1,8.06 - 8.08 x 5 mm,LV-ROUNDEVVS2-756577407
2430438,2.06,E,VVS2,Ideal,440,https://www.luvansh.com/product/2430438/igi-certified-2-06-e-vvs2-round-lab-created-diamond-r,https://api.igi.org/viewpdf.php?r=LG766650090,NONE,Excellent,Excellent,57.00%,62.00%,1,8.12 - 8.16 x 5.05 mm,LV-ROUNDEVVS2-766650090
2434346,2.02,F,VVS2,Ideal,440,https://www.luvansh.com/product/2434346/igi-certified-2-02-f-vvs2-round-lab-created-diamond-r,https://api.igi.org/viewpdf.php?r=LG772609397,NONE,Excellent,Excellent,57.00%,61.10%,1,8.09 - 8.12 x 4.95 mm,LV-ROUNDFVVS2-772609397
2319356,2.1,E,VVS2,Ideal,440,https://www.luvansh.com/product/2319356/igi-certified-2-1-e-vvs2-round-lab-created-diamond-r,https://api.igi.org/viewpdf.php?r=LG756521776,NONE,Excellent,Excellent,58.00%,61.70%,1,8.22 - 8.18 x 5.06 mm,LV-ROUNDEVVS2-756521776
2330951,1.95,D,VVS2,Ideal,440,https://www.luvansh.com/product/2330951/igi-certified-1-95-d-vvs2-round-lab-created-diamond-r,https://api.igi.org/viewpdf.php?r=LG766611951,NONE,Excellent,Excellent,57.00%,62.10%,1,7.99 - 8.03 x 4.97 mm,LV-ROUNDDVVS2-766611951
2380309,2.02,D,VVS2,Ideal,440,https://www.luvansh.com/product/2380309/igi-certified-2-02-d-vvs2-round-lab-created-diamond-r,https://api.igi.org/viewpdf.php?r=LG764603840,NONE,Excellent,Excellent,58.00%,62.00%,1,8.05 - 8.09 x 5.01 mm,LV-ROUNDDVVS2-LG764603840
2418357,2.09,D,VVS2,Ideal,440,https://www.luvansh.com/product/2418357/igi-certified-2-09-d-vvs2-round-lab-created-diamond-r,https://api.igi.org/viewpdf.php?r=LG768689050,NONE,Excellent,Excellent,58.00%,61.50%,1,8.18 - 8.21 x 5.04 mm,LV-ROUNDDVVS2-768689050
2417643,2.03,D,VVS2,Ideal,440,https://www.luvansh.com/product/2417643/igi-certified-2-03-d-vvs2-round-lab-created-diamond-r,https://api.igi.org/viewpdf.php?r=LG749539254,NONE,Excellent,Excellent,57.00%,61.90%,1,8.09 - 8.12 x 5.02 mm,LV-ROUNDDVVS2-LG749539254
2398758,2.05,E,VVS2,Ideal,434,https://www.luvansh.com/product/2398758/igi-certified-2-05-e-vvs2-round-lab-created-diamond-r,https://api.igi.org/viewpdf.php?r=LG761530200,NONE,Excellent,Excellent,58.00%,61.40%,1,8.11 - 8.15 x 5 mm,LV-ROUNDEVVS2-761530200
2418364,2.05,D,VVS2,Ideal,434,https://www.luvansh.com/product/2418364/igi-certified-2-05-d-vvs2-round-lab-created-diamond-r,https://api.igi.org/viewpdf.php?r=LG765615513,NONE,Excellent,Excellent,57.00%,61.70%,1,8.1 - 8.14 x 5.01 mm,LV-ROUNDDVVS2-765615513
2413554,2.04,D,VVS2,Ideal,434,https://www.luvansh.com/product/2413554/igi-certified-2-04-d-vvs2-round-lab-created-diamond-r,https://api.igi.org/viewpdf.php?r=LG759512644,NONE,Excellent,Excellent,57.00%,61.40%,1,8.09 - 8.12 x 4.97 mm,LV-ROUNDDVVS2-759512644
2329133,2.02,F,VVS2,Ideal,434,https://www.luvansh.com/product/2329133/igi-certified-2-02-f-vvs2-round-lab-created-diamond-r,https://api.igi.org/viewpdf.php?r=LG754521857,NONE,Excellent,Excellent,55.00%,61.70%,1,8.120 - 8.140 x 61.7 mm,LV-ROUNDFVVS2-754521857
2298573,1.95,E,VVS2,Ideal,434,https://www.luvansh.com/product/2298573/igi-certified-1-95-e-vvs2-round-lab-created-diamond-r,https://api.igi.org/viewpdf.php?r=LG762575999,NONE,Excellent,Excellent,55.00%,61.20%,1,8.06 - 8.09 x 4.95 mm,LV-ROUNDEVVS2-762575999
2434563,1.86,E,VVS2,Ideal,434,https://www.luvansh.com/product/2434563/igi-certified-1-86-e-vvs2-round-lab-created-diamond-r,https://api.igi.org/viewpdf.php?r=LG772609601,NONE,Excellent,Excellent,56.00%,61.70%,1,7.88 - 7.91 x 4.87 mm,LV-ROUNDEVVS2-772609601
2430331,2.09,F,VVS2,Ideal,434,https://www.luvansh.com/product/2430331/igi-certified-2-09-f-vvs2-round-lab-created-diamond-r,https://api.igi.org/viewpdf.php?r=LG760599397,NONE,Excellent,Excellent,58.00%,61.90%,1,8.16 - 8.19 x 5.06 mm,LV-ROUNDFVVS2-760599397
2430431,2.04,E,VVS2,Ideal,434,https://www.luvansh.com/product/2430431/igi-certified-2-04-e-vvs2-round-lab-created-diamond-r,https://api.igi.org/viewpdf.php?r=LG766650087,NONE,Excellent,Excellent,57.00%,61.30%,1,8.11 - 8.14 x 4.98 mm,LV-ROUNDEVVS2-766650087
2430235,2.09,F,VVS2,Ideal,434,https://www.luvansh.com/product/2430235/igi-certified-2-09-f-vvs2-round-lab-created-diamond-r,https://api.igi.org/viewpdf.php?r=LG763666128,NONE,Excellent,Excellent,57.00%,61.50%,1,8.23 - 8.24 x 5.07 mm,LV-ROUNDFVVS2-763666128
2430237,2.09,F,VVS2,Ideal,434,https://www.luvansh.com/product/2430237/igi-certified-2-09-f-vvs2-round-lab-created-diamond-r,https://api.igi.org/viewpdf.php?r=LG760549652,NONE,Excellent,Excellent,58.00%,61.60%,1,8.17 - 8.21 x 5.04 mm,LV-ROUNDFVVS2-760549652
2430621,2.1,F,VVS2,Ideal,434,https://www.luvansh.com/product/2430621/igi-certified-2-1-f-vvs2-round-lab-created-diamond-r,https://api.igi.org/viewpdf.php?r=LG771611661,NONE,Excellent,Excellent,56.00%,61.60%,1,8.2 - 8.23 x 5.06 mm,LV-ROUNDFVVS2-771611661
2439763,2.01,D,VVS1,Ideal,434,https://www.luvansh.com/product/2439763/igi-certified-2-01-d-vvs1-round-lab-created-diamond-r,https://api.igi.org/viewpdf.php?r=LG735544297,NONE,Excellent,Excellent,58.00%,61.60%,1,8.07 - 8.11 x 4.99 mm,LV-ROUNDDVVS1-735544297
2439877,2.01,D,VVS1,Ideal,434,https://www.luvansh.com/product/2439877/igi-certified-2-01-d-vvs1-round-lab-created-diamond-r,https://api.igi.org/viewpdf.php?r=LG754517248,NONE,Excellent,Excellent,57.00%,61.30%,1,8.08 - 8.12 x 4.97 mm,LV-ROUNDDVVS1-754517248
2439882,2.01,D,VVS1,Ideal,434,https://www.luvansh.com/product/2439882/igi-certified-2-01-d-vvs1-round-lab-created-diamond-r,https://api.igi.org/viewpdf.php?r=LG743580536,NONE,Excellent,Excellent,56.00%,62.20%,1,8.03 - 8.06 x 5 mm,LV-ROUNDDVVS1-743580536
2439899,2,D,VVS1,Ideal,434,https://www.luvansh.com/product/2439899/igi-certified-2-0-d-vvs1-round-lab-created-diamond-r,https://api.igi.org/viewpdf.php?r=LG749574155,NONE,Excellent,Excellent,57.00%,61.90%,1,8.05 - 8.08 x 4.99 mm,LV-ROUNDDVVS1-749574155
2453008,2.02,D,VVS2,Ideal,434,https://www.luvansh.com/product/2453008/igi-certified-2-02-d-vvs2-round-lab-created-diamond-r,https://api.igi.org/viewpdf.php?r=LG769622841,NONE,Excellent,Excellent,57.00%,61.50%,1,8.07 - 8.1 x 4.98 mm,LV-ROUNDDVVS2-769622841
2178984,2.08,F,VVS2,Ideal,434,https://www.luvansh.com/product/2178984/igi-certified-2-08-f-vvs2-round-lab-created-diamond-r,https://api.igi.org/viewpdf.php?r=LG751516763,NONE,Excellent,Excellent,58.00%,61.80%,1,8.17 - 8.13 x 5.04 mm,LV-ROUNDFVVS2-751516763
1961615,2.01,D,VVS2,Ideal,434,https://www.luvansh.com/product/1961615/igi-certified-2-01-d-vvs2-round-lab-created-diamond-r,https://api.igi.org/viewpdf.php?r=LG739583358,NONE,Excellent,Excellent,58.00%,62.30%,1,8.06 - 8.02 x 5.01 mm,LV-ROUNDDVVS2-739583358
1961617,2.01,D,VVS2,Ideal,434,https://www.luvansh.com/product/1961617/igi-certified-2-01-d-vvs2-round-lab-created-diamond-r,https://api.igi.org/viewpdf.php?r=LG739556936,NONE,Excellent,Excellent,58.00%,62.10%,1.01,8.06 - 8.01 x 4.99 mm,LV-ROUNDDVVS2-739556936
2067547,1.88,E,VVS2,Ideal,434,https://www.luvansh.com/product/2067547/igi-certified-1-88-e-vvs2-round-lab-created-diamond-r,https://api.igi.org/viewpdf.php?r=LG758570254,NONE,Excellent,Excellent,58.00%,61.10%,1,7.96 - 7.93 x 4.86 mm,LV-ROUNDEVVS2-758570254
2398758,2.05,E,VVS2,Ideal,434,https://www.luvansh.com/product/2398758/igi-certified-2-05-e-vvs2-round-lab-created-diamond-r,https://api.igi.org/viewpdf.php?r=LG761530200,NONE,Excellent,Excellent,58.00%,61.40%,1,8.11 - 8.15 x 5 mm,LV-ROUNDEVVS2-761530200
2418364,2.05,D,VVS2,Ideal,434,https://www.luvansh.com/product/2418364/igi-certified-2-05-d-vvs2-round-lab-created-diamond-r,https://api.igi.org/viewpdf.php?r=LG765615513,NONE,Excellent,Excellent,57.00%,61.70%,1,8.1 - 8.14 x 5.01 mm,LV-ROUNDDVVS2-765615513
2413554,2.04,D,VVS2,Ideal,434,https://www.luvansh.com/product/2413554/igi-certified-2-04-d-vvs2-round-lab-created-diamond-r,https://api.igi.org/viewpdf.php?r=LG759512644,NONE,Excellent,Excellent,57.00%,61.40%,1,8.09 - 8.12 x 4.97 mm,LV-ROUNDDVVS2-759512644
2329133,2.02,F,VVS2,Ideal,434,https://www.luvansh.com/product/2329133/igi-certified-2-02-f-vvs2-round-lab-created-diamond-r,https://api.igi.org/viewpdf.php?r=LG754521857,NONE,Excellent,Excellent,55.00%,61.70%,1,8.120 - 8.140 x 61.7 mm,LV-ROUNDFVVS2-754521857
2298573,1.95,E,VVS2,Ideal,434,https://www.luvansh.com/product/2298573/igi-certified-1-95-e-vvs2-round-lab-created-diamond-r,https://api.igi.org/viewpdf.php?r=LG762575999,NONE,Excellent,Excellent,55.00%,61.20%,1,8.06 - 8.09 x 4.95 mm,LV-ROUNDEVVS2-762575999
2434563,1.86,E,VVS2,Ideal,434,https://www.luvansh.com/product/2434563/igi-certified-1-86-e-vvs2-round-lab-created-diamond-r,https://api.igi.org/viewpdf.php?r=LG772609601,NONE,Excellent,Excellent,56.00%,61.70%,1,7.88 - 7.91 x 4.87 mm,LV-ROUNDEVVS2-772609601
2430331,2.09,F,VVS2,Ideal,434,https://www.luvansh.com/product/2430331/igi-certified-2-09-f-vvs2-round-lab-created-diamond-r,https://api.igi.org/viewpdf.php?r=LG760599397,NONE,Excellent,Excellent,58.00%,61.90%,1,8.16 - 8.19 x 5.06 mm,LV-ROUNDFVVS2-760599397
2430431,2.04,E,VVS2,Ideal,434,https://www.luvansh.com/product/2430431/igi-certified-2-04-e-vvs2-round-lab-created-diamond-r,https://api.igi.org/viewpdf.php?r=LG766650087,NONE,Excellent,Excellent,57.00%,61.30%,1,8.11 - 8.14 x 4.98 mm,LV-ROUNDEVVS2-766650087
2430235,2.09,F,VVS2,Ideal,434,https://www.luvansh.com/product/2430235/igi-certified-2-09-f-vvs2-round-lab-created-diamond-r,https://api.igi.org/viewpdf.php?r=LG763666128,NONE,Excellent,Excellent,57.00%,61.50%,1,8.23 - 8.24 x 5.07 mm,LV-ROUNDFVVS2-763666128
2430237,2.09,F,VVS2,Ideal,434,https://www.luvansh.com/product/2430237/igi-certified-2-09-f-vvs2-round-lab-created-diamond-r,https://api.igi.org/viewpdf.php?r=LG760549652,NONE,Excellent,Excellent,58.00%,61.60%,1,8.17 - 8.21 x 5.04 mm,LV-ROUNDFVVS2-760549652
2430621,2.1,F,VVS2,Ideal,434,https://www.luvansh.com/product/2430621/igi-certified-2-1-f-vvs2-round-lab-created-diamond-r,https://api.igi.org/viewpdf.php?r=LG771611661,NONE,Excellent,Excellent,56.00%,61.60%,1,8.2 - 8.23 x 5.06 mm,LV-ROUNDFVVS2-771611661
2439763,2.01,D,VVS1,Ideal,434,https://www.luvansh.com/product/2439763/igi-certified-2-01-d-vvs1-round-lab-created-diamond-r,https://api.igi.org/viewpdf.php?r=LG735544297,NONE,Excellent,Excellent,58.00%,61.60%,1,8.07 - 8.11 x 4.99 mm,LV-ROUNDDVVS1-735544297
2439877,2.01,D,VVS1,Ideal,434,https://www.luvansh.com/product/2439877/igi-certified-2-01-d-vvs1-round-lab-created-diamond-r,https://api.igi.org/viewpdf.php?r=LG754517248,NONE,Excellent,Excellent,57.00%,61.30%,1,8.08 - 8.12 x 4.97 mm,LV-ROUNDDVVS1-754517248
2439882,2.01,D,VVS1,Ideal,434,https://www.luvansh.com/product/2439882/igi-certified-2-01-d-vvs1-round-lab-created-diamond-r,https://api.igi.org/viewpdf.php?r=LG743580536,NONE,Excellent,Excellent,56.00%,62.20%,1,8.03 - 8.06 x 5 mm,LV-ROUNDDVVS1-743580536
2439899,2,D,VVS1,Ideal,434,https://www.luvansh.com/product/2439899/igi-certified-2-0-d-vvs1-round-lab-created-diamond-r,https://api.igi.org/viewpdf.php?r=LG749574155,NONE,Excellent,Excellent,57.00%,61.90%,1,8.05 - 8.08 x 4.99 mm,LV-ROUNDDVVS1-749574155
2453008,2.02,D,VVS2,Ideal,434,https://www.luvansh.com/product/2453008/igi-certified-2-02-d-vvs2-round-lab-created-diamond-r,https://api.igi.org/viewpdf.php?r=LG769622841,NONE,Excellent,Excellent,57.00%,61.50%,1,8.07 - 8.1 x 4.98 mm,LV-ROUNDDVVS2-769622841
2178984,2.08,F,VVS2,Ideal,434,https://www.luvansh.com/product/2178984/igi-certified-2-08-f-vvs2-round-lab-created-diamond-r,https://api.igi.org/viewpdf.php?r=LG751516763,NONE,Excellent,Excellent,58.00%,61.80%,1,8.17 - 8.13 x 5.04 mm,LV-ROUNDFVVS2-751516763
1961615,2.01,D,VVS2,Ideal,434,https://www.luvansh.com/product/1961615/igi-certified-2-01-d-vvs2-round-lab-created-diamond-r,https://api.igi.org/viewpdf.php?r=LG739583358,NONE,Excellent,Excellent,58.00%,62.30%,1,8.06 - 8.02 x 5.01 mm,LV-ROUNDDVVS2-739583358
1961617,2.01,D,VVS2,Ideal,434,https://www.luvansh.com/product/1961617/igi-certified-2-01-d-vvs2-round-lab-created-diamond-r,https://api.igi.org/viewpdf.php?r=LG739556936,NONE,Excellent,Excellent,58.00%,62.10%,1.01,8.06 - 8.01 x 4.99 mm,LV-ROUNDDVVS2-739556936
2067547,1.88,E,VVS2,Ideal,434,https://www.luvansh.com/product/2067547/igi-certified-1-88-e-vvs2-round-lab-created-diamond-r,https://api.igi.org/viewpdf.php?r=LG758570254,NONE,Excellent,Excellent,58.00%,61.10%,1,7.96 - 7.93 x 4.86 mm,LV-ROUNDEVVS2-758570254
2067549,1.91,F,VVS2,Ideal,430,https://www.luvansh.com/product/2067549/igi-certified-1-91-f-vvs2-round-lab-created-diamond-r,https://api.igi.org/viewpdf.php?r=LG758570246,NONE,Excellent,Excellent,56.00%,62.30%,1.01,7.97 - 7.92 x 4.95 mm,LV-ROUNDFVVS2-758570246
2442562,2.03,E,VVS2,Ideal,430,https://www.luvansh.com/product/2442562/igi-certified-2-03-e-vvs2-round-lab-created-diamond-r,https://api.igi.org/viewpdf.php?r=LG763628306,NONE,Excellent,Excellent,58.00%,61.30%,1,8.1 - 8.14 x 4.98 mm,LV-ROUNDEVVS2-LG763628306
2450809,2.25,E,VVS2,Ideal,430,https://www.luvansh.com/product/2450809/igi-certified-2-25-e-vvs2-round-lab-created-diamond-r,https://api.igi.org/viewpdf.php?r=LG758512577,NONE,Excellent,Excellent,56.00%,62.20%,1,8.35 - 8.38 x 5.21 mm,LV-ROUNDEVVS2-758512577
2430418,2,E,VVS2,Ideal,430,https://www.luvansh.com/product/2430418/igi-certified-2-0-e-vvs2-round-lab-created-diamond-r,https://api.igi.org/viewpdf.php?r=LG766650049,NONE,Excellent,Excellent,57.00%,62.10%,1,8.03 - 8.06 x 5 mm,LV-ROUNDEVVS2-766650049
2428706,1.83,E,VVS2,Ideal,430,https://www.luvansh.com/product/2428706/igi-certified-1-83-e-vvs2-round-lab-created-diamond-r,https://api.igi.org/viewpdf.php?r=LG756517101,NONE,Excellent,Excellent,57.00%,62.00%,1,7.8 - 7.83 x 4.84 mm,LV-ROUNDEVVS2-756517101
2301011,1.82,F,VVS2,Ideal,430,https://www.luvansh.com/product/2301011/igi-certified-1-82-f-vvs2-round-lab-created-diamond-r,https://api.igi.org/viewpdf.php?r=LG749571017,NONE,Excellent,Excellent,58.00%,61.80%,1,7.800 - 7.830 x 61.8 mm,LV-ROUNDFVVS2-749571017
2384224,2.05,F,VVS2,Ideal,430,https://www.luvansh.com/product/2384224/igi-certified-2-05-f-vvs2-round-lab-created-diamond-r,https://api.igi.org/viewpdf.php?r=LG750515233,NONE,Excellent,Excellent,57.00%,61.10%,1,8.18 - 8.21 x 5.01 mm,LV-ROUNDFVVS2-750515233
2402368,1.83,E,VVS2,Ideal,430,https://www.luvansh.com/product/2402368/igi-certified-1-83-e-vvs2-round-lab-created-diamond-r,https://api.igi.org/viewpdf.php?r=LG763649058,NONE,Excellent,Excellent,58.00%,61.20%,1,7.83 - 7.86 x 4.80 mm,LV-ROUNDEVVS2-763649058
2067549,1.91,F,VVS2,Ideal,430,https://www.luvansh.com/product/2067549/igi-certified-1-91-f-vvs2-round-lab-created-diamond-r,https://api.igi.org/viewpdf.php?r=LG758570246,NONE,Excellent,Excellent,56.00%,62.30%,1.01,7.97 - 7.92 x 4.95 mm,LV-ROUNDFVVS2-758570246
2442562,2.03,E,VVS2,Ideal,430,https://www.luvansh.com/product/2442562/igi-certified-2-03-e-vvs2-round-lab-created-diamond-r,https://api.igi.org/viewpdf.php?r=LG763628306,NONE,Excellent,Excellent,58.00%,61.30%,1,8.1 - 8.14 x 4.98 mm,LV-ROUNDEVVS2-LG763628306
2450809,2.25,E,VVS2,Ideal,430,https://www.luvansh.com/product/2450809/igi-certified-2-25-e-vvs2-round-lab-created-diamond-r,https://api.igi.org/viewpdf.php?r=LG758512577,NONE,Excellent,Excellent,56.00%,62.20%,1,8.35 - 8.38 x 5.21 mm,LV-ROUNDEVVS2-758512577
2430418,2,E,VVS2,Ideal,430,https://www.luvansh.com/product/2430418/igi-certified-2-0-e-vvs2-round-lab-created-diamond-r,https://api.igi.org/viewpdf.php?r=LG766650049,NONE,Excellent,Excellent,57.00%,62.10%,1,8.03 - 8.06 x 5 mm,LV-ROUNDEVVS2-766650049
2428706,1.83,E,VVS2,Ideal,430,https://www.luvansh.com/product/2428706/igi-certified-1-83-e-vvs2-round-lab-created-diamond-r,https://api.igi.org/viewpdf.php?r=LG756517101,NONE,Excellent,Excellent,57.00%,62.00%,1,7.8 - 7.83 x 4.84 mm,LV-ROUNDEVVS2-756517101
2301011,1.82,F,VVS2,Ideal,430,https://www.luvansh.com/product/2301011/igi-certified-1-82-f-vvs2-round-lab-created-diamond-r,https://api.igi.org/viewpdf.php?r=LG749571017,NONE,Excellent,Excellent,58.00%,61.80%,1,7.800 - 7.830 x 61.8 mm,LV-ROUNDFVVS2-749571017
2384224,2.05,F,VVS2,Ideal,430,https://www.luvansh.com/product/2384224/igi-certified-2-05-f-vvs2-round-lab-created-diamond-r,https://api.igi.org/viewpdf.php?r=LG750515233,NONE,Excellent,Excellent,57.00%,61.10%,1,8.18 - 8.21 x 5.01 mm,LV-ROUNDFVVS2-750515233
2402368,1.83,E,VVS2,Ideal,430,https://www.luvansh.com/product/2402368/igi-certified-1-83-e-vvs2-round-lab-created-diamond-r,https://api.igi.org/viewpdf.php?r=LG763649058,NONE,Excellent,Excellent,58.00%,61.20%,1,7.83 - 7.86 x 4.80 mm,LV-ROUNDEVVS2-763649058
2452217,2.06,F,VVS2,Ideal,424,https://www.luvansh.com/product/2452217/igi-certified-2-06-f-vvs2-round-lab-created-diamond-r,https://api.igi.org/viewpdf.php?r=LG768643288,NONE,Excellent,Excellent,58.00%,61.60%,1,8.16 - 8.19 x 5.04 mm,LV-ROUNDFVVS2-768643288
2055650,1.84,E,VVS2,Ideal,424,https://www.luvansh.com/product/2055650/igi-certified-1-84-e-vvs2-round-lab-created-diamond-r,https://api.igi.org/viewpdf.php?r=LG757508576,NONE,Excellent,Excellent,57.00%,61.20%,1.01,7.94 - 7.87 x 4.84 mm,LV-ROUNDEVVS2-757508576
2113595,1.95,E,VVS2,Ideal,424,https://www.luvansh.com/product/2113595/igi-certified-1-95-e-vvs2-round-lab-created-diamond-r,https://api.igi.org/viewpdf.php?r=LG728535766,NONE,Excellent,Excellent,58.00%,61.30%,1,8.05 - 8.02 x 4.93 mm,LV-ROUNDEVVS2-728535766
2452217,2.06,F,VVS2,Ideal,424,https://www.luvansh.com/product/2452217/igi-certified-2-06-f-vvs2-round-lab-created-diamond-r,https://api.igi.org/viewpdf.php?r=LG768643288,NONE,Excellent,Excellent,58.00%,61.60%,1,8.16 - 8.19 x 5.04 mm,LV-ROUNDFVVS2-768643288
2055650,1.84,E,VVS2,Ideal,424,https://www.luvansh.com/product/2055650/igi-certified-1-84-e-vvs2-round-lab-created-diamond-r,https://api.igi.org/viewpdf.php?r=LG757508576,NONE,Excellent,Excellent,57.00%,61.20%,1.01,7.94 - 7.87 x 4.84 mm,LV-ROUNDEVVS2-757508576
2113595,1.95,E,VVS2,Ideal,424,https://www.luvansh.com/product/2113595/igi-certified-1-95-e-vvs2-round-lab-created-diamond-r,https://api.igi.org/viewpdf.php?r=LG728535766,NONE,Excellent,Excellent,58.00%,61.30%,1,8.05 - 8.02 x 4.93 mm,LV-ROUNDEVVS2-728535766
2432667,2.09,E,VVS2,Ideal,420,https://www.luvansh.com/product/2432667/igi-certified-2-09-e-vvs2-round-lab-created-diamond-r,https://api.igi.org/viewpdf.php?r=LG756525638,NONE,Excellent,Excellent,56.00%,61.80%,1,8.14 - 8.17 x 5.04 mm,LV-ROUNDEVVS2-756525638
2426141,2.09,E,VVS2,Ideal,420,https://www.luvansh.com/product/2426141/igi-certified-2-09-e-vvs2-round-lab-created-diamond-r,https://api.igi.org/viewpdf.php?r=LG769663368,NONE,Excellent,Excellent,58.00%,61.20%,1,8.21 - 8.24 x 5.04 mm,LV-ROUNDEVVS2-769663368
2302251,2.1,E,VVS2,Ideal,420,https://www.luvansh.com/product/2302251/igi-certified-2-1-e-vvs2-round-lab-created-diamond-r,https://api.igi.org/viewpdf.php?r=LG750569899,NONE,Excellent,Excellent,57.00%,61.30%,1,8.24 - 8.21 x 5.04 mm,LV-ROUNDEVVS2-750569899
2302259,2.1,E,VVS2,Ideal,420,https://www.luvansh.com/product/2302259/igi-certified-2-1-e-vvs2-round-lab-created-diamond-r,https://api.igi.org/viewpdf.php?r=LG750570984,NONE,Excellent,Excellent,57.00%,62.00%,1,8.22 - 8.19 x 5.09 mm,LV-ROUNDEVVS2-750570984
2302022,2.1,E,VVS2,Ideal,420,https://www.luvansh.com/product/2302022/igi-certified-2-1-e-vvs2-round-lab-created-diamond-r,https://api.igi.org/viewpdf.php?r=LG747530709,NONE,Excellent,Excellent,58.00%,61.70%,1.01,8.22 - 8.17 x 5.06 mm,LV-ROUNDEVVS2-747530709
2302051,2.1,E,VVS2,Ideal,420,https://www.luvansh.com/product/2302051/igi-certified-2-1-e-vvs2-round-lab-created-diamond-r,https://api.igi.org/viewpdf.php?r=LG750562159,NONE,Excellent,Excellent,58.00%,61.00%,1,8.24 - 8.2 x 5.02 mm,LV-ROUNDEVVS2-750562159
2302056,2.1,E,VVS2,Ideal,420,https://www.luvansh.com/product/2302056/igi-certified-2-1-e-vvs2-round-lab-created-diamond-r,https://api.igi.org/viewpdf.php?r=LG750562140,NONE,Excellent,Excellent,58.00%,61.30%,1,8.24 - 8.21 x 5.05 mm,LV-ROUNDEVVS2-750562140
2302058,2.1,E,VVS2,Ideal,420,https://www.luvansh.com/product/2302058/igi-certified-2-1-e-vvs2-round-lab-created-diamond-r,https://api.igi.org/viewpdf.php?r=LG750562148,NONE,Excellent,Excellent,57.00%,61.90%,1,8.21 - 8.17 x 5.08 mm,LV-ROUNDEVVS2-750562148
2301948,2.1,E,VVS2,Ideal,420,https://www.luvansh.com/product/2301948/igi-certified-2-1-e-vvs2-round-lab-created-diamond-r,https://api.igi.org/viewpdf.php?r=LG747526385,NONE,Excellent,Excellent,56.00%,61.70%,1,8.24 - 8.2 x 5.07 mm,LV-ROUNDEVVS2-747526385
2301949,2.1,E,VVS2,Ideal,420,https://www.luvansh.com/product/2301949/igi-certified-2-1-e-vvs2-round-lab-created-diamond-r,https://api.igi.org/viewpdf.php?r=LG747524037,NONE,Excellent,Excellent,58.00%,61.20%,1,8.26 - 8.22 x 5.04 mm,LV-ROUNDEVVS2-747524037
2301951,2.1,E,VVS2,Ideal,420,https://www.luvansh.com/product/2301951/igi-certified-2-1-e-vvs2-round-lab-created-diamond-r,https://api.igi.org/viewpdf.php?r=LG747524034,NONE,Excellent,Excellent,57.00%,61.90%,1,8.21 - 8.19 x 5.08 mm,LV-ROUNDEVVS2-747524034
2301954,2.1,E,VVS2,Ideal,420,https://www.luvansh.com/product/2301954/igi-certified-2-1-e-vvs2-round-lab-created-diamond-r,https://api.igi.org/viewpdf.php?r=LG747526386,NONE,Excellent,Excellent,58.00%,61.80%,1,8.22 - 8.18 x 5.07 mm,LV-ROUNDEVVS2-747526386
2267622,1.99,F,VVS2,Ideal,420,https://www.luvansh.com/product/2267622/igi-certified-1-99-f-vvs2-round-lab-created-diamond-r,https://api.igi.org/viewpdf.php?r=LG762547044,NONE,Excellent,Excellent,56.00%,61.00%,1.01,8.15 - 8.1 x 4.95 mm,LV-ROUNDFVVS2-762547044
2365475,2.04,E,VVS2,Ideal,420,https://www.luvansh.com/product/2365475/igi-certified-2-04-e-vvs2-round-lab-created-diamond-r,https://api.igi.org/viewpdf.php?r=LG756527189,NONE,Excellent,Excellent,58.00%,61.60%,1.01,8.15 - 8.1 x 5.01 mm,LV-ROUNDEVVS2-756527189
2365536,2.04,E,VVS2,Ideal,420,https://www.luvansh.com/product/2365536/igi-certified-2-04-e-vvs2-round-lab-created-diamond-r,https://api.igi.org/viewpdf.php?r=LG757520590,NONE,Excellent,Excellent,57.00%,61.20%,1,8.16 - 8.13 x 4.98 mm,LV-ROUNDEVVS2-757520590
2365537,2.04,E,VVS2,Ideal,420,https://www.luvansh.com/product/2365537/igi-certified-2-04-e-vvs2-round-lab-created-diamond-r,https://api.igi.org/viewpdf.php?r=LG757520445,NONE,Excellent,Excellent,56.00%,61.10%,1,8.17 - 8.15 x 4.99 mm,LV-ROUNDEVVS2-757520445
2365371,2.04,E,VVS2,Ideal,420,https://www.luvansh.com/product/2365371/igi-certified-2-04-e-vvs2-round-lab-created-diamond-r,https://api.igi.org/viewpdf.php?r=LG756522841,NONE,Excellent,Excellent,57.00%,61.50%,1.01,8.18 - 8.13 x 5.01 mm,LV-ROUNDEVVS2-756522841
2432667,2.09,E,VVS2,Ideal,420,https://www.luvansh.com/product/2432667/igi-certified-2-09-e-vvs2-round-lab-created-diamond-r,https://api.igi.org/viewpdf.php?r=LG756525638,NONE,Excellent,Excellent,56.00%,61.80%,1,8.14 - 8.17 x 5.04 mm,LV-ROUNDEVVS2-756525638
2426141,2.09,E,VVS2,Ideal,420,https://www.luvansh.com/product/2426141/igi-certified-2-09-e-vvs2-round-lab-created-diamond-r,https://api.igi.org/viewpdf.php?r=LG769663368,NONE,Excellent,Excellent,58.00%,61.20%,1,8.21 - 8.24 x 5.04 mm,LV-ROUNDEVVS2-769663368
2302251,2.1,E,VVS2,Ideal,420,https://www.luvansh.com/product/2302251/igi-certified-2-1-e-vvs2-round-lab-created-diamond-r,https://api.igi.org/viewpdf.php?r=LG750569899,NONE,Excellent,Excellent,57.00%,61.30%,1,8.24 - 8.21 x 5.04 mm,LV-ROUNDEVVS2-750569899
2302259,2.1,E,VVS2,Ideal,420,https://www.luvansh.com/product/2302259/igi-certified-2-1-e-vvs2-round-lab-created-diamond-r,https://api.igi.org/viewpdf.php?r=LG750570984,NONE,Excellent,Excellent,57.00%,62.00%,1,8.22 - 8.19 x 5.09 mm,LV-ROUNDEVVS2-750570984
2302022,2.1,E,VVS2,Ideal,420,https://www.luvansh.com/product/2302022/igi-certified-2-1-e-vvs2-round-lab-created-diamond-r,https://api.igi.org/viewpdf.php?r=LG747530709,NONE,Excellent,Excellent,58.00%,61.70%,1.01,8.22 - 8.17 x 5.06 mm,LV-ROUNDEVVS2-747530709
2302051,2.1,E,VVS2,Ideal,420,https://www.luvansh.com/product/2302051/igi-certified-2-1-e-vvs2-round-lab-created-diamond-r,https://api.igi.org/viewpdf.php?r=LG750562159,NONE,Excellent,Excellent,58.00%,61.00%,1,8.24 - 8.2 x 5.02 mm,LV-ROUNDEVVS2-750562159
2302056,2.1,E,VVS2,Ideal,420,https://www.luvansh.com/product/2302056/igi-certified-2-1-e-vvs2-round-lab-created-diamond-r,https://api.igi.org/viewpdf.php?r=LG750562140,NONE,Excellent,Excellent,58.00%,61.30%,1,8.24 - 8.21 x 5.05 mm,LV-ROUNDEVVS2-750562140
2302058,2.1,E,VVS2,Ideal,420,https://www.luvansh.com/product/2302058/igi-certified-2-1-e-vvs2-round-lab-created-diamond-r,https://api.igi.org/viewpdf.php?r=LG750562148,NONE,Excellent,Excellent,57.00%,61.90%,1,8.21 - 8.17 x 5.08 mm,LV-ROUNDEVVS2-750562148
2301948,2.1,E,VVS2,Ideal,420,https://www.luvansh.com/product/2301948/igi-certified-2-1-e-vvs2-round-lab-created-diamond-r,https://api.igi.org/viewpdf.php?r=LG747526385,NONE,Excellent,Excellent,56.00%,61.70%,1,8.24 - 8.2 x 5.07 mm,LV-ROUNDEVVS2-747526385
2301949,2.1,E,VVS2,Ideal,420,https://www.luvansh.com/product/2301949/igi-certified-2-1-e-vvs2-round-lab-created-diamond-r,https://api.igi.org/viewpdf.php?r=LG747524037,NONE,Excellent,Excellent,58.00%,61.20%,1,8.26 - 8.22 x 5.04 mm,LV-ROUNDEVVS2-747524037
2301951,2.1,E,VVS2,Ideal,420,https://www.luvansh.com/product/2301951/igi-certified-2-1-e-vvs2-round-lab-created-diamond-r,https://api.igi.org/viewpdf.php?r=LG747524034,NONE,Excellent,Excellent,57.00%,61.90%,1,8.21 - 8.19 x 5.08 mm,LV-ROUNDEVVS2-747524034
2301954,2.1,E,VVS2,Ideal,420,https://www.luvansh.com/product/2301954/igi-certified-2-1-e-vvs2-round-lab-created-diamond-r,https://api.igi.org/viewpdf.php?r=LG747526386,NONE,Excellent,Excellent,58.00%,61.80%,1,8.22 - 8.18 x 5.07 mm,LV-ROUNDEVVS2-747526386
2267622,1.99,F,VVS2,Ideal,420,https://www.luvansh.com/product/2267622/igi-certified-1-99-f-vvs2-round-lab-created-diamond-r,https://api.igi.org/viewpdf.php?r=LG762547044,NONE,Excellent,Excellent,56.00%,61.00%,1.01,8.15 - 8.1 x 4.95 mm,LV-ROUNDFVVS2-762547044
2365475,2.04,E,VVS2,Ideal,420,https://www.luvansh.com/product/2365475/igi-certified-2-04-e-vvs2-round-lab-created-diamond-r,https://api.igi.org/viewpdf.php?r=LG756527189,NONE,Excellent,Excellent,58.00%,61.60%,1.01,8.15 - 8.1 x 5.01 mm,LV-ROUNDEVVS2-756527189
2365536,2.04,E,VVS2,Ideal,420,https://www.luvansh.com/product/2365536/igi-certified-2-04-e-vvs2-round-lab-created-diamond-r,https://api.igi.org/viewpdf.php?r=LG757520590,NONE,Excellent,Excellent,57.00%,61.20%,1,8.16 - 8.13 x 4.98 mm,LV-ROUNDEVVS2-757520590
2365537,2.04,E,VVS2,Ideal,420,https://www.luvansh.com/product/2365537/igi-certified-2-04-e-vvs2-round-lab-created-diamond-r,https://api.igi.org/viewpdf.php?r=LG757520445,NONE,Excellent,Excellent,56.00%,61.10%,1,8.17 - 8.15 x 4.99 mm,LV-ROUNDEVVS2-757520445
2365371,2.04,E,VVS2,Ideal,420,https://www.luvansh.com/product/2365371/igi-certified-2-04-e-vvs2-round-lab-created-diamond-r,https://api.igi.org/viewpdf.php?r=LG756522841,NONE,Excellent,Excellent,57.00%,61.50%,1.01,8.18 - 8.13 x 5.01 mm,LV-ROUNDEVVS2-756522841
2366035,2.01,E,VVS2,Ideal,414,https://www.luvansh.com/product/2366035/igi-certified-2-01-e-vvs2-round-lab-created-diamond-r,https://api.igi.org/viewpdf.php?r=LG760506913,NONE,Excellent,Excellent,58.00%,61.60%,1,8.09 - 8.06 x 4.97 mm,LV-ROUNDEVVS2-760506913
2365476,2.1,E,VVS2,Ideal,414,https://www.luvansh.com/product/2365476/igi-certified-2-1-e-vvs2-round-lab-created-diamond-r,https://api.igi.org/viewpdf.php?r=LG756527190,NONE,Excellent,Excellent,57.00%,61.80%,1,8.21 - 8.17 x 5.06 mm,LV-ROUNDEVVS2-756527190
2365660,2.1,E,VVS2,Ideal,414,https://www.luvansh.com/product/2365660/igi-certified-2-1-e-vvs2-round-lab-created-diamond-r,https://api.igi.org/viewpdf.php?r=LG757520059,NONE,Excellent,Excellent,56.00%,62.10%,1,8.22 - 8.2 x 5.09 mm,LV-ROUNDEVVS2-757520059
2327699,2.1,E,VVS2,Ideal,414,https://www.luvansh.com/product/2327699/igi-certified-2-1-e-vvs2-round-lab-created-diamond-r,https://api.igi.org/viewpdf.php?r=LG741531573,NONE,Excellent,Excellent,58.00%,62.20%,1.01,8.21 - 8.16 x 5.09 mm,LV-ROUNDEVVS2-741531573
2327700,2.1,E,VVS2,Ideal,414,https://www.luvansh.com/product/2327700/igi-certified-2-1-e-vvs2-round-lab-created-diamond-r,https://api.igi.org/viewpdf.php?r=LG741514759,NONE,Excellent,Excellent,58.00%,62.20%,1.01,8.22 - 8.14 x 5.08 mm,LV-ROUNDEVVS2-741514759
2430420,2,F,VVS2,Ideal,414,https://www.luvansh.com/product/2430420/igi-certified-2-0-f-vvs2-round-lab-created-diamond-r,https://api.igi.org/viewpdf.php?r=LG766650076,NONE,Excellent,Excellent,56.00%,61.60%,1,8.08 - 8.11 x 4.98 mm,LV-ROUNDFVVS2-766650076
2452209,2.01,F,VVS2,Ideal,414,https://www.luvansh.com/product/2452209/igi-certified-2-01-f-vvs2-round-lab-created-diamond-r,https://api.igi.org/viewpdf.php?r=LG768643263,NONE,Excellent,Excellent,56.00%,62.20%,1,8.02 - 8.05 x 5 mm,LV-ROUNDFVVS2-768643263
2158947,2.04,F,VVS2,Ideal,414,https://www.luvansh.com/product/2158947/igi-certified-2-04-f-vvs2-round-lab-created-diamond-r,https://api.igi.org/viewpdf.php?r=LG750566922,NONE,Excellent,Excellent,55.00%,62.30%,1.01,8.12 - 8.07 x 5.04 mm,LV-ROUNDFVVS2-750566922
2366035,2.01,E,VVS2,Ideal,414,https://www.luvansh.com/product/2366035/igi-certified-2-01-e-vvs2-round-lab-created-diamond-r,https://api.igi.org/viewpdf.php?r=LG760506913,NONE,Excellent,Excellent,58.00%,61.60%,1,8.09 - 8.06 x 4.97 mm,LV-ROUNDEVVS2-760506913
2365476,2.1,E,VVS2,Ideal,414,https://www.luvansh.com/product/2365476/igi-certified-2-1-e-vvs2-round-lab-created-diamond-r,https://api.igi.org/viewpdf.php?r=LG756527190,NONE,Excellent,Excellent,57.00%,61.80%,1,8.21 - 8.17 x 5.06 mm,LV-ROUNDEVVS2-756527190
2365660,2.1,E,VVS2,Ideal,414,https://www.luvansh.com/product/2365660/igi-certified-2-1-e-vvs2-round-lab-created-diamond-r,https://api.igi.org/viewpdf.php?r=LG757520059,NONE,Excellent,Excellent,56.00%,62.10%,1,8.22 - 8.2 x 5.09 mm,LV-ROUNDEVVS2-757520059
2327699,2.1,E,VVS2,Ideal,414,https://www.luvansh.com/product/2327699/igi-certified-2-1-e-vvs2-round-lab-created-diamond-r,https://api.igi.org/viewpdf.php?r=LG741531573,NONE,Excellent,Excellent,58.00%,62.20%,1.01,8.21 - 8.16 x 5.09 mm,LV-ROUNDEVVS2-741531573
2327700,2.1,E,VVS2,Ideal,414,https://www.luvansh.com/product/2327700/igi-certified-2-1-e-vvs2-round-lab-created-diamond-r,https://api.igi.org/viewpdf.php?r=LG741514759,NONE,Excellent,Excellent,58.00%,62.20%,1.01,8.22 - 8.14 x 5.08 mm,LV-ROUNDEVVS2-741514759
2430420,2,F,VVS2,Ideal,414,https://www.luvansh.com/product/2430420/igi-certified-2-0-f-vvs2-round-lab-created-diamond-r,https://api.igi.org/viewpdf.php?r=LG766650076,NONE,Excellent,Excellent,56.00%,61.60%,1,8.08 - 8.11 x 4.98 mm,LV-ROUNDFVVS2-766650076
2452209,2.01,F,VVS2,Ideal,414,https://www.luvansh.com/product/2452209/igi-certified-2-01-f-vvs2-round-lab-created-diamond-r,https://api.igi.org/viewpdf.php?r=LG768643263,NONE,Excellent,Excellent,56.00%,62.20%,1,8.02 - 8.05 x 5 mm,LV-ROUNDFVVS2-768643263
2158947,2.04,F,VVS2,Ideal,414,https://www.luvansh.com/product/2158947/igi-certified-2-04-f-vvs2-round-lab-created-diamond-r,https://api.igi.org/viewpdf.php?r=LG750566922,NONE,Excellent,Excellent,55.00%,62.30%,1.01,8.12 - 8.07 x 5.04 mm,LV-ROUNDFVVS2-750566922
2065170,1.91,F,VVS2,Ideal,410,https://www.luvansh.com/product/2065170/igi-certified-1-91-f-vvs2-round-lab-created-diamond-r,https://api.igi.org/viewpdf.php?r=LG758562478,NONE,Excellent,Excellent,57.00%,61.90%,1.01,7.94 - 7.9 x 4.91 mm,LV-ROUNDFVVS2-758562478
1876939,1.97,E,VVS2,Ideal,410,https://www.luvansh.com/product/1876939/igi-certified-1-97-e-vvs2-round-lab-created-diamond-r,https://api.igi.org/viewpdf.php?r=LG715556115,NONE,Excellent,Excellent,58.00%,61.70%,1.01,8.06 - 8.01 x 4.96 mm,LV-ROUNDEVVS2-715556115
1877661,1.97,E,VVS2,Ideal,410,https://www.luvansh.com/product/1877661/igi-certified-1-97-e-vvs2-round-lab-created-diamond-r,https://api.igi.org/viewpdf.php?r=LG720510941,NONE,Excellent,Excellent,56.00%,61.40%,1,8.06 - 8.02 x 4.94 mm,LV-ROUNDEVVS2-720510941
2302336,2.03,F,VVS2,Ideal,410,https://www.luvansh.com/product/2302336/igi-certified-2-03-f-vvs2-round-lab-created-diamond-r,https://api.igi.org/viewpdf.php?r=LG750569845,NONE,Excellent,Excellent,55.00%,61.80%,1,8.15 - 8.12 x 5.03 mm,LV-ROUNDFVVS2-750569845
2352987,2.1,F,VVS2,Ideal,410,https://www.luvansh.com/product/2352987/igi-certified-2-1-f-vvs2-round-lab-created-diamond-r,https://api.igi.org/viewpdf.php?r=LG750569857,NONE,Excellent,Excellent,56.00%,62.30%,1.01,8.18 - 8.13 x 5.08 mm,LV-ROUNDFVVS2-750569857
2366025,2,E,VVS2,Ideal,410,https://www.luvansh.com/product/2366025/igi-certified-2-0-e-vvs2-round-lab-created-diamond-r,https://api.igi.org/viewpdf.php?r=LG760506899,NONE,Excellent,Excellent,58.00%,61.10%,1,8.12 - 8.08 x 4.95 mm,LV-ROUNDEVVS2-760506899
2065170,1.91,F,VVS2,Ideal,410,https://www.luvansh.com/product/2065170/igi-certified-1-91-f-vvs2-round-lab-created-diamond-r,https://api.igi.org/viewpdf.php?r=LG758562478,NONE,Excellent,Excellent,57.00%,61.90%,1.01,7.94 - 7.9 x 4.91 mm,LV-ROUNDFVVS2-758562478
1876939,1.97,E,VVS2,Ideal,410,https://www.luvansh.com/product/1876939/igi-certified-1-97-e-vvs2-round-lab-created-diamond-r,https://api.igi.org/viewpdf.php?r=LG715556115,NONE,Excellent,Excellent,58.00%,61.70%,1.01,8.06 - 8.01 x 4.96 mm,LV-ROUNDEVVS2-715556115
1877661,1.97,E,VVS2,Ideal,410,https://www.luvansh.com/product/1877661/igi-certified-1-97-e-vvs2-round-lab-created-diamond-r,https://api.igi.org/viewpdf.php?r=LG720510941,NONE,Excellent,Excellent,56.00%,61.40%,1,8.06 - 8.02 x 4.94 mm,LV-ROUNDEVVS2-720510941
2302336,2.03,F,VVS2,Ideal,410,https://www.luvansh.com/product/2302336/igi-certified-2-03-f-vvs2-round-lab-created-diamond-r,https://api.igi.org/viewpdf.php?r=LG750569845,NONE,Excellent,Excellent,55.00%,61.80%,1,8.15 - 8.12 x 5.03 mm,LV-ROUNDFVVS2-750569845
2352987,2.1,F,VVS2,Ideal,410,https://www.luvansh.com/product/2352987/igi-certified-2-1-f-vvs2-round-lab-created-diamond-r,https://api.igi.org/viewpdf.php?r=LG750569857,NONE,Excellent,Excellent,56.00%,62.30%,1.01,8.18 - 8.13 x 5.08 mm,LV-ROUNDFVVS2-750569857
2366025,2,E,VVS2,Ideal,410,https://www.luvansh.com/product/2366025/igi-certified-2-0-e-vvs2-round-lab-created-diamond-r,https://api.igi.org/viewpdf.php?r=LG760506899,NONE,Excellent,Excellent,58.00%,61.10%,1,8.12 - 8.08 x 4.95 mm,LV-ROUNDEVVS2-760506899
2380377,2.04,F,VVS2,Ideal,404,https://www.luvansh.com/product/2380377/igi-certified-2-04-f-vvs2-round-lab-created-diamond-r,https://api.igi.org/viewpdf.php?r=LG764656630,NONE,Excellent,Excellent,58.00%,61.80%,1,8.09 - 8.12 x 5.02 mm,LV-ROUNDFVVS2-LG764656630
2381781,2.09,F,VVS2,Ideal,404,https://www.luvansh.com/product/2381781/igi-certified-2-09-f-vvs2-round-lab-created-diamond-r,https://api.igi.org/viewpdf.php?r=LG760588888,NONE,Excellent,Excellent,56.00%,61.60%,1,8.2 - 8.23 x 5.06 mm,LV-ROUNDFVVS2-760588888
2399586,1.8,E,VVS2,Ideal,404,https://www.luvansh.com/product/2399586/igi-certified-1-8-e-vvs2-round-lab-created-diamond-r,https://api.igi.org/viewpdf.php?r=LG769665180,NONE,Excellent,Excellent,57.00%,62.10%,1,7.75 - 7.78 x 4.82 mm,LV-ROUNDEVVS2-769665180
2437077,2.23,F,VVS2,Ideal,404,https://www.luvansh.com/product/2437077/igi-certified-2-23-f-vvs2-round-lab-created-diamond-r,https://api.igi.org/viewpdf.php?r=LG768689683,NONE,Excellent,Excellent,57.00%,62.10%,1,8.34 - 8.3 x 5.17 mm,LV-ROUNDFVVS2-768689683
2439915,2.09,E,VVS1,Ideal,404,https://www.luvansh.com/product/2439915/igi-certified-2-09-e-vvs1-round-lab-created-diamond-r,https://api.igi.org/viewpdf.php?r=LG739580185,NONE,Excellent,Excellent,58.00%,61.90%,1,8.14 - 8.18 x 5.06 mm,LV-ROUNDEVVS1-739580185
2439916,2.09,E,VVS1,Ideal,404,https://www.luvansh.com/product/2439916/igi-certified-2-09-e-vvs1-round-lab-created-diamond-r,https://api.igi.org/viewpdf.php?r=LG743580576,NONE,Excellent,Excellent,58.00%,61.10%,1,8.19 - 8.23 x 5.02 mm,LV-ROUNDEVVS1-743580576
2199100,2.08,F,VVS2,Ideal,404,https://www.luvansh.com/product/2199100/igi-certified-2-08-f-vvs2-round-lab-created-diamond-r,https://api.igi.org/viewpdf.php?r=LG758574170,NONE,Excellent,Excellent,58.00%,62.10%,1,8.14 - 8.18 x 5.07 mm,LV-ROUNDFVVS2-LG758574170
1876143,1.97,E,VVS2,Ideal,404,https://www.luvansh.com/product/1876143/igi-certified-1-97-e-vvs2-round-lab-created-diamond-r,https://api.igi.org/viewpdf.php?r=LG709533481,NONE,Excellent,Excellent,56.00%,62.20%,1.01,8.02 - 7.97 x 4.98 mm,LV-ROUNDEVVS2-709533481
1979547,2.08,F,VVS2,Ideal,404,https://www.luvansh.com/product/1979547/igi-certified-2-08-f-vvs2-round-lab-created-diamond-r,https://api.igi.org/viewpdf.php?r=LG752584255,NONE,Excellent,Excellent,58.00%,62.30%,1,8.09 - 8.11 x 5.05 mm,LV-ROUNDFVVS2-LG752584255
2380377,2.04,F,VVS2,Ideal,404,https://www.luvansh.com/product/2380377/igi-certified-2-04-f-vvs2-round-lab-created-diamond-r,https://api.igi.org/viewpdf.php?r=LG764656630,NONE,Excellent,Excellent,58.00%,61.80%,1,8.09 - 8.12 x 5.02 mm,LV-ROUNDFVVS2-LG764656630
2381781,2.09,F,VVS2,Ideal,404,https://www.luvansh.com/product/2381781/igi-certified-2-09-f-vvs2-round-lab-created-diamond-r,https://api.igi.org/viewpdf.php?r=LG760588888,NONE,Excellent,Excellent,56.00%,61.60%,1,8.2 - 8.23 x 5.06 mm,LV-ROUNDFVVS2-760588888
2399586,1.8,E,VVS2,Ideal,404,https://www.luvansh.com/product/2399586/igi-certified-1-8-e-vvs2-round-lab-created-diamond-r,https://api.igi.org/viewpdf.php?r=LG769665180,NONE,Excellent,Excellent,57.00%,62.10%,1,7.75 - 7.78 x 4.82 mm,LV-ROUNDEVVS2-769665180
2437077,2.23,F,VVS2,Ideal,404,https://www.luvansh.com/product/2437077/igi-certified-2-23-f-vvs2-round-lab-created-diamond-r,https://api.igi.org/viewpdf.php?r=LG768689683,NONE,Excellent,Excellent,57.00%,62.10%,1,8.34 - 8.3 x 5.17 mm,LV-ROUNDFVVS2-768689683
2439915,2.09,E,VVS1,Ideal,404,https://www.luvansh.com/product/2439915/igi-certified-2-09-e-vvs1-round-lab-created-diamond-r,https://api.igi.org/viewpdf.php?r=LG739580185,NONE,Excellent,Excellent,58.00%,61.90%,1,8.14 - 8.18 x 5.06 mm,LV-ROUNDEVVS1-739580185
2439916,2.09,E,VVS1,Ideal,404,https://www.luvansh.com/product/2439916/igi-certified-2-09-e-vvs1-round-lab-created-diamond-r,https://api.igi.org/viewpdf.php?r=LG743580576,NONE,Excellent,Excellent,58.00%,61.10%,1,8.19 - 8.23 x 5.02 mm,LV-ROUNDEVVS1-743580576
2199100,2.08,F,VVS2,Ideal,404,https://www.luvansh.com/product/2199100/igi-certified-2-08-f-vvs2-round-lab-created-diamond-r,https://api.igi.org/viewpdf.php?r=LG758574170,NONE,Excellent,Excellent,58.00%,62.10%,1,8.14 - 8.18 x 5.07 mm,LV-ROUNDFVVS2-LG758574170
1876143,1.97,E,VVS2,Ideal,404,https://www.luvansh.com/product/1876143/igi-certified-1-97-e-vvs2-round-lab-created-diamond-r,https://api.igi.org/viewpdf.php?r=LG709533481,NONE,Excellent,Excellent,56.00%,62.20%,1.01,8.02 - 7.97 x 4.98 mm,LV-ROUNDEVVS2-709533481
1979547,2.08,F,VVS2,Ideal,404,https://www.luvansh.com/product/1979547/igi-certified-2-08-f-vvs2-round-lab-created-diamond-r,https://api.igi.org/viewpdf.php?r=LG752584255,NONE,Excellent,Excellent,58.00%,62.30%,1,8.09 - 8.11 x 5.05 mm,LV-ROUNDFVVS2-LG752584255
1979124,2.06,F,VVS2,Ideal,400,https://www.luvansh.com/product/1979124/igi-certified-2-06-f-vvs2-round-lab-created-diamond-r,https://api.igi.org/viewpdf.php?r=LG750592391,NONE,Excellent,Excellent,58.00%,62.00%,1,8.07 - 8.1 x 5.01 mm,LV-ROUNDFVVS2-LG750592391
2141308,1.9,F,VVS2,Ideal,400,https://www.luvansh.com/product/2141308/igi-certified-1-9-f-vvs2-round-lab-created-diamond-r,https://api.igi.org/viewpdf.php?r=LG741541625,NONE,Excellent,Excellent,57.00%,61.90%,1.01,7.94 - 7.9 x 4.9 mm,LV-ROUNDFVVS2-741541625
2437073,2.09,F,VVS2,Ideal,400,https://www.luvansh.com/product/2437073/igi-certified-2-09-f-vvs2-round-lab-created-diamond-r,https://api.igi.org/viewpdf.php?r=LG769672159,NONE,Excellent,Excellent,58.00%,62.20%,1,8.17 - 8.14 x 5.07 mm,LV-ROUNDFVVS2-769672159
2436754,2.09,F,VVS2,Ideal,400,https://www.luvansh.com/product/2436754/igi-certified-2-09-f-vvs2-round-lab-created-diamond-r,https://api.igi.org/viewpdf.php?r=LG769657384,NONE,Excellent,Excellent,58.00%,61.80%,1,8.19 - 8.16 x 5.05 mm,LV-ROUNDFVVS2-769657384
2436793,2.09,F,VVS2,Ideal,400,https://www.luvansh.com/product/2436793/igi-certified-2-09-f-vvs2-round-lab-created-diamond-r,https://api.igi.org/viewpdf.php?r=LG769657544,NONE,Excellent,Excellent,58.00%,61.90%,1,8.19 - 8.15 x 5.06 mm,LV-ROUNDFVVS2-769657544
2436662,2.1,F,VVS2,Ideal,400,https://www.luvansh.com/product/2436662/igi-certified-2-1-f-vvs2-round-lab-created-diamond-r,https://api.igi.org/viewpdf.php?r=LG769657506,NONE,Excellent,Excellent,57.00%,62.30%,1,8.18 - 8.14 x 5.08 mm,LV-ROUNDFVVS2-769657506
2437110,2.09,F,VVS2,Ideal,400,https://www.luvansh.com/product/2437110/igi-certified-2-09-f-vvs2-round-lab-created-diamond-r,https://api.igi.org/viewpdf.php?r=LG769672156,NONE,Excellent,Excellent,57.00%,62.10%,1,8.19 - 8.15 x 5.07 mm,LV-ROUNDFVVS2-769672156
2437141,2.09,F,VVS2,Ideal,400,https://www.luvansh.com/product/2437141/igi-certified-2-09-f-vvs2-round-lab-created-diamond-r,https://api.igi.org/viewpdf.php?r=LG769672154,NONE,Excellent,Excellent,58.00%,61.60%,1,8.18 - 8.16 x 5.03 mm,LV-ROUNDFVVS2-769672154
2437147,2.09,F,VVS2,Ideal,400,https://www.luvansh.com/product/2437147/igi-certified-2-09-f-vvs2-round-lab-created-diamond-r,https://api.igi.org/viewpdf.php?r=LG769657578,NONE,Excellent,Excellent,57.00%,61.90%,1,8.2 - 8.17 x 5.06 mm,LV-ROUNDFVVS2-769657578
2437176,2.1,F,VVS2,Ideal,400,https://www.luvansh.com/product/2437176/igi-certified-2-1-f-vvs2-round-lab-created-diamond-r,https://api.igi.org/viewpdf.php?r=LG769657347,NONE,Excellent,Excellent,58.00%,61.50%,1,8.22 - 8.18 x 5.04 mm,LV-ROUNDFVVS2-769657347
2437221,2.1,F,VVS2,Ideal,400,https://www.luvansh.com/product/2437221/igi-certified-2-1-f-vvs2-round-lab-created-diamond-r,https://api.igi.org/viewpdf.php?r=LG769657524,NONE,Excellent,Excellent,58.00%,62.10%,1,8.2 - 8.17 x 5.08 mm,LV-ROUNDFVVS2-769657524
2437233,2.1,F,VVS2,Ideal,400,https://www.luvansh.com/product/2437233/igi-certified-2-1-f-vvs2-round-lab-created-diamond-r,https://api.igi.org/viewpdf.php?r=LG769657349,NONE,Excellent,Excellent,57.00%,61.00%,1,8.28 - 8.25 x 5.04 mm,LV-ROUNDFVVS2-769657349
2435884,2.2,F,VVS2,Ideal,400,https://www.luvansh.com/product/2435884/igi-certified-2-2-f-vvs2-round-lab-created-diamond-r,https://api.igi.org/viewpdf.php?r=LG769635166,NONE,Excellent,Excellent,57.00%,61.30%,1,8.39 - 8.35 x 5.12 mm,LV-ROUNDFVVS2-769635166
2435961,2.2,F,VVS2,Ideal,400,https://www.luvansh.com/product/2435961/igi-certified-2-2-f-vvs2-round-lab-created-diamond-r,https://api.igi.org/viewpdf.php?r=LG769635293,NONE,Excellent,Excellent,57.00%,61.90%,1.01,8.31 - 8.25 x 5.14 mm,LV-ROUNDFVVS2-769635293
2435965,2.09,F,VVS2,Ideal,400,https://www.luvansh.com/product/2435965/igi-certified-2-09-f-vvs2-round-lab-created-diamond-r,https://api.igi.org/viewpdf.php?r=LG769657323,NONE,Excellent,Excellent,58.00%,61.10%,1,8.23 - 8.2 x 5.02 mm,LV-ROUNDFVVS2-769657323
2435974,2.09,F,VVS2,Ideal,400,https://www.luvansh.com/product/2435974/igi-certified-2-09-f-vvs2-round-lab-created-diamond-r,https://api.igi.org/viewpdf.php?r=LG769671631,NONE,Excellent,Excellent,57.00%,61.90%,1,8.2 - 8.17 x 5.06 mm,LV-ROUNDFVVS2-769671631
2436148,2.1,F,VVS2,Ideal,400,https://www.luvansh.com/product/2436148/igi-certified-2-1-f-vvs2-round-lab-created-diamond-r,https://api.igi.org/viewpdf.php?r=LG769672384,NONE,Excellent,Excellent,58.00%,62.20%,1,8.17 - 8.14 x 5.07 mm,LV-ROUNDFVVS2-769672384
2436121,2.1,F,VVS2,Ideal,400,https://www.luvansh.com/product/2436121/igi-certified-2-1-f-vvs2-round-lab-created-diamond-r,https://api.igi.org/viewpdf.php?r=LG769612128,NONE,Excellent,Excellent,58.00%,62.10%,1,8.21 - 8.18 x 5.09 mm,LV-ROUNDFVVS2-769612128
2436133,2.1,F,VVS2,Ideal,400,https://www.luvansh.com/product/2436133/igi-certified-2-1-f-vvs2-round-lab-created-diamond-r,https://api.igi.org/viewpdf.php?r=LG769657516,NONE,Excellent,Excellent,57.00%,62.30%,1,8.21 - 8.17 x 5.1 mm,LV-ROUNDFVVS2-769657516
2436176,2.09,F,VVS2,Ideal,400,https://www.luvansh.com/product/2436176/igi-certified-2-09-f-vvs2-round-lab-created-diamond-r,https://api.igi.org/viewpdf.php?r=LG769657311,NONE,Excellent,Excellent,58.00%,61.70%,1.01,8.21 - 8.16 x 5.06 mm,LV-ROUNDFVVS2-769657311
2436241,2.09,F,VVS2,Ideal,400,https://www.luvansh.com/product/2436241/igi-certified-2-09-f-vvs2-round-lab-created-diamond-r,https://api.igi.org/viewpdf.php?r=LG769657348,NONE,Excellent,Excellent,57.00%,61.60%,1,8.21 - 8.17 x 5.05 mm,LV-ROUNDFVVS2-769657348
2436257,2.09,F,VVS2,Ideal,400,https://www.luvansh.com/product/2436257/igi-certified-2-09-f-vvs2-round-lab-created-diamond-r,https://api.igi.org/viewpdf.php?r=LG769672308,NONE,Excellent,Excellent,58.00%,61.90%,1,8.18 - 8.15 x 5.06 mm,LV-ROUNDFVVS2-769672308
2435473,2.09,F,VVS2,Ideal,400,https://www.luvansh.com/product/2435473/igi-certified-2-09-f-vvs2-round-lab-created-diamond-r,https://api.igi.org/viewpdf.php?r=LG763613114,NONE,Excellent,Excellent,57.00%,62.10%,1,8.17 - 8.13 x 5.06 mm,LV-ROUNDFVVS2-763613114
2432578,2.1,E,VVS2,Ideal,400,https://www.luvansh.com/product/2432578/igi-certified-2-1-e-vvs2-round-lab-created-diamond-r,https://api.igi.org/viewpdf.php?r=LG760573000,NONE,Excellent,Excellent,57.00%,61.80%,1,8.17 - 8.2 x 5.05 mm,LV-ROUNDEVVS2-760573000
2432581,2.07,E,VVS2,Ideal,400,https://www.luvansh.com/product/2432581/igi-certified-2-07-e-vvs2-round-lab-created-diamond-r,https://api.igi.org/viewpdf.php?r=LG762576285,NONE,Excellent,Excellent,58.00%,61.20%,1,8.17 - 8.2 x 5.01 mm,LV-ROUNDEVVS2-762576285
2311060,2.08,F,VVS2,Ideal,400,https://www.luvansh.com/product/2311060/igi-certified-2-08-f-vvs2-round-lab-created-diamond-r,https://api.igi.org/viewpdf.php?r=LG760553384,NONE,Excellent,Excellent,57.00%,61.70%,1,8.17 - 8.21 x 5.06 mm,LV-ROUNDFVVS2-760553384
2352969,2.1,F,VVS2,Ideal,400,https://www.luvansh.com/product/2352969/igi-certified-2-1-f-vvs2-round-lab-created-diamond-r,https://api.igi.org/viewpdf.php?r=LG741532039,NONE,Excellent,Excellent,57.00%,62.10%,1,8.2 - 8.17 x 5.08 mm,LV-ROUNDFVVS2-741532039
2412906,2.07,E,VVS2,Ideal,400,https://www.luvansh.com/product/2412906/igi-certified-2-07-e-vvs2-round-lab-created-diamond-r,https://api.igi.org/viewpdf.php?r=LG756579839,NONE,Excellent,Excellent,58.00%,61.70%,1,8.14 - 8.18 x 5.03 mm,LV-ROUNDEVVS2-756579839
2412383,2.07,E,VVS2,Ideal,400,https://www.luvansh.com/product/2412383/igi-certified-2-07-e-vvs2-round-lab-created-diamond-r,https://api.igi.org/viewpdf.php?r=LG754517464,NONE,Excellent,Excellent,58.00%,62.00%,1,8.13 - 8.15 x 5.05 mm,LV-ROUNDEVVS2-754517464
2402772,2.09,F,VVS2,Ideal,400,https://www.luvansh.com/product/2402772/igi-certified-2-09-f-vvs2-round-lab-created-diamond-r,https://api.igi.org/viewpdf.php?r=LG726513304,NONE,Excellent,Excellent,57.00%,61.50%,1.01,8.24 - 8.19 x 5.06 mm,LV-ROUNDFVVS2-726513304
2372114,1.94,E,VVS2,Ideal,400,https://www.luvansh.com/product/2372114/igi-certified-1-94-e-vvs2-round-lab-created-diamond-r,https://api.igi.org/viewpdf.php?r=LG687553923,NONE,Excellent,Excellent,57.00%,62.30%,1,7.91 - 7.89 x 4.92 mm,LV-ROUNDEVVS2-687553923
2380284,2.03,F,VVS2,Ideal,400,https://www.luvansh.com/product/2380284/igi-certified-2-03-f-vvs2-round-lab-created-diamond-r,https://api.igi.org/viewpdf.php?r=LG763658304,NONE,Excellent,Excellent,58.00%,62.10%,1,8.06 - 8.09 x 5.02 mm,LV-ROUNDFVVS2-LG763658304
2372388,2.09,F,VVS2,Ideal,400,https://www.luvansh.com/product/2372388/igi-certified-2-09-f-vvs2-round-lab-created-diamond-r,https://api.igi.org/viewpdf.php?r=LG755523304,NONE,Excellent,Excellent,58.00%,61.30%,1,8.23 - 8.2 x 5.04 mm,LV-ROUNDFVVS2-755523304
2372693,2.1,F,VVS2,Ideal,400,https://www.luvansh.com/product/2372693/igi-certified-2-1-f-vvs2-round-lab-created-diamond-r,https://api.igi.org/viewpdf.php?r=LG763613199,NONE,Excellent,Excellent,58.00%,62.20%,1,8.2 - 8.17 x 5.09 mm,LV-ROUNDFVVS2-763613199
2372592,2.09,F,VVS2,Ideal,400,https://www.luvansh.com/product/2372592/igi-certified-2-09-f-vvs2-round-lab-created-diamond-r,https://api.igi.org/viewpdf.php?r=LG762578537,NONE,Excellent,Excellent,58.00%,62.10%,1,8.16 - 8.13 x 5.06 mm,LV-ROUNDFVVS2-762578537
2373697,2.1,F,VVS2,Ideal,400,https://www.luvansh.com/product/2373697/igi-certified-2-1-f-vvs2-round-lab-created-diamond-r,https://api.igi.org/viewpdf.php?r=LG764664647,NONE,Excellent,Excellent,58.00%,61.00%,1,8.28 - 8.24 x 5.04 mm,LV-ROUNDFVVS2-764664647
2373363,2.09,F,VVS2,Ideal,400,https://www.luvansh.com/product/2373363/igi-certified-2-09-f-vvs2-round-lab-created-diamond-r,https://api.igi.org/viewpdf.php?r=LG763610532,NONE,Excellent,Excellent,58.00%,62.00%,1,8.19 - 8.16 x 5.07 mm,LV-ROUNDFVVS2-763610532
2373380,2.1,F,VVS2,Ideal,400,https://www.luvansh.com/product/2373380/igi-certified-2-1-f-vvs2-round-lab-created-diamond-r,https://api.igi.org/viewpdf.php?r=LG763610535,NONE,Excellent,Excellent,58.00%,62.20%,1,8.18 - 8.15 x 5.08 mm,LV-ROUNDFVVS2-763610535
2373104,2.1,F,VVS2,Ideal,400,https://www.luvansh.com/product/2373104/igi-certified-2-1-f-vvs2-round-lab-created-diamond-r,https://api.igi.org/viewpdf.php?r=LG762578604,NONE,Excellent,Excellent,58.00%,62.00%,1,8.2 - 8.16 x 5.08 mm,LV-ROUNDFVVS2-762578604
2373810,2.09,F,VVS2,Ideal,400,https://www.luvansh.com/product/2373810/igi-certified-2-09-f-vvs2-round-lab-created-diamond-r,https://api.igi.org/viewpdf.php?r=LG764657452,NONE,Excellent,Excellent,58.00%,61.20%,1.01,8.25 - 8.2 x 5.03 mm,LV-ROUNDFVVS2-764657452
2373846,2.09,F,VVS2,Ideal,400,https://www.luvansh.com/product/2373846/igi-certified-2-09-f-vvs2-round-lab-created-diamond-r,https://api.igi.org/viewpdf.php?r=LG764643915,NONE,Excellent,Excellent,57.00%,61.90%,1.01,8.21 - 8.16 x 5.07 mm,LV-ROUNDFVVS2-764643915
2374046,2.09,F,VVS2,Ideal,400,https://www.luvansh.com/product/2374046/igi-certified-2-09-f-vvs2-round-lab-created-diamond-r,https://api.igi.org/viewpdf.php?r=LG764626082,NONE,Excellent,Excellent,58.00%,61.80%,1,8.19 - 8.15 x 5.05 mm,LV-ROUNDFVVS2-764626082
2374064,2.09,F,VVS2,Ideal,400,https://www.luvansh.com/product/2374064/igi-certified-2-09-f-vvs2-round-lab-created-diamond-r,https://api.igi.org/viewpdf.php?r=LG764657496,NONE,Excellent,Excellent,56.00%,61.80%,1.01,8.25 - 8.19 x 5.07 mm,LV-ROUNDFVVS2-764657496
2374152,2.09,F,VVS2,Ideal,400,https://www.luvansh.com/product/2374152/igi-certified-2-09-f-vvs2-round-lab-created-diamond-r,https://api.igi.org/viewpdf.php?r=LG764657459,NONE,Excellent,Excellent,57.00%,61.00%,1,8.26 - 8.22 x 5.03 mm,LV-ROUNDFVVS2-764657459
2374177,2.1,F,VVS2,Ideal,400,https://www.luvansh.com/product/2374177/igi-certified-2-1-f-vvs2-round-lab-created-diamond-r,https://api.igi.org/viewpdf.php?r=LG764664642,NONE,Excellent,Excellent,57.00%,61.50%,1,8.24 - 8.2 x 5.06 mm,LV-ROUNDFVVS2-764664642
2374463,2.09,F,VVS2,Ideal,400,https://www.luvansh.com/product/2374463/igi-certified-2-09-f-vvs2-round-lab-created-diamond-r,https://api.igi.org/viewpdf.php?r=LG764651604,NONE,Excellent,Excellent,58.00%,61.90%,1,8.17 - 8.15 x 5.06 mm,LV-ROUNDFVVS2-764651604
2377970,2.07,E,VVS2,Ideal,400,https://www.luvansh.com/product/2377970/igi-certified-2-07-e-vvs2-round-lab-created-diamond-r,https://api.igi.org/viewpdf.php?r=LG756525304,NONE,Excellent,Excellent,56.00%,61.00%,1,8.21 - 8.23 x 5.01 mm,LV-ROUNDEVVS2-LG756525304
2377971,2.07,E,VVS2,Ideal,400,https://www.luvansh.com/product/2377971/igi-certified-2-07-e-vvs2-round-lab-created-diamond-r,https://api.igi.org/viewpdf.php?r=LG756527266,NONE,Excellent,Excellent,58.00%,62.10%,1,8.13 - 8.16 x 5.07 mm,LV-ROUNDEVVS2-LG756527266
1979124,2.06,F,VVS2,Ideal,400,https://www.luvansh.com/product/1979124/igi-certified-2-06-f-vvs2-round-lab-created-diamond-r,https://api.igi.org/viewpdf.php?r=LG750592391,NONE,Excellent,Excellent,58.00%,62.00%,1,8.07 - 8.1 x 5.01 mm,LV-ROUNDFVVS2-LG750592391
2141308,1.9,F,VVS2,Ideal,400,https://www.luvansh.com/product/2141308/igi-certified-1-9-f-vvs2-round-lab-created-diamond-r,https://api.igi.org/viewpdf.php?r=LG741541625,NONE,Excellent,Excellent,57.00%,61.90%,1.01,7.94 - 7.9 x 4.9 mm,LV-ROUNDFVVS2-741541625
2437073,2.09,F,VVS2,Ideal,400,https://www.luvansh.com/product/2437073/igi-certified-2-09-f-vvs2-round-lab-created-diamond-r,https://api.igi.org/viewpdf.php?r=LG769672159,NONE,Excellent,Excellent,58.00%,62.20%,1,8.17 - 8.14 x 5.07 mm,LV-ROUNDFVVS2-769672159
2436754,2.09,F,VVS2,Ideal,400,https://www.luvansh.com/product/2436754/igi-certified-2-09-f-vvs2-round-lab-created-diamond-r,https://api.igi.org/viewpdf.php?r=LG769657384,NONE,Excellent,Excellent,58.00%,61.80%,1,8.19 - 8.16 x 5.05 mm,LV-ROUNDFVVS2-769657384
2436793,2.09,F,VVS2,Ideal,400,https://www.luvansh.com/product/2436793/igi-certified-2-09-f-vvs2-round-lab-created-diamond-r,https://api.igi.org/viewpdf.php?r=LG769657544,NONE,Excellent,Excellent,58.00%,61.90%,1,8.19 - 8.15 x 5.06 mm,LV-ROUNDFVVS2-769657544
2436662,2.1,F,VVS2,Ideal,400,https://www.luvansh.com/product/2436662/igi-certified-2-1-f-vvs2-round-lab-created-diamond-r,https://api.igi.org/viewpdf.php?r=LG769657506,NONE,Excellent,Excellent,57.00%,62.30%,1,8.18 - 8.14 x 5.08 mm,LV-ROUNDFVVS2-769657506
2437110,2.09,F,VVS2,Ideal,400,https://www.luvansh.com/product/2437110/igi-certified-2-09-f-vvs2-round-lab-created-diamond-r,https://api.igi.org/viewpdf.php?r=LG769672156,NONE,Excellent,Excellent,57.00%,62.10%,1,8.19 - 8.15 x 5.07 mm,LV-ROUNDFVVS2-769672156
2437141,2.09,F,VVS2,Ideal,400,https://www.luvansh.com/product/2437141/igi-certified-2-09-f-vvs2-round-lab-created-diamond-r,https://api.igi.org/viewpdf.php?r=LG769672154,NONE,Excellent,Excellent,58.00%,61.60%,1,8.18 - 8.16 x 5.03 mm,LV-ROUNDFVVS2-769672154
2437147,2.09,F,VVS2,Ideal,400,https://www.luvansh.com/product/2437147/igi-certified-2-09-f-vvs2-round-lab-created-diamond-r,https://api.igi.org/viewpdf.php?r=LG769657578,NONE,Excellent,Excellent,57.00%,61.90%,1,8.2 - 8.17 x 5.06 mm,LV-ROUNDFVVS2-769657578
2437176,2.1,F,VVS2,Ideal,400,https://www.luvansh.com/product/2437176/igi-certified-2-1-f-vvs2-round-lab-created-diamond-r,https://api.igi.org/viewpdf.php?r=LG769657347,NONE,Excellent,Excellent,58.00%,61.50%,1,8.22 - 8.18 x 5.04 mm,LV-ROUNDFVVS2-769657347
2437221,2.1,F,VVS2,Ideal,400,https://www.luvansh.com/product/2437221/igi-certified-2-1-f-vvs2-round-lab-created-diamond-r,https://api.igi.org/viewpdf.php?r=LG769657524,NONE,Excellent,Excellent,58.00%,62.10%,1,8.2 - 8.17 x 5.08 mm,LV-ROUNDFVVS2-769657524
2437233,2.1,F,VVS2,Ideal,400,https://www.luvansh.com/product/2437233/igi-certified-2-1-f-vvs2-round-lab-created-diamond-r,https://api.igi.org/viewpdf.php?r=LG769657349,NONE,Excellent,Excellent,57.00%,61.00%,1,8.28 - 8.25 x 5.04 mm,LV-ROUNDFVVS2-769657349
2435884,2.2,F,VVS2,Ideal,400,https://www.luvansh.com/product/2435884/igi-certified-2-2-f-vvs2-round-lab-created-diamond-r,https://api.igi.org/viewpdf.php?r=LG769635166,NONE,Excellent,Excellent,57.00%,61.30%,1,8.39 - 8.35 x 5.12 mm,LV-ROUNDFVVS2-769635166
2435961,2.2,F,VVS2,Ideal,400,https://www.luvansh.com/product/2435961/igi-certified-2-2-f-vvs2-round-lab-created-diamond-r,https://api.igi.org/viewpdf.php?r=LG769635293,NONE,Excellent,Excellent,57.00%,61.90%,1.01,8.31 - 8.25 x 5.14 mm,LV-ROUNDFVVS2-769635293
2435965,2.09,F,VVS2,Ideal,400,https://www.luvansh.com/product/2435965/igi-certified-2-09-f-vvs2-round-lab-created-diamond-r,https://api.igi.org/viewpdf.php?r=LG769657323,NONE,Excellent,Excellent,58.00%,61.10%,1,8.23 - 8.2 x 5.02 mm,LV-ROUNDFVVS2-769657323
2435974,2.09,F,VVS2,Ideal,400,https://www.luvansh.com/product/2435974/igi-certified-2-09-f-vvs2-round-lab-created-diamond-r,https://api.igi.org/viewpdf.php?r=LG769671631,NONE,Excellent,Excellent,57.00%,61.90%,1,8.2 - 8.17 x 5.06 mm,LV-ROUNDFVVS2-769671631
2436148,2.1,F,VVS2,Ideal,400,https://www.luvansh.com/product/2436148/igi-certified-2-1-f-vvs2-round-lab-created-diamond-r,https://api.igi.org/viewpdf.php?r=LG769672384,NONE,Excellent,Excellent,58.00%,62.20%,1,8.17 - 8.14 x 5.07 mm,LV-ROUNDFVVS2-769672384
2436121,2.1,F,VVS2,Ideal,400,https://www.luvansh.com/product/2436121/igi-certified-2-1-f-vvs2-round-lab-created-diamond-r,https://api.igi.org/viewpdf.php?r=LG769612128,NONE,Excellent,Excellent,58.00%,62.10%,1,8.21 - 8.18 x 5.09 mm,LV-ROUNDFVVS2-769612128
2436133,2.1,F,VVS2,Ideal,400,https://www.luvansh.com/product/2436133/igi-certified-2-1-f-vvs2-round-lab-created-diamond-r,https://api.igi.org/viewpdf.php?r=LG769657516,NONE,Excellent,Excellent,57.00%,62.30%,1,8.21 - 8.17 x 5.1 mm,LV-ROUNDFVVS2-769657516
2436176,2.09,F,VVS2,Ideal,400,https://www.luvansh.com/product/2436176/igi-certified-2-09-f-vvs2-round-lab-created-diamond-r,https://api.igi.org/viewpdf.php?r=LG769657311,NONE,Excellent,Excellent,58.00%,61.70%,1.01,8.21 - 8.16 x 5.06 mm,LV-ROUNDFVVS2-769657311
2436241,2.09,F,VVS2,Ideal,400,https://www.luvansh.com/product/2436241/igi-certified-2-09-f-vvs2-round-lab-created-diamond-r,https://api.igi.org/viewpdf.php?r=LG769657348,NONE,Excellent,Excellent,57.00%,61.60%,1,8.21 - 8.17 x 5.05 mm,LV-ROUNDFVVS2-769657348
2436257,2.09,F,VVS2,Ideal,400,https://www.luvansh.com/product/2436257/igi-certified-2-09-f-vvs2-round-lab-created-diamond-r,https://api.igi.org/viewpdf.php?r=LG769672308,NONE,Excellent,Excellent,58.00%,61.90%,1,8.18 - 8.15 x 5.06 mm,LV-ROUNDFVVS2-769672308
2435473,2.09,F,VVS2,Ideal,400,https://www.luvansh.com/product/2435473/igi-certified-2-09-f-vvs2-round-lab-created-diamond-r,https://api.igi.org/viewpdf.php?r=LG763613114,NONE,Excellent,Excellent,57.00%,62.10%,1,8.17 - 8.13 x 5.06 mm,LV-ROUNDFVVS2-763613114
2432578,2.1,E,VVS2,Ideal,400,https://www.luvansh.com/product/2432578/igi-certified-2-1-e-vvs2-round-lab-created-diamond-r,https://api.igi.org/viewpdf.php?r=LG760573000,NONE,Excellent,Excellent,57.00%,61.80%,1,8.17 - 8.2 x 5.05 mm,LV-ROUNDEVVS2-760573000
2432581,2.07,E,VVS2,Ideal,400,https://www.luvansh.com/product/2432581/igi-certified-2-07-e-vvs2-round-lab-created-diamond-r,https://api.igi.org/viewpdf.php?r=LG762576285,NONE,Excellent,Excellent,58.00%,61.20%,1,8.17 - 8.2 x 5.01 mm,LV-ROUNDEVVS2-762576285
2311060,2.08,F,VVS2,Ideal,400,https://www.luvansh.com/product/2311060/igi-certified-2-08-f-vvs2-round-lab-created-diamond-r,https://api.igi.org/viewpdf.php?r=LG760553384,NONE,Excellent,Excellent,57.00%,61.70%,1,8.17 - 8.21 x 5.06 mm,LV-ROUNDFVVS2-760553384
2352969,2.1,F,VVS2,Ideal,400,https://www.luvansh.com/product/2352969/igi-certified-2-1-f-vvs2-round-lab-created-diamond-r,https://api.igi.org/viewpdf.php?r=LG741532039,NONE,Excellent,Excellent,57.00%,62.10%,1,8.2 - 8.17 x 5.08 mm,LV-ROUNDFVVS2-741532039
2412906,2.07,E,VVS2,Ideal,400,https://www.luvansh.com/product/2412906/igi-certified-2-07-e-vvs2-round-lab-created-diamond-r,https://api.igi.org/viewpdf.php?r=LG756579839,NONE,Excellent,Excellent,58.00%,61.70%,1,8.14 - 8.18 x 5.03 mm,LV-ROUNDEVVS2-756579839
2412383,2.07,E,VVS2,Ideal,400,https://www.luvansh.com/product/2412383/igi-certified-2-07-e-vvs2-round-lab-created-diamond-r,https://api.igi.org/viewpdf.php?r=LG754517464,NONE,Excellent,Excellent,58.00%,62.00%,1,8.13 - 8.15 x 5.05 mm,LV-ROUNDEVVS2-754517464
2402772,2.09,F,VVS2,Ideal,400,https://www.luvansh.com/product/2402772/igi-certified-2-09-f-vvs2-round-lab-created-diamond-r,https://api.igi.org/viewpdf.php?r=LG726513304,NONE,Excellent,Excellent,57.00%,61.50%,1.01,8.24 - 8.19 x 5.06 mm,LV-ROUNDFVVS2-726513304
2372114,1.94,E,VVS2,Ideal,400,https://www.luvansh.com/product/2372114/igi-certified-1-94-e-vvs2-round-lab-created-diamond-r,https://api.igi.org/viewpdf.php?r=LG687553923,NONE,Excellent,Excellent,57.00%,62.30%,1,7.91 - 7.89 x 4.92 mm,LV-ROUNDEVVS2-687553923
2380284,2.03,F,VVS2,Ideal,400,https://www.luvansh.com/product/2380284/igi-certified-2-03-f-vvs2-round-lab-created-diamond-r,https://api.igi.org/viewpdf.php?r=LG763658304,NONE,Excellent,Excellent,58.00%,62.10%,1,8.06 - 8.09 x 5.02 mm,LV-ROUNDFVVS2-LG763658304
2372388,2.09,F,VVS2,Ideal,400,https://www.luvansh.com/product/2372388/igi-certified-2-09-f-vvs2-round-lab-created-diamond-r,https://api.igi.org/viewpdf.php?r=LG755523304,NONE,Excellent,Excellent,58.00%,61.30%,1,8.23 - 8.2 x 5.04 mm,LV-ROUNDFVVS2-755523304
2372693,2.1,F,VVS2,Ideal,400,https://www.luvansh.com/product/2372693/igi-certified-2-1-f-vvs2-round-lab-created-diamond-r,https://api.igi.org/viewpdf.php?r=LG763613199,NONE,Excellent,Excellent,58.00%,62.20%,1,8.2 - 8.17 x 5.09 mm,LV-ROUNDFVVS2-763613199
2372592,2.09,F,VVS2,Ideal,400,https://www.luvansh.com/product/2372592/igi-certified-2-09-f-vvs2-round-lab-created-diamond-r,https://api.igi.org/viewpdf.php?r=LG762578537,NONE,Excellent,Excellent,58.00%,62.10%,1,8.16 - 8.13 x 5.06 mm,LV-ROUNDFVVS2-762578537
2373697,2.1,F,VVS2,Ideal,400,https://www.luvansh.com/product/2373697/igi-certified-2-1-f-vvs2-round-lab-created-diamond-r,https://api.igi.org/viewpdf.php?r=LG764664647,NONE,Excellent,Excellent,58.00%,61.00%,1,8.28 - 8.24 x 5.04 mm,LV-ROUNDFVVS2-764664647
2373363,2.09,F,VVS2,Ideal,400,https://www.luvansh.com/product/2373363/igi-certified-2-09-f-vvs2-round-lab-created-diamond-r,https://api.igi.org/viewpdf.php?r=LG763610532,NONE,Excellent,Excellent,58.00%,62.00%,1,8.19 - 8.16 x 5.07 mm,LV-ROUNDFVVS2-763610532
2373380,2.1,F,VVS2,Ideal,400,https://www.luvansh.com/product/2373380/igi-certified-2-1-f-vvs2-round-lab-created-diamond-r,https://api.igi.org/viewpdf.php?r=LG763610535,NONE,Excellent,Excellent,58.00%,62.20%,1,8.18 - 8.15 x 5.08 mm,LV-ROUNDFVVS2-763610535
2373104,2.1,F,VVS2,Ideal,400,https://www.luvansh.com/product/2373104/igi-certified-2-1-f-vvs2-round-lab-created-diamond-r,https://api.igi.org/viewpdf.php?r=LG762578604,NONE,Excellent,Excellent,58.00%,62.00%,1,8.2 - 8.16 x 5.08 mm,LV-ROUNDFVVS2-762578604
2373810,2.09,F,VVS2,Ideal,400,https://www.luvansh.com/product/2373810/igi-certified-2-09-f-vvs2-round-lab-created-diamond-r,https://api.igi.org/viewpdf.php?r=LG764657452,NONE,Excellent,Excellent,58.00%,61.20%,1.01,8.25 - 8.2 x 5.03 mm,LV-ROUNDFVVS2-764657452
2373846,2.09,F,VVS2,Ideal,400,https://www.luvansh.com/product/2373846/igi-certified-2-09-f-vvs2-round-lab-created-diamond-r,https://api.igi.org/viewpdf.php?r=LG764643915,NONE,Excellent,Excellent,57.00%,61.90%,1.01,8.21 - 8.16 x 5.07 mm,LV-ROUNDFVVS2-764643915
2374046,2.09,F,VVS2,Ideal,400,https://www.luvansh.com/product/2374046/igi-certified-2-09-f-vvs2-round-lab-created-diamond-r,https://api.igi.org/viewpdf.php?r=LG764626082,NONE,Excellent,Excellent,58.00%,61.80%,1,8.19 - 8.15 x 5.05 mm,LV-ROUNDFVVS2-764626082
2374064,2.09,F,VVS2,Ideal,400,https://www.luvansh.com/product/2374064/igi-certified-2-09-f-vvs2-round-lab-created-diamond-r,https://api.igi.org/viewpdf.php?r=LG764657496,NONE,Excellent,Excellent,56.00%,61.80%,1.01,8.25 - 8.19 x 5.07 mm,LV-ROUNDFVVS2-764657496
2374152,2.09,F,VVS2,Ideal,400,https://www.luvansh.com/product/2374152/igi-certified-2-09-f-vvs2-round-lab-created-diamond-r,https://api.igi.org/viewpdf.php?r=LG764657459,NONE,Excellent,Excellent,57.00%,61.00%,1,8.26 - 8.22 x 5.03 mm,LV-ROUNDFVVS2-764657459
2374177,2.1,F,VVS2,Ideal,400,https://www.luvansh.com/product/2374177/igi-certified-2-1-f-vvs2-round-lab-created-diamond-r,https://api.igi.org/viewpdf.php?r=LG764664642,NONE,Excellent,Excellent,57.00%,61.50%,1,8.24 - 8.2 x 5.06 mm,LV-ROUNDFVVS2-764664642
2374463,2.09,F,VVS2,Ideal,400,https://www.luvansh.com/product/2374463/igi-certified-2-09-f-vvs2-round-lab-created-diamond-r,https://api.igi.org/viewpdf.php?r=LG764651604,NONE,Excellent,Excellent,58.00%,61.90%,1,8.17 - 8.15 x 5.06 mm,LV-ROUNDFVVS2-764651604
2377970,2.07,E,VVS2,Ideal,400,https://www.luvansh.com/product/2377970/igi-certified-2-07-e-vvs2-round-lab-created-diamond-r,https://api.igi.org/viewpdf.php?r=LG756525304,NONE,Excellent,Excellent,56.00%,61.00%,1,8.21 - 8.23 x 5.01 mm,LV-ROUNDEVVS2-LG756525304
2377971,2.07,E,VVS2,Ideal,400,https://www.luvansh.com/product/2377971/igi-certified-2-07-e-vvs2-round-lab-created-diamond-r,https://api.igi.org/viewpdf.php?r=LG756527266,NONE,Excellent,Excellent,58.00%,62.10%,1,8.13 - 8.16 x 5.07 mm,LV-ROUNDEVVS2-LG756527266
2436863,2.08,F,VVS2,Ideal,394,https://www.luvansh.com/product/2436863/igi-certified-2-08-f-vvs2-round-lab-created-diamond-r,https://api.igi.org/viewpdf.php?r=LG769672147,NONE,Excellent,Excellent,58.00%,62.10%,1.01,8.17 - 8.12 x 5.06 mm,LV-ROUNDFVVS2-769672147
2436490,2.06,F,VVS2,Ideal,394,https://www.luvansh.com/product/2436490/igi-certified-2-06-f-vvs2-round-lab-created-diamond-r,https://api.igi.org/viewpdf.php?r=LG769672215,NONE,Excellent,Excellent,57.00%,61.60%,1,8.17 - 8.14 x 5.02 mm,LV-ROUNDFVVS2-769672215
2436169,2.07,F,VVS2,Ideal,394,https://www.luvansh.com/product/2436169/igi-certified-2-07-f-vvs2-round-lab-created-diamond-r,https://api.igi.org/viewpdf.php?r=LG769657342,NONE,Excellent,Excellent,58.00%,61.50%,1,8.2 - 8.16 x 5.03 mm,LV-ROUNDFVVS2-769657342
2435685,2.08,F,VVS2,Ideal,394,https://www.luvansh.com/product/2435685/igi-certified-2-08-f-vvs2-round-lab-created-diamond-r,https://api.igi.org/viewpdf.php?r=LG769672149,NONE,Excellent,Excellent,58.00%,61.20%,1,8.22 - 8.18 x 5.02 mm,LV-ROUNDFVVS2-769672149
2436167,2.07,F,VVS2,Ideal,394,https://www.luvansh.com/product/2436167/igi-certified-2-07-f-vvs2-round-lab-created-diamond-r,https://api.igi.org/viewpdf.php?r=LG769657515,NONE,Excellent,Excellent,57.00%,62.10%,1.01,8.18 - 8.11 x 5.06 mm,LV-ROUNDFVVS2-769657515
2436752,2.08,F,VVS2,Ideal,394,https://www.luvansh.com/product/2436752/igi-certified-2-08-f-vvs2-round-lab-created-diamond-r,https://api.igi.org/viewpdf.php?r=LG769657508,NONE,Excellent,Excellent,57.00%,61.60%,1,8.19 - 8.16 x 5.04 mm,LV-ROUNDFVVS2-769657508
2437014,2.08,F,VVS2,Ideal,394,https://www.luvansh.com/product/2437014/igi-certified-2-08-f-vvs2-round-lab-created-diamond-r,https://api.igi.org/viewpdf.php?r=LG769657492,NONE,Excellent,Excellent,57.00%,62.10%,1,8.16 - 8.13 x 5.06 mm,LV-ROUNDFVVS2-769657492
2432545,2.05,E,VVS2,Ideal,394,https://www.luvansh.com/product/2432545/igi-certified-2-05-e-vvs2-round-lab-created-diamond-r,https://api.igi.org/viewpdf.php?r=LG739577838,NONE,Excellent,Excellent,58.00%,61.30%,1,8.18 - 8.14 x 5 mm,LV-ROUNDEVVS2-739577838
2432547,2.05,E,VVS2,Ideal,394,https://www.luvansh.com/product/2432547/igi-certified-2-05-e-vvs2-round-lab-created-diamond-r,https://api.igi.org/viewpdf.php?r=LG739577851,NONE,Excellent,Excellent,56.00%,61.40%,1,8.2 - 8.17 x 5.03 mm,LV-ROUNDEVVS2-739577851
2372682,2.08,F,VVS2,Ideal,394,https://www.luvansh.com/product/2372682/igi-certified-2-08-f-vvs2-round-lab-created-diamond-r,https://api.igi.org/viewpdf.php?r=LG763661307,NONE,Excellent,Excellent,58.00%,61.60%,1,8.2 - 8.16 x 5.04 mm,LV-ROUNDFVVS2-763661307
2372771,2.07,F,VVS2,Ideal,394,https://www.luvansh.com/product/2372771/igi-certified-2-07-f-vvs2-round-lab-created-diamond-r,https://api.igi.org/viewpdf.php?r=LG763610514,NONE,Excellent,Excellent,57.00%,61.30%,1.01,8.21 - 8.15 x 5.01 mm,LV-ROUNDFVVS2-763610514
2412578,2.04,E,VVS2,Ideal,394,https://www.luvansh.com/product/2412578/igi-certified-2-04-e-vvs2-round-lab-created-diamond-r,https://api.igi.org/viewpdf.php?r=LG754517382,NONE,Excellent,Excellent,58.00%,61.20%,1,8.12 - 8.16 x 4.98 mm,LV-ROUNDEVVS2-754517382
2412205,2.05,E,VVS2,Ideal,394,https://www.luvansh.com/product/2412205/igi-certified-2-05-e-vvs2-round-lab-created-diamond-r,https://api.igi.org/viewpdf.php?r=LG749574097,NONE,Excellent,Excellent,57.00%,62.10%,1,8.08 - 8.12 x 5.03 mm,LV-ROUNDEVVS2-749574097
2412869,2.06,E,VVS2,Ideal,394,https://www.luvansh.com/product/2412869/igi-certified-2-06-e-vvs2-round-lab-created-diamond-r,https://api.igi.org/viewpdf.php?r=LG756579788,NONE,Excellent,Excellent,57.00%,61.20%,1,8.18 - 8.21 x 5.02 mm,LV-ROUNDEVVS2-756579788
2310975,2.04,F,VVS2,Ideal,394,https://www.luvansh.com/product/2310975/igi-certified-2-04-f-vvs2-round-lab-created-diamond-r,https://api.igi.org/viewpdf.php?r=LG758549959,NONE,Excellent,Excellent,57.00%,61.80%,1,8.11 - 8.15 x 5.02 mm,LV-ROUNDFVVS2-758549959
2432545,2.05,E,VVS2,Ideal,394,https://www.luvansh.com/product/2432545/igi-certified-2-05-e-vvs2-round-lab-created-diamond-r,https://api.igi.org/viewpdf.php?r=LG739577838,NONE,Excellent,Excellent,58.00%,61.30%,1,8.18 - 8.14 x 5 mm,LV-ROUNDEVVS2-739577838
2432547,2.05,E,VVS2,Ideal,394,https://www.luvansh.com/product/2432547/igi-certified-2-05-e-vvs2-round-lab-created-diamond-r,https://api.igi.org/viewpdf.php?r=LG739577851,NONE,Excellent,Excellent,56.00%,61.40%,1,8.2 - 8.17 x 5.03 mm,LV-ROUNDEVVS2-739577851
2432548,2.05,E,VVS2,Ideal,394,https://www.luvansh.com/product/2432548/igi-certified-2-05-e-vvs2-round-lab-created-diamond-r,https://api.igi.org/viewpdf.php?r=LG739577852,NONE,Excellent,Excellent,57.00%,61.10%,1,8.21 - 8.2 x 5.02 mm,LV-ROUNDEVVS2-739577852
2432549,2.05,E,VVS2,Ideal,394,https://www.luvansh.com/product/2432549/igi-certified-2-05-e-vvs2-round-lab-created-diamond-r,https://api.igi.org/viewpdf.php?r=LG739578083,NONE,Excellent,Excellent,58.00%,61.80%,1,8.15 - 8.11 x 5.02 mm,LV-ROUNDEVVS2-739578083
2432550,2.04,E,VVS2,Ideal,394,https://www.luvansh.com/product/2432550/igi-certified-2-04-e-vvs2-round-lab-created-diamond-r,https://api.igi.org/viewpdf.php?r=LG739577800,NONE,Excellent,Excellent,56.00%,61.10%,1.01,8.21 - 8.15 x 5 mm,LV-ROUNDEVVS2-739577800
2432552,2.04,E,VVS2,Ideal,394,https://www.luvansh.com/product/2432552/igi-certified-2-04-e-vvs2-round-lab-created-diamond-r,https://api.igi.org/viewpdf.php?r=LG739578077,NONE,Excellent,Excellent,57.00%,61.00%,1,8.18 - 8.14 x 4.98 mm,LV-ROUNDEVVS2-739578077
2432582,2.04,E,VVS2,Ideal,394,https://www.luvansh.com/product/2432582/igi-certified-2-04-e-vvs2-round-lab-created-diamond-r,https://api.igi.org/viewpdf.php?r=LG762576280,NONE,Excellent,Excellent,58.00%,61.20%,1,8.12 - 8.15 x 4.98 mm,LV-ROUNDEVVS2-762576280
2435209,2.08,F,VVS2,Ideal,394,https://www.luvansh.com/product/2435209/igi-certified-2-08-f-vvs2-round-lab-created-diamond-r,https://api.igi.org/viewpdf.php?r=LG725509137,NONE,Excellent,Excellent,58.00%,62.00%,1.01,8.18 - 8.13 x 5.05 mm,LV-ROUNDFVVS2-725509137
2435504,2.08,F,VVS2,Ideal,394,https://www.luvansh.com/product/2435504/igi-certified-2-08-f-vvs2-round-lab-created-diamond-r,https://api.igi.org/viewpdf.php?r=LG762577807,NONE,Excellent,Excellent,58.00%,62.10%,1,8.17 - 8.13 x 5.06 mm,LV-ROUNDFVVS2-762577807
2435516,2.06,F,VVS2,Ideal,394,https://www.luvansh.com/product/2435516/igi-certified-2-06-f-vvs2-round-lab-created-diamond-r,https://api.igi.org/viewpdf.php?r=LG764679197,NONE,Excellent,Excellent,58.00%,62.10%,1,8.15 - 8.11 x 5.05 mm,LV-ROUNDFVVS2-764679197
2436490,2.06,F,VVS2,Ideal,394,https://www.luvansh.com/product/2436490/igi-certified-2-06-f-vvs2-round-lab-created-diamond-r,https://api.igi.org/viewpdf.php?r=LG769672215,NONE,Excellent,Excellent,57.00%,61.60%,1,8.17 - 8.14 x 5.02 mm,LV-ROUNDFVVS2-769672215
2436167,2.07,F,VVS2,Ideal,394,https://www.luvansh.com/product/2436167/igi-certified-2-07-f-vvs2-round-lab-created-diamond-r,https://api.igi.org/viewpdf.php?r=LG769657515,NONE,Excellent,Excellent,57.00%,62.10%,1.01,8.18 - 8.11 x 5.06 mm,LV-ROUNDFVVS2-769657515
2436169,2.07,F,VVS2,Ideal,394,https://www.luvansh.com/product/2436169/igi-certified-2-07-f-vvs2-round-lab-created-diamond-r,https://api.igi.org/viewpdf.php?r=LG769657342,NONE,Excellent,Excellent,58.00%,61.50%,1,8.2 - 8.16 x 5.03 mm,LV-ROUNDFVVS2-769657342
2435685,2.08,F,VVS2,Ideal,394,https://www.luvansh.com/product/2435685/igi-certified-2-08-f-vvs2-round-lab-created-diamond-r,https://api.igi.org/viewpdf.php?r=LG769672149,NONE,Excellent,Excellent,58.00%,61.20%,1,8.22 - 8.18 x 5.02 mm,LV-ROUNDFVVS2-769672149
2436863,2.08,F,VVS2,Ideal,394,https://www.luvansh.com/product/2436863/igi-certified-2-08-f-vvs2-round-lab-created-diamond-r,https://api.igi.org/viewpdf.php?r=LG769672147,NONE,Excellent,Excellent,58.00%,62.10%,1.01,8.17 - 8.12 x 5.06 mm,LV-ROUNDFVVS2-769672147
2436752,2.08,F,VVS2,Ideal,394,https://www.luvansh.com/product/2436752/igi-certified-2-08-f-vvs2-round-lab-created-diamond-r,https://api.igi.org/viewpdf.php?r=LG769657508,NONE,Excellent,Excellent,57.00%,61.60%,1,8.19 - 8.16 x 5.04 mm,LV-ROUNDFVVS2-769657508
2437014,2.08,F,VVS2,Ideal,394,https://www.luvansh.com/product/2437014/igi-certified-2-08-f-vvs2-round-lab-created-diamond-r,https://api.igi.org/viewpdf.php?r=LG769657492,NONE,Excellent,Excellent,57.00%,62.10%,1,8.16 - 8.13 x 5.06 mm,LV-ROUNDFVVS2-769657492
2198886,2.06,F,VVS2,Ideal,394,https://www.luvansh.com/product/2198886/igi-certified-2-06-f-vvs2-round-lab-created-diamond-r,https://api.igi.org/viewpdf.php?r=LG749539385,NONE,Excellent,Excellent,58.00%,61.60%,1,8.14 - 8.18 x 5.03 mm,LV-ROUNDFVVS2-LG749539385
2198887,2.06,F,VVS2,Ideal,394,https://www.luvansh.com/product/2198887/igi-certified-2-06-f-vvs2-round-lab-created-diamond-r,https://api.igi.org/viewpdf.php?r=LG749538983,NONE,Excellent,Excellent,57.00%,61.70%,1,8.15 - 8.19 x 5.04 mm,LV-ROUNDFVVS2-LG749538983
2104404,1.89,F,VVS2,Ideal,394,https://www.luvansh.com/product/2104404/igi-certified-1-89-f-vvs2-round-lab-created-diamond-r,https://api.igi.org/viewpdf.php?r=LG741541632,NONE,Excellent,Excellent,57.00%,61.50%,1.01,7.98 - 7.93 x 4.89 mm,LV-ROUNDFVVS2-741541632
2436863,2.08,F,VVS2,Ideal,394,https://www.luvansh.com/product/2436863/igi-certified-2-08-f-vvs2-round-lab-created-diamond-r,https://api.igi.org/viewpdf.php?r=LG769672147,NONE,Excellent,Excellent,58.00%,62.10%,1.01,8.17 - 8.12 x 5.06 mm,LV-ROUNDFVVS2-769672147
2436490,2.06,F,VVS2,Ideal,394,https://www.luvansh.com/product/2436490/igi-certified-2-06-f-vvs2-round-lab-created-diamond-r,https://api.igi.org/viewpdf.php?r=LG769672215,NONE,Excellent,Excellent,57.00%,61.60%,1,8.17 - 8.14 x 5.02 mm,LV-ROUNDFVVS2-769672215
2436169,2.07,F,VVS2,Ideal,394,https://www.luvansh.com/product/2436169/igi-certified-2-07-f-vvs2-round-lab-created-diamond-r,https://api.igi.org/viewpdf.php?r=LG769657342,NONE,Excellent,Excellent,58.00%,61.50%,1,8.2 - 8.16 x 5.03 mm,LV-ROUNDFVVS2-769657342
2435685,2.08,F,VVS2,Ideal,394,https://www.luvansh.com/product/2435685/igi-certified-2-08-f-vvs2-round-lab-created-diamond-r,https://api.igi.org/viewpdf.php?r=LG769672149,NONE,Excellent,Excellent,58.00%,61.20%,1,8.22 - 8.18 x 5.02 mm,LV-ROUNDFVVS2-769672149
2436167,2.07,F,VVS2,Ideal,394,https://www.luvansh.com/product/2436167/igi-certified-2-07-f-vvs2-round-lab-created-diamond-r,https://api.igi.org/viewpdf.php?r=LG769657515,NONE,Excellent,Excellent,57.00%,62.10%,1.01,8.18 - 8.11 x 5.06 mm,LV-ROUNDFVVS2-769657515
2436752,2.08,F,VVS2,Ideal,394,https://www.luvansh.com/product/2436752/igi-certified-2-08-f-vvs2-round-lab-created-diamond-r,https://api.igi.org/viewpdf.php?r=LG769657508,NONE,Excellent,Excellent,57.00%,61.60%,1,8.19 - 8.16 x 5.04 mm,LV-ROUNDFVVS2-769657508
2437014,2.08,F,VVS2,Ideal,394,https://www.luvansh.com/product/2437014/igi-certified-2-08-f-vvs2-round-lab-created-diamond-r,https://api.igi.org/viewpdf.php?r=LG769657492,NONE,Excellent,Excellent,57.00%,62.10%,1,8.16 - 8.13 x 5.06 mm,LV-ROUNDFVVS2-769657492
2432545,2.05,E,VVS2,Ideal,394,https://www.luvansh.com/product/2432545/igi-certified-2-05-e-vvs2-round-lab-created-diamond-r,https://api.igi.org/viewpdf.php?r=LG739577838,NONE,Excellent,Excellent,58.00%,61.30%,1,8.18 - 8.14 x 5 mm,LV-ROUNDEVVS2-739577838
2432547,2.05,E,VVS2,Ideal,394,https://www.luvansh.com/product/2432547/igi-certified-2-05-e-vvs2-round-lab-created-diamond-r,https://api.igi.org/viewpdf.php?r=LG739577851,NONE,Excellent,Excellent,56.00%,61.40%,1,8.2 - 8.17 x 5.03 mm,LV-ROUNDEVVS2-739577851
2372682,2.08,F,VVS2,Ideal,394,https://www.luvansh.com/product/2372682/igi-certified-2-08-f-vvs2-round-lab-created-diamond-r,https://api.igi.org/viewpdf.php?r=LG763661307,NONE,Excellent,Excellent,58.00%,61.60%,1,8.2 - 8.16 x 5.04 mm,LV-ROUNDFVVS2-763661307
2372771,2.07,F,VVS2,Ideal,394,https://www.luvansh.com/product/2372771/igi-certified-2-07-f-vvs2-round-lab-created-diamond-r,https://api.igi.org/viewpdf.php?r=LG763610514,NONE,Excellent,Excellent,57.00%,61.30%,1.01,8.21 - 8.15 x 5.01 mm,LV-ROUNDFVVS2-763610514
2412578,2.04,E,VVS2,Ideal,394,https://www.luvansh.com/product/2412578/igi-certified-2-04-e-vvs2-round-lab-created-diamond-r,https://api.igi.org/viewpdf.php?r=LG754517382,NONE,Excellent,Excellent,58.00%,61.20%,1,8.12 - 8.16 x 4.98 mm,LV-ROUNDEVVS2-754517382
2412205,2.05,E,VVS2,Ideal,394,https://www.luvansh.com/product/2412205/igi-certified-2-05-e-vvs2-round-lab-created-diamond-r,https://api.igi.org/viewpdf.php?r=LG749574097,NONE,Excellent,Excellent,57.00%,62.10%,1,8.08 - 8.12 x 5.03 mm,LV-ROUNDEVVS2-749574097
2412869,2.06,E,VVS2,Ideal,394,https://www.luvansh.com/product/2412869/igi-certified-2-06-e-vvs2-round-lab-created-diamond-r,https://api.igi.org/viewpdf.php?r=LG756579788,NONE,Excellent,Excellent,57.00%,61.20%,1,8.18 - 8.21 x 5.02 mm,LV-ROUNDEVVS2-756579788
2310975,2.04,F,VVS2,Ideal,394,https://www.luvansh.com/product/2310975/igi-certified-2-04-f-vvs2-round-lab-created-diamond-r,https://api.igi.org/viewpdf.php?r=LG758549959,NONE,Excellent,Excellent,57.00%,61.80%,1,8.11 - 8.15 x 5.02 mm,LV-ROUNDFVVS2-758549959
2432545,2.05,E,VVS2,Ideal,394,https://www.luvansh.com/product/2432545/igi-certified-2-05-e-vvs2-round-lab-created-diamond-r,https://api.igi.org/viewpdf.php?r=LG739577838,NONE,Excellent,Excellent,58.00%,61.30%,1,8.18 - 8.14 x 5 mm,LV-ROUNDEVVS2-739577838
2432547,2.05,E,VVS2,Ideal,394,https://www.luvansh.com/product/2432547/igi-certified-2-05-e-vvs2-round-lab-created-diamond-r,https://api.igi.org/viewpdf.php?r=LG739577851,NONE,Excellent,Excellent,56.00%,61.40%,1,8.2 - 8.17 x 5.03 mm,LV-ROUNDEVVS2-739577851
2432548,2.05,E,VVS2,Ideal,394,https://www.luvansh.com/product/2432548/igi-certified-2-05-e-vvs2-round-lab-created-diamond-r,https://api.igi.org/viewpdf.php?r=LG739577852,NONE,Excellent,Excellent,57.00%,61.10%,1,8.21 - 8.2 x 5.02 mm,LV-ROUNDEVVS2-739577852
2432549,2.05,E,VVS2,Ideal,394,https://www.luvansh.com/product/2432549/igi-certified-2-05-e-vvs2-round-lab-created-diamond-r,https://api.igi.org/viewpdf.php?r=LG739578083,NONE,Excellent,Excellent,58.00%,61.80%,1,8.15 - 8.11 x 5.02 mm,LV-ROUNDEVVS2-739578083
2432550,2.04,E,VVS2,Ideal,394,https://www.luvansh.com/product/2432550/igi-certified-2-04-e-vvs2-round-lab-created-diamond-r,https://api.igi.org/viewpdf.php?r=LG739577800,NONE,Excellent,Excellent,56.00%,61.10%,1.01,8.21 - 8.15 x 5 mm,LV-ROUNDEVVS2-739577800
2432552,2.04,E,VVS2,Ideal,394,https://www.luvansh.com/product/2432552/igi-certified-2-04-e-vvs2-round-lab-created-diamond-r,https://api.igi.org/viewpdf.php?r=LG739578077,NONE,Excellent,Excellent,57.00%,61.00%,1,8.18 - 8.14 x 4.98 mm,LV-ROUNDEVVS2-739578077
2432582,2.04,E,VVS2,Ideal,394,https://www.luvansh.com/product/2432582/igi-certified-2-04-e-vvs2-round-lab-created-diamond-r,https://api.igi.org/viewpdf.php?r=LG762576280,NONE,Excellent,Excellent,58.00%,61.20%,1,8.12 - 8.15 x 4.98 mm,LV-ROUNDEVVS2-762576280
2435209,2.08,F,VVS2,Ideal,394,https://www.luvansh.com/product/2435209/igi-certified-2-08-f-vvs2-round-lab-created-diamond-r,https://api.igi.org/viewpdf.php?r=LG725509137,NONE,Excellent,Excellent,58.00%,62.00%,1.01,8.18 - 8.13 x 5.05 mm,LV-ROUNDFVVS2-725509137
2435504,2.08,F,VVS2,Ideal,394,https://www.luvansh.com/product/2435504/igi-certified-2-08-f-vvs2-round-lab-created-diamond-r,https://api.igi.org/viewpdf.php?r=LG762577807,NONE,Excellent,Excellent,58.00%,62.10%,1,8.17 - 8.13 x 5.06 mm,LV-ROUNDFVVS2-762577807
2435516,2.06,F,VVS2,Ideal,394,https://www.luvansh.com/product/2435516/igi-certified-2-06-f-vvs2-round-lab-created-diamond-r,https://api.igi.org/viewpdf.php?r=LG764679197,NONE,Excellent,Excellent,58.00%,62.10%,1,8.15 - 8.11 x 5.05 mm,LV-ROUNDFVVS2-764679197
2436490,2.06,F,VVS2,Ideal,394,https://www.luvansh.com/product/2436490/igi-certified-2-06-f-vvs2-round-lab-created-diamond-r,https://api.igi.org/viewpdf.php?r=LG769672215,NONE,Excellent,Excellent,57.00%,61.60%,1,8.17 - 8.14 x 5.02 mm,LV-ROUNDFVVS2-769672215
2436167,2.07,F,VVS2,Ideal,394,https://www.luvansh.com/product/2436167/igi-certified-2-07-f-vvs2-round-lab-created-diamond-r,https://api.igi.org/viewpdf.php?r=LG769657515,NONE,Excellent,Excellent,57.00%,62.10%,1.01,8.18 - 8.11 x 5.06 mm,LV-ROUNDFVVS2-769657515
2436169,2.07,F,VVS2,Ideal,394,https://www.luvansh.com/product/2436169/igi-certified-2-07-f-vvs2-round-lab-created-diamond-r,https://api.igi.org/viewpdf.php?r=LG769657342,NONE,Excellent,Excellent,58.00%,61.50%,1,8.2 - 8.16 x 5.03 mm,LV-ROUNDFVVS2-769657342
2435685,2.08,F,VVS2,Ideal,394,https://www.luvansh.com/product/2435685/igi-certified-2-08-f-vvs2-round-lab-created-diamond-r,https://api.igi.org/viewpdf.php?r=LG769672149,NONE,Excellent,Excellent,58.00%,61.20%,1,8.22 - 8.18 x 5.02 mm,LV-ROUNDFVVS2-769672149
2436863,2.08,F,VVS2,Ideal,394,https://www.luvansh.com/product/2436863/igi-certified-2-08-f-vvs2-round-lab-created-diamond-r,https://api.igi.org/viewpdf.php?r=LG769672147,NONE,Excellent,Excellent,58.00%,62.10%,1.01,8.17 - 8.12 x 5.06 mm,LV-ROUNDFVVS2-769672147
2436752,2.08,F,VVS2,Ideal,394,https://www.luvansh.com/product/2436752/igi-certified-2-08-f-vvs2-round-lab-created-diamond-r,https://api.igi.org/viewpdf.php?r=LG769657508,NONE,Excellent,Excellent,57.00%,61.60%,1,8.19 - 8.16 x 5.04 mm,LV-ROUNDFVVS2-769657508
2437014,2.08,F,VVS2,Ideal,394,https://www.luvansh.com/product/2437014/igi-certified-2-08-f-vvs2-round-lab-created-diamond-r,https://api.igi.org/viewpdf.php?r=LG769657492,NONE,Excellent,Excellent,57.00%,62.10%,1,8.16 - 8.13 x 5.06 mm,LV-ROUNDFVVS2-769657492
2198886,2.06,F,VVS2,Ideal,394,https://www.luvansh.com/product/2198886/igi-certified-2-06-f-vvs2-round-lab-created-diamond-r,https://api.igi.org/viewpdf.php?r=LG749539385,NONE,Excellent,Excellent,58.00%,61.60%,1,8.14 - 8.18 x 5.03 mm,LV-ROUNDFVVS2-LG749539385
2198887,2.06,F,VVS2,Ideal,394,https://www.luvansh.com/product/2198887/igi-certified-2-06-f-vvs2-round-lab-created-diamond-r,https://api.igi.org/viewpdf.php?r=LG749538983,NONE,Excellent,Excellent,57.00%,61.70%,1,8.15 - 8.19 x 5.04 mm,LV-ROUNDFVVS2-LG749538983
2104404,1.89,F,VVS2,Ideal,394,https://www.luvansh.com/product/2104404/igi-certified-1-89-f-vvs2-round-lab-created-diamond-r,https://api.igi.org/viewpdf.php?r=LG741541632,NONE,Excellent,Excellent,57.00%,61.50%,1.01,7.98 - 7.93 x 4.89 mm,LV-ROUNDFVVS2-741541632
2137964,1.91,F,VVS2,Ideal,390,https://www.luvansh.com/product/2137964/igi-certified-1-91-f-vvs2-round-lab-created-diamond-r,https://api.igi.org/viewpdf.php?r=LG544263349,NONE,Excellent,Excellent,57.00%,62.30%,1.01,7.91 - 7.85 x 4.91 mm,LV-ROUNDFVVS2-LG544263349
2137965,1.92,F,VVS2,Ideal,390,https://www.luvansh.com/product/2137965/igi-certified-1-92-f-vvs2-round-lab-created-diamond-r,https://api.igi.org/viewpdf.php?r=LG547258341,NONE,Excellent,Excellent,57.50%,62.30%,1.01,7.94 - 7.9 x 4.93 mm,LV-ROUNDFVVS2-LG547258341
2412756,2.02,E,VVS2,Ideal,390,https://www.luvansh.com/product/2412756/igi-certified-2-02-e-vvs2-round-lab-created-diamond-r,https://api.igi.org/viewpdf.php?r=LG756580807,NONE,Excellent,Excellent,58.00%,61.80%,1,8.09 - 8.13 x 5.01 mm,LV-ROUNDEVVS2-756580807
2413089,2.06,F,VVS2,Ideal,390,https://www.luvansh.com/product/2413089/igi-certified-2-06-f-vvs2-round-lab-created-diamond-r,https://api.igi.org/viewpdf.php?r=LG756579833,NONE,Excellent,Excellent,56.00%,61.80%,1,8.14 - 8.17 x 5.04 mm,LV-ROUNDFVVS2-756579833
2424138,2.09,D,VVS2,Ideal,390,https://www.luvansh.com/product/2424138/igi-certified-2-09-d-vvs2-round-lab-created-diamond-r,https://api.igi.org/viewpdf.php?r=LG726535909,NONE,Excellent,Excellent,58.00%,61.60%,1,8.16 - 8.19 x 5.04 mm,LV-ROUNDDVVS2-726535909
2418952,1.89,F,VVS2,Ideal,390,https://www.luvansh.com/product/2418952/igi-certified-1-89-f-vvs2-round-lab-created-diamond-r,https://api.igi.org/viewpdf.php?r=LG726561636,NONE,Excellent,Excellent,58.00%,62.00%,1.01,7.9 - 7.85 x 4.88 mm,LV-ROUNDFVVS2-726561636
2380235,2.05,E,VVS2,Ideal,390,https://www.luvansh.com/product/2380235/igi-certified-2-05-e-vvs2-round-lab-created-diamond-r,https://api.igi.org/viewpdf.php?r=LG762518571,NONE,Excellent,Excellent,58.00%,61.10%,1,8.19 - 8.22 x 5.01 mm,LV-ROUNDEVVS2-LG762518571
2380258,2.05,E,VVS2,Ideal,390,https://www.luvansh.com/product/2380258/igi-certified-2-05-e-vvs2-round-lab-created-diamond-r,https://api.igi.org/viewpdf.php?r=LG763601042,NONE,Excellent,Excellent,58.00%,61.50%,1,8.14 - 8.17 x 5.01 mm,LV-ROUNDEVVS2-LG763601042
2377978,2.03,E,VVS2,Ideal,390,https://www.luvansh.com/product/2377978/igi-certified-2-03-e-vvs2-round-lab-created-diamond-r,https://api.igi.org/viewpdf.php?r=LG756526268,NONE,Excellent,Excellent,58.00%,62.10%,1,8.07 - 8.08 x 5.02 mm,LV-ROUNDEVVS2-LG756526268
2378017,2.03,F,VVS2,Ideal,390,https://www.luvansh.com/product/2378017/igi-certified-2-03-f-vvs2-round-lab-created-diamond-r,https://api.igi.org/viewpdf.php?r=LG763612815,NONE,Excellent,Excellent,58.00%,62.20%,1,8.04 - 8.07 x 5.01 mm,LV-ROUNDFVVS2-LG763612815
2439918,2.03,E,VVS1,Ideal,390,https://www.luvansh.com/product/2439918/igi-certified-2-03-e-vvs1-round-lab-created-diamond-r,https://api.igi.org/viewpdf.php?r=LG747510965,NONE,Excellent,Excellent,56.00%,62.20%,1,8.07 - 8.11 x 5.03 mm,LV-ROUNDEVVS1-747510965
2440227,2.03,E,VVS1,Ideal,390,https://www.luvansh.com/product/2440227/igi-certified-2-03-e-vvs1-round-lab-created-diamond-r,https://api.igi.org/viewpdf.php?r=LG756575735,NONE,Excellent,Excellent,58.00%,62.10%,1,8.05 - 8.08 x 5.01 mm,LV-ROUNDEVVS1-756575735
2440230,2.02,E,VVS1,Ideal,390,https://www.luvansh.com/product/2440230/igi-certified-2-02-e-vvs1-round-lab-created-diamond-r,https://api.igi.org/viewpdf.php?r=LG756576371,NONE,Excellent,Excellent,58.00%,62.00%,1,8.07 - 8.1 x 5.01 mm,LV-ROUNDEVVS1-756576371
2450868,2.01,E,VVS2,Ideal,390,https://www.luvansh.com/product/2450868/igi-certified-2-01-e-vvs2-round-lab-created-diamond-r,https://api.igi.org/viewpdf.php?r=LG758512520,NONE,Excellent,Excellent,57.00%,61.90%,1,8.06 - 8.1 x 5 mm,LV-ROUNDEVVS2-758512520
2450099,2.03,E,VVS2,Ideal,390,https://www.luvansh.com/product/2450099/igi-certified-2-03-e-vvs2-round-lab-created-diamond-r,https://api.igi.org/viewpdf.php?r=LG758512539,NONE,Excellent,Excellent,57.00%,61.00%,1,8.13 - 8.15 x 4.97 mm,LV-ROUNDEVVS2-758512539
2435623,2.03,F,VVS2,Ideal,390,https://www.luvansh.com/product/2435623/igi-certified-2-03-f-vvs2-round-lab-created-diamond-r,https://api.igi.org/viewpdf.php?r=LG769672197,NONE,Excellent,Excellent,57.00%,62.30%,1,8.09 - 8.06 x 5.03 mm,LV-ROUNDFVVS2-769672197
2435583,2.05,F,VVS2,Ideal,390,https://www.luvansh.com/product/2435583/igi-certified-2-05-f-vvs2-round-lab-created-diamond-r,https://api.igi.org/viewpdf.php?r=LG769672290,NONE,Excellent,Excellent,58.00%,62.00%,1,8.12 - 8.09 x 5.02 mm,LV-ROUNDFVVS2-769672290
2435461,2.04,F,VVS2,Ideal,390,https://www.luvansh.com/product/2435461/igi-certified-2-04-f-vvs2-round-lab-created-diamond-r,https://api.igi.org/viewpdf.php?r=LG764626126,NONE,Excellent,Excellent,58.00%,61.90%,1.01,8.13 - 8.08 x 5.01 mm,LV-ROUNDFVVS2-764626126
2435543,2.05,F,VVS2,Ideal,390,https://www.luvansh.com/product/2435543/igi-certified-2-05-f-vvs2-round-lab-created-diamond-r,https://api.igi.org/viewpdf.php?r=LG765614237,NONE,Excellent,Excellent,58.00%,62.10%,1,8.12 - 8.09 x 5.03 mm,LV-ROUNDFVVS2-765614237
2432555,2.03,E,VVS2,Ideal,390,https://www.luvansh.com/product/2432555/igi-certified-2-03-e-vvs2-round-lab-created-diamond-r,https://api.igi.org/viewpdf.php?r=LG739577809,NONE,Excellent,Excellent,57.00%,61.60%,1,8.13 - 8.11 x 5 mm,LV-ROUNDEVVS2-739577809
2432556,2.03,E,VVS2,Ideal,390,https://www.luvansh.com/product/2432556/igi-certified-2-03-e-vvs2-round-lab-created-diamond-r,https://api.igi.org/viewpdf.php?r=LG739578065,NONE,Excellent,Excellent,56.00%,61.10%,1.01,8.2 - 8.14 x 4.99 mm,LV-ROUNDEVVS2-739578065
2436889,2.03,F,VVS2,Ideal,390,https://www.luvansh.com/product/2436889/igi-certified-2-03-f-vvs2-round-lab-created-diamond-r,https://api.igi.org/viewpdf.php?r=LG769657542,NONE,Excellent,Excellent,57.00%,61.70%,1.01,8.15 - 8.09 x 5 mm,LV-ROUNDFVVS2-769657542
2437035,2.05,F,VVS2,Ideal,390,https://www.luvansh.com/product/2437035/igi-certified-2-05-f-vvs2-round-lab-created-diamond-r,https://api.igi.org/viewpdf.php?r=LG769657586,NONE,Excellent,Excellent,58.00%,61.50%,1.01,8.17 - 8.12 x 5.01 mm,LV-ROUNDFVVS2-769657586
2436531,2.04,F,VVS2,Ideal,390,https://www.luvansh.com/product/2436531/igi-certified-2-04-f-vvs2-round-lab-created-diamond-r,https://api.igi.org/viewpdf.php?r=LG769672133,NONE,Excellent,Excellent,58.00%,62.10%,1,8.08 - 8.05 x 5.01 mm,LV-ROUNDFVVS2-769672133
2436658,2.05,F,VVS2,Ideal,390,https://www.luvansh.com/product/2436658/igi-certified-2-05-f-vvs2-round-lab-created-diamond-r,https://api.igi.org/viewpdf.php?r=LG769672139,NONE,Excellent,Excellent,58.00%,61.30%,1,8.15 - 8.11 x 4.98 mm,LV-ROUNDFVVS2-769672139
2436056,2.05,F,VVS2,Ideal,390,https://www.luvansh.com/product/2436056/igi-certified-2-05-f-vvs2-round-lab-created-diamond-r,https://api.igi.org/viewpdf.php?r=LG769657308,NONE,Excellent,Excellent,57.00%,62.30%,1.01,8.16 - 8.09 x 5.06 mm,LV-ROUNDFVVS2-769657308
2436057,2.04,F,VVS2,Ideal,390,https://www.luvansh.com/product/2436057/igi-certified-2-04-f-vvs2-round-lab-created-diamond-r,https://api.igi.org/viewpdf.php?r=LG769672320,NONE,Excellent,Excellent,58.00%,61.90%,1.01,8.14 - 8.07 x 5.02 mm,LV-ROUNDFVVS2-769672320
2436170,2.03,F,VVS2,Ideal,390,https://www.luvansh.com/product/2436170/igi-certified-2-03-f-vvs2-round-lab-created-diamond-r,https://api.igi.org/viewpdf.php?r=LG769657356,NONE,Excellent,Excellent,58.00%,61.60%,1.01,8.14 - 8.09 x 5 mm,LV-ROUNDFVVS2-769657356
2436168,2.04,F,VVS2,Ideal,390,https://www.luvansh.com/product/2436168/igi-certified-2-04-f-vvs2-round-lab-created-diamond-r,https://api.igi.org/viewpdf.php?r=LG769612158,NONE,Excellent,Excellent,58.00%,61.30%,1.01,8.19 - 8.1 x 4.99 mm,LV-ROUNDFVVS2-769612158
2437116,2.04,F,VVS2,Ideal,390,https://www.luvansh.com/product/2437116/igi-certified-2-04-f-vvs2-round-lab-created-diamond-r,https://api.igi.org/viewpdf.php?r=LG769611702,NONE,Excellent,Excellent,58.00%,61.50%,1,8.14 - 8.1 x 4.99 mm,LV-ROUNDFVVS2-769611702
2437171,2.04,F,VVS2,Ideal,390,https://www.luvansh.com/product/2437171/igi-certified-2-04-f-vvs2-round-lab-created-diamond-r,https://api.igi.org/viewpdf.php?r=LG769670968,NONE,Excellent,Excellent,58.00%,61.50%,1.01,8.16 - 8.1 x 5 mm,LV-ROUNDFVVS2-769670968
2437192,2.03,F,VVS2,Ideal,390,https://www.luvansh.com/product/2437192/igi-certified-2-03-f-vvs2-round-lab-created-diamond-r,https://api.igi.org/viewpdf.php?r=LG769612167,NONE,Excellent,Excellent,57.00%,62.20%,1,8.12 - 8.08 x 5.04 mm,LV-ROUNDFVVS2-769612167
2137964,1.91,F,VVS2,Ideal,390,https://www.luvansh.com/product/2137964/igi-certified-1-91-f-vvs2-round-lab-created-diamond-r,https://api.igi.org/viewpdf.php?r=LG544263349,NONE,Excellent,Excellent,57.00%,62.30%,1.01,7.91 - 7.85 x 4.91 mm,LV-ROUNDFVVS2-LG544263349
2137965,1.92,F,VVS2,Ideal,390,https://www.luvansh.com/product/2137965/igi-certified-1-92-f-vvs2-round-lab-created-diamond-r,https://api.igi.org/viewpdf.php?r=LG547258341,NONE,Excellent,Excellent,57.50%,62.30%,1.01,7.94 - 7.9 x 4.93 mm,LV-ROUNDFVVS2-LG547258341
2412756,2.02,E,VVS2,Ideal,390,https://www.luvansh.com/product/2412756/igi-certified-2-02-e-vvs2-round-lab-created-diamond-r,https://api.igi.org/viewpdf.php?r=LG756580807,NONE,Excellent,Excellent,58.00%,61.80%,1,8.09 - 8.13 x 5.01 mm,LV-ROUNDEVVS2-756580807
2413089,2.06,F,VVS2,Ideal,390,https://www.luvansh.com/product/2413089/igi-certified-2-06-f-vvs2-round-lab-created-diamond-r,https://api.igi.org/viewpdf.php?r=LG756579833,NONE,Excellent,Excellent,56.00%,61.80%,1,8.14 - 8.17 x 5.04 mm,LV-ROUNDFVVS2-756579833
2424138,2.09,D,VVS2,Ideal,390,https://www.luvansh.com/product/2424138/igi-certified-2-09-d-vvs2-round-lab-created-diamond-r,https://api.igi.org/viewpdf.php?r=LG726535909,NONE,Excellent,Excellent,58.00%,61.60%,1,8.16 - 8.19 x 5.04 mm,LV-ROUNDDVVS2-726535909
2418952,1.89,F,VVS2,Ideal,390,https://www.luvansh.com/product/2418952/igi-certified-1-89-f-vvs2-round-lab-created-diamond-r,https://api.igi.org/viewpdf.php?r=LG726561636,NONE,Excellent,Excellent,58.00%,62.00%,1.01,7.9 - 7.85 x 4.88 mm,LV-ROUNDFVVS2-726561636
2380235,2.05,E,VVS2,Ideal,390,https://www.luvansh.com/product/2380235/igi-certified-2-05-e-vvs2-round-lab-created-diamond-r,https://api.igi.org/viewpdf.php?r=LG762518571,NONE,Excellent,Excellent,58.00%,61.10%,1,8.19 - 8.22 x 5.01 mm,LV-ROUNDEVVS2-LG762518571
2380258,2.05,E,VVS2,Ideal,390,https://www.luvansh.com/product/2380258/igi-certified-2-05-e-vvs2-round-lab-created-diamond-r,https://api.igi.org/viewpdf.php?r=LG763601042,NONE,Excellent,Excellent,58.00%,61.50%,1,8.14 - 8.17 x 5.01 mm,LV-ROUNDEVVS2-LG763601042
2377978,2.03,E,VVS2,Ideal,390,https://www.luvansh.com/product/2377978/igi-certified-2-03-e-vvs2-round-lab-created-diamond-r,https://api.igi.org/viewpdf.php?r=LG756526268,NONE,Excellent,Excellent,58.00%,62.10%,1,8.07 - 8.08 x 5.02 mm,LV-ROUNDEVVS2-LG756526268
2378017,2.03,F,VVS2,Ideal,390,https://www.luvansh.com/product/2378017/igi-certified-2-03-f-vvs2-round-lab-created-diamond-r,https://api.igi.org/viewpdf.php?r=LG763612815,NONE,Excellent,Excellent,58.00%,62.20%,1,8.04 - 8.07 x 5.01 mm,LV-ROUNDFVVS2-LG763612815
2439918,2.03,E,VVS1,Ideal,390,https://www.luvansh.com/product/2439918/igi-certified-2-03-e-vvs1-round-lab-created-diamond-r,https://api.igi.org/viewpdf.php?r=LG747510965,NONE,Excellent,Excellent,56.00%,62.20%,1,8.07 - 8.11 x 5.03 mm,LV-ROUNDEVVS1-747510965
2440227,2.03,E,VVS1,Ideal,390,https://www.luvansh.com/product/2440227/igi-certified-2-03-e-vvs1-round-lab-created-diamond-r,https://api.igi.org/viewpdf.php?r=LG756575735,NONE,Excellent,Excellent,58.00%,62.10%,1,8.05 - 8.08 x 5.01 mm,LV-ROUNDEVVS1-756575735
2440230,2.02,E,VVS1,Ideal,390,https://www.luvansh.com/product/2440230/igi-certified-2-02-e-vvs1-round-lab-created-diamond-r,https://api.igi.org/viewpdf.php?r=LG756576371,NONE,Excellent,Excellent,58.00%,62.00%,1,8.07 - 8.1 x 5.01 mm,LV-ROUNDEVVS1-756576371
2450868,2.01,E,VVS2,Ideal,390,https://www.luvansh.com/product/2450868/igi-certified-2-01-e-vvs2-round-lab-created-diamond-r,https://api.igi.org/viewpdf.php?r=LG758512520,NONE,Excellent,Excellent,57.00%,61.90%,1,8.06 - 8.1 x 5 mm,LV-ROUNDEVVS2-758512520
2450099,2.03,E,VVS2,Ideal,390,https://www.luvansh.com/product/2450099/igi-certified-2-03-e-vvs2-round-lab-created-diamond-r,https://api.igi.org/viewpdf.php?r=LG758512539,NONE,Excellent,Excellent,57.00%,61.00%,1,8.13 - 8.15 x 4.97 mm,LV-ROUNDEVVS2-758512539
2435623,2.03,F,VVS2,Ideal,390,https://www.luvansh.com/product/2435623/igi-certified-2-03-f-vvs2-round-lab-created-diamond-r,https://api.igi.org/viewpdf.php?r=LG769672197,NONE,Excellent,Excellent,57.00%,62.30%,1,8.09 - 8.06 x 5.03 mm,LV-ROUNDFVVS2-769672197
2435583,2.05,F,VVS2,Ideal,390,https://www.luvansh.com/product/2435583/igi-certified-2-05-f-vvs2-round-lab-created-diamond-r,https://api.igi.org/viewpdf.php?r=LG769672290,NONE,Excellent,Excellent,58.00%,62.00%,1,8.12 - 8.09 x 5.02 mm,LV-ROUNDFVVS2-769672290
2435461,2.04,F,VVS2,Ideal,390,https://www.luvansh.com/product/2435461/igi-certified-2-04-f-vvs2-round-lab-created-diamond-r,https://api.igi.org/viewpdf.php?r=LG764626126,NONE,Excellent,Excellent,58.00%,61.90%,1.01,8.13 - 8.08 x 5.01 mm,LV-ROUNDFVVS2-764626126
2435543,2.05,F,VVS2,Ideal,390,https://www.luvansh.com/product/2435543/igi-certified-2-05-f-vvs2-round-lab-created-diamond-r,https://api.igi.org/viewpdf.php?r=LG765614237,NONE,Excellent,Excellent,58.00%,62.10%,1,8.12 - 8.09 x 5.03 mm,LV-ROUNDFVVS2-765614237
2432555,2.03,E,VVS2,Ideal,390,https://www.luvansh.com/product/2432555/igi-certified-2-03-e-vvs2-round-lab-created-diamond-r,https://api.igi.org/viewpdf.php?r=LG739577809,NONE,Excellent,Excellent,57.00%,61.60%,1,8.13 - 8.11 x 5 mm,LV-ROUNDEVVS2-739577809
2432556,2.03,E,VVS2,Ideal,390,https://www.luvansh.com/product/2432556/igi-certified-2-03-e-vvs2-round-lab-created-diamond-r,https://api.igi.org/viewpdf.php?r=LG739578065,NONE,Excellent,Excellent,56.00%,61.10%,1.01,8.2 - 8.14 x 4.99 mm,LV-ROUNDEVVS2-739578065
2436889,2.03,F,VVS2,Ideal,390,https://www.luvansh.com/product/2436889/igi-certified-2-03-f-vvs2-round-lab-created-diamond-r,https://api.igi.org/viewpdf.php?r=LG769657542,NONE,Excellent,Excellent,57.00%,61.70%,1.01,8.15 - 8.09 x 5 mm,LV-ROUNDFVVS2-769657542
2437035,2.05,F,VVS2,Ideal,390,https://www.luvansh.com/product/2437035/igi-certified-2-05-f-vvs2-round-lab-created-diamond-r,https://api.igi.org/viewpdf.php?r=LG769657586,NONE,Excellent,Excellent,58.00%,61.50%,1.01,8.17 - 8.12 x 5.01 mm,LV-ROUNDFVVS2-769657586
2436531,2.04,F,VVS2,Ideal,390,https://www.luvansh.com/product/2436531/igi-certified-2-04-f-vvs2-round-lab-created-diamond-r,https://api.igi.org/viewpdf.php?r=LG769672133,NONE,Excellent,Excellent,58.00%,62.10%,1,8.08 - 8.05 x 5.01 mm,LV-ROUNDFVVS2-769672133
2436658,2.05,F,VVS2,Ideal,390,https://www.luvansh.com/product/2436658/igi-certified-2-05-f-vvs2-round-lab-created-diamond-r,https://api.igi.org/viewpdf.php?r=LG769672139,NONE,Excellent,Excellent,58.00%,61.30%,1,8.15 - 8.11 x 4.98 mm,LV-ROUNDFVVS2-769672139
2436056,2.05,F,VVS2,Ideal,390,https://www.luvansh.com/product/2436056/igi-certified-2-05-f-vvs2-round-lab-created-diamond-r,https://api.igi.org/viewpdf.php?r=LG769657308,NONE,Excellent,Excellent,57.00%,62.30%,1.01,8.16 - 8.09 x 5.06 mm,LV-ROUNDFVVS2-769657308
2436057,2.04,F,VVS2,Ideal,390,https://www.luvansh.com/product/2436057/igi-certified-2-04-f-vvs2-round-lab-created-diamond-r,https://api.igi.org/viewpdf.php?r=LG769672320,NONE,Excellent,Excellent,58.00%,61.90%,1.01,8.14 - 8.07 x 5.02 mm,LV-ROUNDFVVS2-769672320
2436170,2.03,F,VVS2,Ideal,390,https://www.luvansh.com/product/2436170/igi-certified-2-03-f-vvs2-round-lab-created-diamond-r,https://api.igi.org/viewpdf.php?r=LG769657356,NONE,Excellent,Excellent,58.00%,61.60%,1.01,8.14 - 8.09 x 5 mm,LV-ROUNDFVVS2-769657356
2436168,2.04,F,VVS2,Ideal,390,https://www.luvansh.com/product/2436168/igi-certified-2-04-f-vvs2-round-lab-created-diamond-r,https://api.igi.org/viewpdf.php?r=LG769612158,NONE,Excellent,Excellent,58.00%,61.30%,1.01,8.19 - 8.1 x 4.99 mm,LV-ROUNDFVVS2-769612158
2437116,2.04,F,VVS2,Ideal,390,https://www.luvansh.com/product/2437116/igi-certified-2-04-f-vvs2-round-lab-created-diamond-r,https://api.igi.org/viewpdf.php?r=LG769611702,NONE,Excellent,Excellent,58.00%,61.50%,1,8.14 - 8.1 x 4.99 mm,LV-ROUNDFVVS2-769611702
2437171,2.04,F,VVS2,Ideal,390,https://www.luvansh.com/product/2437171/igi-certified-2-04-f-vvs2-round-lab-created-diamond-r,https://api.igi.org/viewpdf.php?r=LG769670968,NONE,Excellent,Excellent,58.00%,61.50%,1.01,8.16 - 8.1 x 5 mm,LV-ROUNDFVVS2-769670968
2437192,2.03,F,VVS2,Ideal,390,https://www.luvansh.com/product/2437192/igi-certified-2-03-f-vvs2-round-lab-created-diamond-r,https://api.igi.org/viewpdf.php?r=LG769612167,NONE,Excellent,Excellent,57.00%,62.20%,1,8.12 - 8.08 x 5.04 mm,LV-ROUNDFVVS2-769612167
2435712,2.02,F,VVS2,Ideal,384,https://www.luvansh.com/product/2435712/igi-certified-2-02-f-vvs2-round-lab-created-diamond-r,https://api.igi.org/viewpdf.php?r=LG769672182,NONE,Excellent,Excellent,57.00%,61.60%,1,8.15 - 8.11 x 5.01 mm,LV-ROUNDFVVS2-769672182
2435843,2.01,F,VVS2,Ideal,384,https://www.luvansh.com/product/2435843/igi-certified-2-01-f-vvs2-round-lab-created-diamond-r,https://api.igi.org/viewpdf.php?r=LG769672304,NONE,Excellent,Excellent,56.00%,61.70%,1.01,8.15 - 8.08 x 5 mm,LV-ROUNDFVVS2-769672304
2352161,2.08,D,VVS2,Ideal,384,https://www.luvansh.com/product/2352161/igi-certified-2-08-d-vvs2-round-lab-created-diamond-r,https://api.igi.org/viewpdf.php?r=LG754592043,NONE,Excellent,Excellent,58.00%,61.10%,1,8.19 - 8.22 x 5.01 mm,LV-ROUNDDVVS2-754592043
2398295,2.09,E,VVS2,Ideal,384,https://www.luvansh.com/product/2398295/igi-certified-2-09-e-vvs2-round-lab-created-diamond-r,https://api.igi.org/viewpdf.php?r=LG764622393,NONE,Excellent,Excellent,58.00%,61.30%,1,8.22 - 8.25 x 5.04 mm,LV-ROUNDEVVS2-LG764622393
2397960,2.1,E,VVS2,Ideal,384,https://www.luvansh.com/product/2397960/igi-certified-2-1-e-vvs2-round-lab-created-diamond-r,https://api.igi.org/viewpdf.php?r=LG757542391,NONE,Excellent,Excellent,58.00%,61.30%,1,8.19 - 8.23 x 5.04 mm,LV-ROUNDEVVS2-LG757542391
2419026,2.16,F,VVS2,Ideal,384,https://www.luvansh.com/product/2419026/igi-certified-2-16-f-vvs2-round-lab-created-diamond-r,https://api.igi.org/viewpdf.php?r=LG728523557,NONE,Excellent,Excellent,56.00%,62.10%,1,8.28 - 8.24 x 5.13 mm,LV-ROUNDFVVS2-728523557
2418978,2.15,E,VVS2,Ideal,384,https://www.luvansh.com/product/2418978/igi-certified-2-15-e-vvs2-round-lab-created-diamond-r,https://api.igi.org/viewpdf.php?r=LG728523291,NONE,Excellent,Excellent,54.00%,62.10%,1,8.3 - 8.27 x 5.15 mm,LV-ROUNDEVVS2-728523291
2418956,2.16,F,VVS2,Ideal,384,https://www.luvansh.com/product/2418956/igi-certified-2-16-f-vvs2-round-lab-created-diamond-r,https://api.igi.org/viewpdf.php?r=LG728520728,NONE,Excellent,Excellent,57.00%,62.20%,1,8.27 - 8.25 x 5.14 mm,LV-ROUNDFVVS2-728520728
2418963,2.15,E,VVS2,Ideal,384,https://www.luvansh.com/product/2418963/igi-certified-2-15-e-vvs2-round-lab-created-diamond-r,https://api.igi.org/viewpdf.php?r=LG728523290,NONE,Excellent,Excellent,56.00%,62.30%,1,8.23 - 8.19 x 5.12 mm,LV-ROUNDEVVS2-728523290
2424325,2.1,E,VVS2,Ideal,384,https://www.luvansh.com/product/2424325/igi-certified-2-1-e-vvs2-round-lab-created-diamond-r,https://api.igi.org/viewpdf.php?r=LG764622488,NONE,Excellent,Excellent,57.00%,61.80%,1,8.19 - 8.23 x 5.07 mm,LV-ROUNDEVVS2-LG764622488
2413050,2,E,VVS2,Ideal,384,https://www.luvansh.com/product/2413050/igi-certified-2-0-e-vvs2-round-lab-created-diamond-r,https://api.igi.org/viewpdf.php?r=LG756580718,NONE,Excellent,Excellent,54.00%,62.00%,1,8.08 - 8.11 x 5.02 mm,LV-ROUNDEVVS2-756580718
2175873,2.07,F,VVS2,Ideal,384,https://www.luvansh.com/product/2175873/igi-certified-2-07-f-vvs2-round-lab-created-diamond-r,https://api.igi.org/viewpdf.php?r=LG758580832,NONE,Excellent,Excellent,57.00%,62.10%,1,8.13 - 8.16 x 5.06 mm,LV-ROUNDFVVS2-LG758580832
2175874,2.07,F,VVS2,Ideal,384,https://www.luvansh.com/product/2175874/igi-certified-2-07-f-vvs2-round-lab-created-diamond-r,https://api.igi.org/viewpdf.php?r=LG758559479,NONE,Excellent,Excellent,57.00%,62.30%,1,8.1 - 8.14 x 5.06 mm,LV-ROUNDFVVS2-LG758559479
1974865,2.07,F,VVS2,Ideal,384,https://www.luvansh.com/product/1974865/igi-certified-2-07-f-vvs2-round-lab-created-diamond-r,https://api.igi.org/viewpdf.php?r=LG719571678,NONE,Excellent,Excellent,58.00%,62.30%,1,8.1 - 8.13 x 5.06 mm,LV-ROUNDFVVS2-LG719571678
2091695,2,E,VVS2,Ideal,384,https://www.luvansh.com/product/2091695/igi-certified-2-0-e-vvs2-round-lab-created-diamond-r,https://api.igi.org/viewpdf.php?r=LG737599802,NONE,Excellent,Excellent,56.00%,61.40%,1,8.12 - 8.08 x 4.98 mm,LV-ROUNDEVVS2-737599802
2435712,2.02,F,VVS2,Ideal,384,https://www.luvansh.com/product/2435712/igi-certified-2-02-f-vvs2-round-lab-created-diamond-r,https://api.igi.org/viewpdf.php?r=LG769672182,NONE,Excellent,Excellent,57.00%,61.60%,1,8.15 - 8.11 x 5.01 mm,LV-ROUNDFVVS2-769672182
2435843,2.01,F,VVS2,Ideal,384,https://www.luvansh.com/product/2435843/igi-certified-2-01-f-vvs2-round-lab-created-diamond-r,https://api.igi.org/viewpdf.php?r=LG769672304,NONE,Excellent,Excellent,56.00%,61.70%,1.01,8.15 - 8.08 x 5 mm,LV-ROUNDFVVS2-769672304
2352161,2.08,D,VVS2,Ideal,384,https://www.luvansh.com/product/2352161/igi-certified-2-08-d-vvs2-round-lab-created-diamond-r,https://api.igi.org/viewpdf.php?r=LG754592043,NONE,Excellent,Excellent,58.00%,61.10%,1,8.19 - 8.22 x 5.01 mm,LV-ROUNDDVVS2-754592043
2398295,2.09,E,VVS2,Ideal,384,https://www.luvansh.com/product/2398295/igi-certified-2-09-e-vvs2-round-lab-created-diamond-r,https://api.igi.org/viewpdf.php?r=LG764622393,NONE,Excellent,Excellent,58.00%,61.30%,1,8.22 - 8.25 x 5.04 mm,LV-ROUNDEVVS2-LG764622393
2397960,2.1,E,VVS2,Ideal,384,https://www.luvansh.com/product/2397960/igi-certified-2-1-e-vvs2-round-lab-created-diamond-r,https://api.igi.org/viewpdf.php?r=LG757542391,NONE,Excellent,Excellent,58.00%,61.30%,1,8.19 - 8.23 x 5.04 mm,LV-ROUNDEVVS2-LG757542391
2419026,2.16,F,VVS2,Ideal,384,https://www.luvansh.com/product/2419026/igi-certified-2-16-f-vvs2-round-lab-created-diamond-r,https://api.igi.org/viewpdf.php?r=LG728523557,NONE,Excellent,Excellent,56.00%,62.10%,1,8.28 - 8.24 x 5.13 mm,LV-ROUNDFVVS2-728523557
2418978,2.15,E,VVS2,Ideal,384,https://www.luvansh.com/product/2418978/igi-certified-2-15-e-vvs2-round-lab-created-diamond-r,https://api.igi.org/viewpdf.php?r=LG728523291,NONE,Excellent,Excellent,54.00%,62.10%,1,8.3 - 8.27 x 5.15 mm,LV-ROUNDEVVS2-728523291
2418956,2.16,F,VVS2,Ideal,384,https://www.luvansh.com/product/2418956/igi-certified-2-16-f-vvs2-round-lab-created-diamond-r,https://api.igi.org/viewpdf.php?r=LG728520728,NONE,Excellent,Excellent,57.00%,62.20%,1,8.27 - 8.25 x 5.14 mm,LV-ROUNDFVVS2-728520728
2418963,2.15,E,VVS2,Ideal,384,https://www.luvansh.com/product/2418963/igi-certified-2-15-e-vvs2-round-lab-created-diamond-r,https://api.igi.org/viewpdf.php?r=LG728523290,NONE,Excellent,Excellent,56.00%,62.30%,1,8.23 - 8.19 x 5.12 mm,LV-ROUNDEVVS2-728523290
2424325,2.1,E,VVS2,Ideal,384,https://www.luvansh.com/product/2424325/igi-certified-2-1-e-vvs2-round-lab-created-diamond-r,https://api.igi.org/viewpdf.php?r=LG764622488,NONE,Excellent,Excellent,57.00%,61.80%,1,8.19 - 8.23 x 5.07 mm,LV-ROUNDEVVS2-LG764622488
2413050,2,E,VVS2,Ideal,384,https://www.luvansh.com/product/2413050/igi-certified-2-0-e-vvs2-round-lab-created-diamond-r,https://api.igi.org/viewpdf.php?r=LG756580718,NONE,Excellent,Excellent,54.00%,62.00%,1,8.08 - 8.11 x 5.02 mm,LV-ROUNDEVVS2-756580718
2175873,2.07,F,VVS2,Ideal,384,https://www.luvansh.com/product/2175873/igi-certified-2-07-f-vvs2-round-lab-created-diamond-r,https://api.igi.org/viewpdf.php?r=LG758580832,NONE,Excellent,Excellent,57.00%,62.10%,1,8.13 - 8.16 x 5.06 mm,LV-ROUNDFVVS2-LG758580832
2175874,2.07,F,VVS2,Ideal,384,https://www.luvansh.com/product/2175874/igi-certified-2-07-f-vvs2-round-lab-created-diamond-r,https://api.igi.org/viewpdf.php?r=LG758559479,NONE,Excellent,Excellent,57.00%,62.30%,1,8.1 - 8.14 x 5.06 mm,LV-ROUNDFVVS2-LG758559479
1974865,2.07,F,VVS2,Ideal,384,https://www.luvansh.com/product/1974865/igi-certified-2-07-f-vvs2-round-lab-created-diamond-r,https://api.igi.org/viewpdf.php?r=LG719571678,NONE,Excellent,Excellent,58.00%,62.30%,1,8.1 - 8.13 x 5.06 mm,LV-ROUNDFVVS2-LG719571678
2091695,2,E,VVS2,Ideal,384,https://www.luvansh.com/product/2091695/igi-certified-2-0-e-vvs2-round-lab-created-diamond-r,https://api.igi.org/viewpdf.php?r=LG737599802,NONE,Excellent,Excellent,56.00%,61.40%,1,8.12 - 8.08 x 4.98 mm,LV-ROUNDEVVS2-737599802
2137959,1.86,F,VVS2,Ideal,380,https://www.luvansh.com/product/2137959/igi-certified-1-86-f-vvs2-round-lab-created-diamond-r,https://api.igi.org/viewpdf.php?r=LG544272159,NONE,Excellent,Excellent,58.00%,61.70%,1.01,7.9 - 7.86 x 4.86 mm,LV-ROUNDFVVS2-LG544272159
2418904,2.14,F,VVS2,Ideal,380,https://www.luvansh.com/product/2418904/igi-certified-2-14-f-vvs2-round-lab-created-diamond-r,https://api.igi.org/viewpdf.php?r=LG685505927,NONE,Excellent,Excellent,57.00%,62.10%,1,8.25 - 8.22 x 5.12 mm,LV-ROUNDFVVS2-685505927
2419105,2.13,F,VVS2,Ideal,380,https://www.luvansh.com/product/2419105/igi-certified-2-13-f-vvs2-round-lab-created-diamond-r,https://api.igi.org/viewpdf.php?r=LG728519624,NONE,Excellent,Excellent,57.00%,62.30%,1,8.2 - 8.19 x 5.11 mm,LV-ROUNDFVVS2-728519624
2419113,2.13,F,VVS2,Ideal,380,https://www.luvansh.com/product/2419113/igi-certified-2-13-f-vvs2-round-lab-created-diamond-r,https://api.igi.org/viewpdf.php?r=LG728523589,NONE,Excellent,Excellent,56.00%,62.30%,1,8.23 - 8.21 x 5.13 mm,LV-ROUNDFVVS2-728523589
2371983,2.07,F,VVS2,Ideal,380,https://www.luvansh.com/product/2371983/igi-certified-2-07-f-vvs2-round-lab-created-diamond-r,https://api.igi.org/viewpdf.php?r=LG758569819,NONE,Excellent,Excellent,56.00%,62.00%,1,8.14 - 8.17 x 5.06 mm,LV-ROUNDFVVS2-758569819
2371996,2.06,F,VVS2,Ideal,380,https://www.luvansh.com/product/2371996/igi-certified-2-06-f-vvs2-round-lab-created-diamond-r,https://api.igi.org/viewpdf.php?r=LG758569844,NONE,Excellent,Excellent,55.00%,61.30%,1,8.21 - 8.23 x 5.04 mm,LV-ROUNDFVVS2-758569844
2380159,2.01,E,VVS2,Ideal,380,https://www.luvansh.com/product/2380159/igi-certified-2-01-e-vvs2-round-lab-created-diamond-r,https://api.igi.org/viewpdf.php?r=LG760538246,NONE,Excellent,Excellent,57.00%,61.60%,1,8.11 - 8.14 x 5 mm,LV-ROUNDEVVS2-LG760538246
2360881,2.06,D,VVS2,Ideal,380,https://www.luvansh.com/product/2360881/igi-certified-2-06-d-vvs2-round-lab-created-diamond-r,https://api.igi.org/viewpdf.php?r=LG741554191,NONE,Excellent,Excellent,58.00%,62.20%,1,8.13 - 8.16 x 5.07 mm,LV-ROUNDDVVS2-741554191
2352096,2.04,D,VVS2,Ideal,380,https://www.luvansh.com/product/2352096/igi-certified-2-04-d-vvs2-round-lab-created-diamond-r,https://api.igi.org/viewpdf.php?r=LG759523522,NONE,Excellent,Excellent,58.00%,61.30%,1,8.11 - 8.15 x 4.98 mm,LV-ROUNDDVVS2-759523522
2352448,2.04,D,VVS2,Ideal,380,https://www.luvansh.com/product/2352448/igi-certified-2-04-d-vvs2-round-lab-created-diamond-r,https://api.igi.org/viewpdf.php?r=LG764633739,NONE,Excellent,Excellent,57.00%,61.30%,1,8.14 - 8.18 x 5.01 mm,LV-ROUNDDVVS2-764633739
2352453,2.05,D,VVS2,Ideal,380,https://www.luvansh.com/product/2352453/igi-certified-2-05-d-vvs2-round-lab-created-diamond-r,https://api.igi.org/viewpdf.php?r=LG764633764,NONE,Excellent,Excellent,58.00%,61.80%,1,8.12 - 8.15 x 5.03 mm,LV-ROUNDDVVS2-764633764
2351748,2.05,D,VVS2,Ideal,380,https://www.luvansh.com/product/2351748/igi-certified-2-05-d-vvs2-round-lab-created-diamond-r,https://api.igi.org/viewpdf.php?r=LG747510643,NONE,Excellent,Excellent,58.00%,62.20%,1,8.08 - 8.12 x 5.04 mm,LV-ROUNDDVVS2-747510643
2351750,2.04,D,VVS2,Ideal,380,https://www.luvansh.com/product/2351750/igi-certified-2-04-d-vvs2-round-lab-created-diamond-r,https://api.igi.org/viewpdf.php?r=LG752523566,NONE,Excellent,Excellent,58.00%,61.20%,1,8.16 - 8.2 x 5 mm,LV-ROUNDDVVS2-752523566
2351778,2.06,D,VVS2,Ideal,380,https://www.luvansh.com/product/2351778/igi-certified-2-06-d-vvs2-round-lab-created-diamond-r,https://api.igi.org/viewpdf.php?r=LG749538816,NONE,Excellent,Excellent,57.00%,61.60%,1,8.17 - 8.21 x 5.04 mm,LV-ROUNDDVVS2-749538816
2351779,2.06,D,VVS2,Ideal,380,https://www.luvansh.com/product/2351779/igi-certified-2-06-d-vvs2-round-lab-created-diamond-r,https://api.igi.org/viewpdf.php?r=LG749538773,NONE,Excellent,Excellent,57.00%,61.30%,1,8.15 - 8.18 x 5.01 mm,LV-ROUNDDVVS2-749538773
2351783,2.06,D,VVS2,Ideal,380,https://www.luvansh.com/product/2351783/igi-certified-2-06-d-vvs2-round-lab-created-diamond-r,https://api.igi.org/viewpdf.php?r=LG749538756,NONE,Excellent,Excellent,57.00%,61.10%,1,8.17 - 8.2 x 5 mm,LV-ROUNDDVVS2-749538756
2351784,2.06,D,VVS2,Ideal,380,https://www.luvansh.com/product/2351784/igi-certified-2-06-d-vvs2-round-lab-created-diamond-r,https://api.igi.org/viewpdf.php?r=LG749538948,NONE,Excellent,Excellent,58.00%,62.00%,1,8.13 - 8.16 x 5.05 mm,LV-ROUNDDVVS2-749538948
2351785,2.06,D,VVS2,Ideal,380,https://www.luvansh.com/product/2351785/igi-certified-2-06-d-vvs2-round-lab-created-diamond-r,https://api.igi.org/viewpdf.php?r=LG749538993,NONE,Excellent,Excellent,57.00%,62.00%,1,8.13 - 8.17 x 5.05 mm,LV-ROUNDDVVS2-749538993
2351786,2.06,D,VVS2,Ideal,380,https://www.luvansh.com/product/2351786/igi-certified-2-06-d-vvs2-round-lab-created-diamond-r,https://api.igi.org/viewpdf.php?r=LG749539387,NONE,Excellent,Excellent,58.00%,61.50%,1,8.16 - 8.18 x 5.02 mm,LV-ROUNDDVVS2-749539387
2351788,2.06,D,VVS2,Ideal,380,https://www.luvansh.com/product/2351788/igi-certified-2-06-d-vvs2-round-lab-created-diamond-r,https://api.igi.org/viewpdf.php?r=LG749538980,NONE,Excellent,Excellent,58.00%,62.20%,1,8.1 - 8.13 x 5.05 mm,LV-ROUNDDVVS2-749538980
2351789,2.06,D,VVS2,Ideal,380,https://www.luvansh.com/product/2351789/igi-certified-2-06-d-vvs2-round-lab-created-diamond-r,https://api.igi.org/viewpdf.php?r=LG749539232,NONE,Excellent,Excellent,56.00%,61.60%,1,8.17 - 8.2 x 5.04 mm,LV-ROUNDDVVS2-749539232
2351641,2.04,D,VVS2,Ideal,380,https://www.luvansh.com/product/2351641/igi-certified-2-04-d-vvs2-round-lab-created-diamond-r,https://api.igi.org/viewpdf.php?r=LG754512798,NONE,Excellent,Excellent,58.00%,61.70%,1,8.11 - 8.14 x 5.01 mm,LV-ROUNDDVVS2-754512798
2452945,2.05,E,VVS2,Ideal,380,https://www.luvansh.com/product/2452945/igi-certified-2-05-e-vvs2-round-lab-created-diamond-r,https://api.igi.org/viewpdf.php?r=LG759513026,NONE,Excellent,Excellent,58.00%,61.20%,1,8.16 - 8.18 x 5 mm,LV-ROUNDEVVS2-759513026
2432596,2.09,F,VVS2,Ideal,380,https://www.luvansh.com/product/2432596/igi-certified-2-09-f-vvs2-round-lab-created-diamond-r,https://api.igi.org/viewpdf.php?r=LG762576279,NONE,Excellent,Excellent,56.00%,61.90%,1,8.18 - 8.21 x 5.08 mm,LV-ROUNDFVVS2-762576279
2432597,2.08,F,VVS2,Ideal,380,https://www.luvansh.com/product/2432597/igi-certified-2-08-f-vvs2-round-lab-created-diamond-r,https://api.igi.org/viewpdf.php?r=LG760579034,NONE,Excellent,Excellent,58.00%,61.20%,1,8.19 - 8.22 x 5.02 mm,LV-ROUNDFVVS2-760579034
2137959,1.86,F,VVS2,Ideal,380,https://www.luvansh.com/product/2137959/igi-certified-1-86-f-vvs2-round-lab-created-diamond-r,https://api.igi.org/viewpdf.php?r=LG544272159,NONE,Excellent,Excellent,58.00%,61.70%,1.01,7.9 - 7.86 x 4.86 mm,LV-ROUNDFVVS2-LG544272159
2418904,2.14,F,VVS2,Ideal,380,https://www.luvansh.com/product/2418904/igi-certified-2-14-f-vvs2-round-lab-created-diamond-r,https://api.igi.org/viewpdf.php?r=LG685505927,NONE,Excellent,Excellent,57.00%,62.10%,1,8.25 - 8.22 x 5.12 mm,LV-ROUNDFVVS2-685505927
2419105,2.13,F,VVS2,Ideal,380,https://www.luvansh.com/product/2419105/igi-certified-2-13-f-vvs2-round-lab-created-diamond-r,https://api.igi.org/viewpdf.php?r=LG728519624,NONE,Excellent,Excellent,57.00%,62.30%,1,8.2 - 8.19 x 5.11 mm,LV-ROUNDFVVS2-728519624
2419113,2.13,F,VVS2,Ideal,380,https://www.luvansh.com/product/2419113/igi-certified-2-13-f-vvs2-round-lab-created-diamond-r,https://api.igi.org/viewpdf.php?r=LG728523589,NONE,Excellent,Excellent,56.00%,62.30%,1,8.23 - 8.21 x 5.13 mm,LV-ROUNDFVVS2-728523589
2371983,2.07,F,VVS2,Ideal,380,https://www.luvansh.com/product/2371983/igi-certified-2-07-f-vvs2-round-lab-created-diamond-r,https://api.igi.org/viewpdf.php?r=LG758569819,NONE,Excellent,Excellent,56.00%,62.00%,1,8.14 - 8.17 x 5.06 mm,LV-ROUNDFVVS2-758569819
2371996,2.06,F,VVS2,Ideal,380,https://www.luvansh.com/product/2371996/igi-certified-2-06-f-vvs2-round-lab-created-diamond-r,https://api.igi.org/viewpdf.php?r=LG758569844,NONE,Excellent,Excellent,55.00%,61.30%,1,8.21 - 8.23 x 5.04 mm,LV-ROUNDFVVS2-758569844
2380159,2.01,E,VVS2,Ideal,380,https://www.luvansh.com/product/2380159/igi-certified-2-01-e-vvs2-round-lab-created-diamond-r,https://api.igi.org/viewpdf.php?r=LG760538246,NONE,Excellent,Excellent,57.00%,61.60%,1,8.11 - 8.14 x 5 mm,LV-ROUNDEVVS2-LG760538246
2360881,2.06,D,VVS2,Ideal,380,https://www.luvansh.com/product/2360881/igi-certified-2-06-d-vvs2-round-lab-created-diamond-r,https://api.igi.org/viewpdf.php?r=LG741554191,NONE,Excellent,Excellent,58.00%,62.20%,1,8.13 - 8.16 x 5.07 mm,LV-ROUNDDVVS2-741554191
2352096,2.04,D,VVS2,Ideal,380,https://www.luvansh.com/product/2352096/igi-certified-2-04-d-vvs2-round-lab-created-diamond-r,https://api.igi.org/viewpdf.php?r=LG759523522,NONE,Excellent,Excellent,58.00%,61.30%,1,8.11 - 8.15 x 4.98 mm,LV-ROUNDDVVS2-759523522
2352448,2.04,D,VVS2,Ideal,380,https://www.luvansh.com/product/2352448/igi-certified-2-04-d-vvs2-round-lab-created-diamond-r,https://api.igi.org/viewpdf.php?r=LG764633739,NONE,Excellent,Excellent,57.00%,61.30%,1,8.14 - 8.18 x 5.01 mm,LV-ROUNDDVVS2-764633739
2352453,2.05,D,VVS2,Ideal,380,https://www.luvansh.com/product/2352453/igi-certified-2-05-d-vvs2-round-lab-created-diamond-r,https://api.igi.org/viewpdf.php?r=LG764633764,NONE,Excellent,Excellent,58.00%,61.80%,1,8.12 - 8.15 x 5.03 mm,LV-ROUNDDVVS2-764633764
2351748,2.05,D,VVS2,Ideal,380,https://www.luvansh.com/product/2351748/igi-certified-2-05-d-vvs2-round-lab-created-diamond-r,https://api.igi.org/viewpdf.php?r=LG747510643,NONE,Excellent,Excellent,58.00%,62.20%,1,8.08 - 8.12 x 5.04 mm,LV-ROUNDDVVS2-747510643
2351750,2.04,D,VVS2,Ideal,380,https://www.luvansh.com/product/2351750/igi-certified-2-04-d-vvs2-round-lab-created-diamond-r,https://api.igi.org/viewpdf.php?r=LG752523566,NONE,Excellent,Excellent,58.00%,61.20%,1,8.16 - 8.2 x 5 mm,LV-ROUNDDVVS2-752523566
2351778,2.06,D,VVS2,Ideal,380,https://www.luvansh.com/product/2351778/igi-certified-2-06-d-vvs2-round-lab-created-diamond-r,https://api.igi.org/viewpdf.php?r=LG749538816,NONE,Excellent,Excellent,57.00%,61.60%,1,8.17 - 8.21 x 5.04 mm,LV-ROUNDDVVS2-749538816
2351779,2.06,D,VVS2,Ideal,380,https://www.luvansh.com/product/2351779/igi-certified-2-06-d-vvs2-round-lab-created-diamond-r,https://api.igi.org/viewpdf.php?r=LG749538773,NONE,Excellent,Excellent,57.00%,61.30%,1,8.15 - 8.18 x 5.01 mm,LV-ROUNDDVVS2-749538773
2351783,2.06,D,VVS2,Ideal,380,https://www.luvansh.com/product/2351783/igi-certified-2-06-d-vvs2-round-lab-created-diamond-r,https://api.igi.org/viewpdf.php?r=LG749538756,NONE,Excellent,Excellent,57.00%,61.10%,1,8.17 - 8.2 x 5 mm,LV-ROUNDDVVS2-749538756
2351784,2.06,D,VVS2,Ideal,380,https://www.luvansh.com/product/2351784/igi-certified-2-06-d-vvs2-round-lab-created-diamond-r,https://api.igi.org/viewpdf.php?r=LG749538948,NONE,Excellent,Excellent,58.00%,62.00%,1,8.13 - 8.16 x 5.05 mm,LV-ROUNDDVVS2-749538948
2351785,2.06,D,VVS2,Ideal,380,https://www.luvansh.com/product/2351785/igi-certified-2-06-d-vvs2-round-lab-created-diamond-r,https://api.igi.org/viewpdf.php?r=LG749538993,NONE,Excellent,Excellent,57.00%,62.00%,1,8.13 - 8.17 x 5.05 mm,LV-ROUNDDVVS2-749538993
2351786,2.06,D,VVS2,Ideal,380,https://www.luvansh.com/product/2351786/igi-certified-2-06-d-vvs2-round-lab-created-diamond-r,https://api.igi.org/viewpdf.php?r=LG749539387,NONE,Excellent,Excellent,58.00%,61.50%,1,8.16 - 8.18 x 5.02 mm,LV-ROUNDDVVS2-749539387
2351788,2.06,D,VVS2,Ideal,380,https://www.luvansh.com/product/2351788/igi-certified-2-06-d-vvs2-round-lab-created-diamond-r,https://api.igi.org/viewpdf.php?r=LG749538980,NONE,Excellent,Excellent,58.00%,62.20%,1,8.1 - 8.13 x 5.05 mm,LV-ROUNDDVVS2-749538980
2351789,2.06,D,VVS2,Ideal,380,https://www.luvansh.com/product/2351789/igi-certified-2-06-d-vvs2-round-lab-created-diamond-r,https://api.igi.org/viewpdf.php?r=LG749539232,NONE,Excellent,Excellent,56.00%,61.60%,1,8.17 - 8.2 x 5.04 mm,LV-ROUNDDVVS2-749539232
2351641,2.04,D,VVS2,Ideal,380,https://www.luvansh.com/product/2351641/igi-certified-2-04-d-vvs2-round-lab-created-diamond-r,https://api.igi.org/viewpdf.php?r=LG754512798,NONE,Excellent,Excellent,58.00%,61.70%,1,8.11 - 8.14 x 5.01 mm,LV-ROUNDDVVS2-754512798
2452945,2.05,E,VVS2,Ideal,380,https://www.luvansh.com/product/2452945/igi-certified-2-05-e-vvs2-round-lab-created-diamond-r,https://api.igi.org/viewpdf.php?r=LG759513026,NONE,Excellent,Excellent,58.00%,61.20%,1,8.16 - 8.18 x 5 mm,LV-ROUNDEVVS2-759513026
2432596,2.09,F,VVS2,Ideal,380,https://www.luvansh.com/product/2432596/igi-certified-2-09-f-vvs2-round-lab-created-diamond-r,https://api.igi.org/viewpdf.php?r=LG762576279,NONE,Excellent,Excellent,56.00%,61.90%,1,8.18 - 8.21 x 5.08 mm,LV-ROUNDFVVS2-762576279
2432597,2.08,F,VVS2,Ideal,380,https://www.luvansh.com/product/2432597/igi-certified-2-08-f-vvs2-round-lab-created-diamond-r,https://api.igi.org/viewpdf.php?r=LG760579034,NONE,Excellent,Excellent,58.00%,61.20%,1,8.19 - 8.22 x 5.02 mm,LV-ROUNDFVVS2-760579034
2452756,2.04,F,VVS2,Ideal,374,https://www.luvansh.com/product/2452756/igi-certified-2-04-f-vvs2-round-lab-created-diamond-r,https://api.igi.org/viewpdf.php?r=LG754521401,NONE,Excellent,Excellent,58.00%,61.30%,1,8.12 - 8.15 x 4.99 mm,LV-ROUNDFVVS2-754521401
2452758,2.05,F,VVS2,Ideal,374,https://www.luvansh.com/product/2452758/igi-certified-2-05-f-vvs2-round-lab-created-diamond-r,https://api.igi.org/viewpdf.php?r=LG759512794,NONE,Excellent,Excellent,58.00%,61.20%,1,8.15 - 8.18 x 5 mm,LV-ROUNDFVVS2-759512794
2414070,2.04,F,VVS2,Ideal,374,https://www.luvansh.com/product/2414070/igi-certified-2-04-f-vvs2-round-lab-created-diamond-r,https://api.igi.org/viewpdf.php?r=LG766686237,NONE,Excellent,Excellent,58.00%,61.00%,1,8.18 - 8.21 x 5 mm,LV-ROUNDFVVS2-766686237
2413322,2.04,F,VVS2,Ideal,374,https://www.luvansh.com/product/2413322/igi-certified-2-04-f-vvs2-round-lab-created-diamond-r,https://api.igi.org/viewpdf.php?r=LG759513075,NONE,Excellent,Excellent,57.00%,61.30%,1,8.14 - 8.17 x 5 mm,LV-ROUNDFVVS2-759513075
2419100,2.12,F,VVS2,Ideal,374,https://www.luvansh.com/product/2419100/igi-certified-2-12-f-vvs2-round-lab-created-diamond-r,https://api.igi.org/viewpdf.php?r=LG728519628,NONE,Excellent,Excellent,56.00%,62.30%,1,8.22 - 8.2 x 5.12 mm,LV-ROUNDFVVS2-728519628
2419102,2.12,F,VVS2,Ideal,374,https://www.luvansh.com/product/2419102/igi-certified-2-12-f-vvs2-round-lab-created-diamond-r,https://api.igi.org/viewpdf.php?r=LG728519630,NONE,Excellent,Excellent,57.00%,62.20%,1,8.19 - 8.16 x 5.09 mm,LV-ROUNDFVVS2-728519630
2419103,2.12,F,VVS2,Ideal,374,https://www.luvansh.com/product/2419103/igi-certified-2-12-f-vvs2-round-lab-created-diamond-r,https://api.igi.org/viewpdf.php?r=LG728519626,NONE,Excellent,Excellent,58.00%,61.90%,1.01,8.23 - 8.16 x 5.08 mm,LV-ROUNDFVVS2-728519626
2418872,2.09,E,VVS2,Ideal,374,https://www.luvansh.com/product/2418872/igi-certified-2-09-e-vvs2-round-lab-created-diamond-r,https://api.igi.org/viewpdf.php?r=LG633480499,NONE,Excellent,Excellent,56.50%,61.70%,1,8.21 - 8.19 x 5.07 mm,LV-ROUNDEVVS2-633480499
2452756,2.04,F,VVS2,Ideal,374,https://www.luvansh.com/product/2452756/igi-certified-2-04-f-vvs2-round-lab-created-diamond-r,https://api.igi.org/viewpdf.php?r=LG754521401,NONE,Excellent,Excellent,58.00%,61.30%,1,8.12 - 8.15 x 4.99 mm,LV-ROUNDFVVS2-754521401
2452758,2.05,F,VVS2,Ideal,374,https://www.luvansh.com/product/2452758/igi-certified-2-05-f-vvs2-round-lab-created-diamond-r,https://api.igi.org/viewpdf.php?r=LG759512794,NONE,Excellent,Excellent,58.00%,61.20%,1,8.15 - 8.18 x 5 mm,LV-ROUNDFVVS2-759512794
2414070,2.04,F,VVS2,Ideal,374,https://www.luvansh.com/product/2414070/igi-certified-2-04-f-vvs2-round-lab-created-diamond-r,https://api.igi.org/viewpdf.php?r=LG766686237,NONE,Excellent,Excellent,58.00%,61.00%,1,8.18 - 8.21 x 5 mm,LV-ROUNDFVVS2-766686237
2413322,2.04,F,VVS2,Ideal,374,https://www.luvansh.com/product/2413322/igi-certified-2-04-f-vvs2-round-lab-created-diamond-r,https://api.igi.org/viewpdf.php?r=LG759513075,NONE,Excellent,Excellent,57.00%,61.30%,1,8.14 - 8.17 x 5 mm,LV-ROUNDFVVS2-759513075
2419100,2.12,F,VVS2,Ideal,374,https://www.luvansh.com/product/2419100/igi-certified-2-12-f-vvs2-round-lab-created-diamond-r,https://api.igi.org/viewpdf.php?r=LG728519628,NONE,Excellent,Excellent,56.00%,62.30%,1,8.22 - 8.2 x 5.12 mm,LV-ROUNDFVVS2-728519628
2419102,2.12,F,VVS2,Ideal,374,https://www.luvansh.com/product/2419102/igi-certified-2-12-f-vvs2-round-lab-created-diamond-r,https://api.igi.org/viewpdf.php?r=LG728519630,NONE,Excellent,Excellent,57.00%,62.20%,1,8.19 - 8.16 x 5.09 mm,LV-ROUNDFVVS2-728519630
2419103,2.12,F,VVS2,Ideal,374,https://www.luvansh.com/product/2419103/igi-certified-2-12-f-vvs2-round-lab-created-diamond-r,https://api.igi.org/viewpdf.php?r=LG728519626,NONE,Excellent,Excellent,58.00%,61.90%,1.01,8.23 - 8.16 x 5.08 mm,LV-ROUNDFVVS2-728519626
2418872,2.09,E,VVS2,Ideal,374,https://www.luvansh.com/product/2418872/igi-certified-2-09-e-vvs2-round-lab-created-diamond-r,https://api.igi.org/viewpdf.php?r=LG633480499,NONE,Excellent,Excellent,56.50%,61.70%,1,8.21 - 8.19 x 5.07 mm,LV-ROUNDEVVS2-633480499
1699367,2.1,F,VVS2,Ideal,370,https://www.luvansh.com/product/1699367/igi-certified-2-1-f-vvs2-round-lab-created-diamond-r,https://api.igi.org/viewpdf.php?r=LG727527114,NONE,Excellent,Excellent,57.00%,61.90%,1,8.19 - 8.17 x 5.07 mm,LV-ROUNDFVVS2-727527114
1806618,2.1,F,VVS2,Ideal,370,https://www.luvansh.com/product/1806618/igi-certified-2-1-f-vvs2-round-lab-created-diamond-r,https://api.igi.org/viewpdf.php?r=LG727527086,NONE,Excellent,Excellent,58.00%,61.60%,1,8.24 - 8.2 x 5.06 mm,LV-ROUNDFVVS2-727527086
1806619,2.1,F,VVS2,Ideal,370,https://www.luvansh.com/product/1806619/igi-certified-2-1-f-vvs2-round-lab-created-diamond-r,https://api.igi.org/viewpdf.php?r=LG727527088,NONE,Excellent,Excellent,58.00%,61.60%,1,8.25 - 8.22 x 5.07 mm,LV-ROUNDFVVS2-727527088
1806623,2.1,F,VVS2,Ideal,370,https://www.luvansh.com/product/1806623/igi-certified-2-1-f-vvs2-round-lab-created-diamond-r,https://api.igi.org/viewpdf.php?r=LG727527104,NONE,Excellent,Excellent,58.00%,62.10%,1,8.22 - 8.18 x 5.09 mm,LV-ROUNDFVVS2-727527104
1806671,2.1,F,VVS2,Ideal,370,https://www.luvansh.com/product/1806671/igi-certified-2-1-f-vvs2-round-lab-created-diamond-r,https://api.igi.org/viewpdf.php?r=LG727526968,NONE,Excellent,Excellent,56.00%,62.30%,1.01,8.19 - 8.14 x 5.09 mm,LV-ROUNDFVVS2-727526968
1806827,2.1,F,VVS2,Ideal,370,https://www.luvansh.com/product/1806827/igi-certified-2-1-f-vvs2-round-lab-created-diamond-r,https://api.igi.org/viewpdf.php?r=LG727527106,NONE,Excellent,Excellent,58.00%,61.40%,1,8.25 - 8.22 x 5.06 mm,LV-ROUNDFVVS2-727527106
1806828,2.1,F,VVS2,Ideal,370,https://www.luvansh.com/product/1806828/igi-certified-2-1-f-vvs2-round-lab-created-diamond-r,https://api.igi.org/viewpdf.php?r=LG727527107,NONE,Excellent,Excellent,58.00%,62.00%,1,8.2 - 8.16 x 5.07 mm,LV-ROUNDFVVS2-727527107
1806836,2.1,F,VVS2,Ideal,370,https://www.luvansh.com/product/1806836/igi-certified-2-1-f-vvs2-round-lab-created-diamond-r,https://api.igi.org/viewpdf.php?r=LG741540348,NONE,Excellent,Excellent,58.00%,61.90%,1,8.21 - 8.19 x 5.08 mm,LV-ROUNDFVVS2-741540348
2419160,2.08,F,VVS2,Ideal,370,https://www.luvansh.com/product/2419160/igi-certified-2-08-f-vvs2-round-lab-created-diamond-r,https://api.igi.org/viewpdf.php?r=LG728519646,NONE,Excellent,Excellent,57.00%,61.50%,1.01,8.23 - 8.17 x 5.05 mm,LV-ROUNDFVVS2-728519646
2419104,2.09,F,VVS2,Ideal,370,https://www.luvansh.com/product/2419104/igi-certified-2-09-f-vvs2-round-lab-created-diamond-r,https://api.igi.org/viewpdf.php?r=LG728519642,NONE,Excellent,Excellent,57.00%,62.20%,1,8.17 - 8.15 x 5.08 mm,LV-ROUNDFVVS2-728519642
2330348,2.03,F,VVS2,Ideal,370,https://www.luvansh.com/product/2330348/igi-certified-2-03-f-vvs2-round-lab-created-diamond-r,https://api.igi.org/viewpdf.php?r=LG760587542,NONE,Excellent,Excellent,58.00%,61.40%,1,8.12 - 8.14 x 4.99 mm,LV-ROUNDFVVS2-760587542
2330529,2.03,F,VVS2,Ideal,370,https://www.luvansh.com/product/2330529/igi-certified-2-03-f-vvs2-round-lab-created-diamond-r,https://api.igi.org/viewpdf.php?r=LG763632881,NONE,Excellent,Excellent,58.00%,61.30%,1,8.12 - 8.15 x 4.99 mm,LV-ROUNDFVVS2-763632881
1699367,2.1,F,VVS2,Ideal,370,https://www.luvansh.com/product/1699367/igi-certified-2-1-f-vvs2-round-lab-created-diamond-r,https://api.igi.org/viewpdf.php?r=LG727527114,NONE,Excellent,Excellent,57.00%,61.90%,1,8.19 - 8.17 x 5.07 mm,LV-ROUNDFVVS2-727527114
1806618,2.1,F,VVS2,Ideal,370,https://www.luvansh.com/product/1806618/igi-certified-2-1-f-vvs2-round-lab-created-diamond-r,https://api.igi.org/viewpdf.php?r=LG727527086,NONE,Excellent,Excellent,58.00%,61.60%,1,8.24 - 8.2 x 5.06 mm,LV-ROUNDFVVS2-727527086
1806619,2.1,F,VVS2,Ideal,370,https://www.luvansh.com/product/1806619/igi-certified-2-1-f-vvs2-round-lab-created-diamond-r,https://api.igi.org/viewpdf.php?r=LG727527088,NONE,Excellent,Excellent,58.00%,61.60%,1,8.25 - 8.22 x 5.07 mm,LV-ROUNDFVVS2-727527088
1806623,2.1,F,VVS2,Ideal,370,https://www.luvansh.com/product/1806623/igi-certified-2-1-f-vvs2-round-lab-created-diamond-r,https://api.igi.org/viewpdf.php?r=LG727527104,NONE,Excellent,Excellent,58.00%,62.10%,1,8.22 - 8.18 x 5.09 mm,LV-ROUNDFVVS2-727527104
1806671,2.1,F,VVS2,Ideal,370,https://www.luvansh.com/product/1806671/igi-certified-2-1-f-vvs2-round-lab-created-diamond-r,https://api.igi.org/viewpdf.php?r=LG727526968,NONE,Excellent,Excellent,56.00%,62.30%,1.01,8.19 - 8.14 x 5.09 mm,LV-ROUNDFVVS2-727526968
1806827,2.1,F,VVS2,Ideal,370,https://www.luvansh.com/product/1806827/igi-certified-2-1-f-vvs2-round-lab-created-diamond-r,https://api.igi.org/viewpdf.php?r=LG727527106,NONE,Excellent,Excellent,58.00%,61.40%,1,8.25 - 8.22 x 5.06 mm,LV-ROUNDFVVS2-727527106
1806828,2.1,F,VVS2,Ideal,370,https://www.luvansh.com/product/1806828/igi-certified-2-1-f-vvs2-round-lab-created-diamond-r,https://api.igi.org/viewpdf.php?r=LG727527107,NONE,Excellent,Excellent,58.00%,62.00%,1,8.2 - 8.16 x 5.07 mm,LV-ROUNDFVVS2-727527107
1806836,2.1,F,VVS2,Ideal,370,https://www.luvansh.com/product/1806836/igi-certified-2-1-f-vvs2-round-lab-created-diamond-r,https://api.igi.org/viewpdf.php?r=LG741540348,NONE,Excellent,Excellent,58.00%,61.90%,1,8.21 - 8.19 x 5.08 mm,LV-ROUNDFVVS2-741540348
2419160,2.08,F,VVS2,Ideal,370,https://www.luvansh.com/product/2419160/igi-certified-2-08-f-vvs2-round-lab-created-diamond-r,https://api.igi.org/viewpdf.php?r=LG728519646,NONE,Excellent,Excellent,57.00%,61.50%,1.01,8.23 - 8.17 x 5.05 mm,LV-ROUNDFVVS2-728519646
2419104,2.09,F,VVS2,Ideal,370,https://www.luvansh.com/product/2419104/igi-certified-2-09-f-vvs2-round-lab-created-diamond-r,https://api.igi.org/viewpdf.php?r=LG728519642,NONE,Excellent,Excellent,57.00%,62.20%,1,8.17 - 8.15 x 5.08 mm,LV-ROUNDFVVS2-728519642
2330348,2.03,F,VVS2,Ideal,370,https://www.luvansh.com/product/2330348/igi-certified-2-03-f-vvs2-round-lab-created-diamond-r,https://api.igi.org/viewpdf.php?r=LG760587542,NONE,Excellent,Excellent,58.00%,61.40%,1,8.12 - 8.14 x 4.99 mm,LV-ROUNDFVVS2-760587542
2330529,2.03,F,VVS2,Ideal,370,https://www.luvansh.com/product/2330529/igi-certified-2-03-f-vvs2-round-lab-created-diamond-r,https://api.igi.org/viewpdf.php?r=LG763632881,NONE,Excellent,Excellent,58.00%,61.30%,1,8.12 - 8.15 x 4.99 mm,LV-ROUNDFVVS2-763632881
2413272,2.05,F,VVS2,Ideal,364,https://www.luvansh.com/product/2413272/igi-certified-2-05-f-vvs2-round-lab-created-diamond-r,https://api.igi.org/viewpdf.php?r=LG754573028,NONE,Excellent,Excellent,58.00%,61.60%,1,8.14 - 8.18 x 5.02 mm,LV-ROUNDFVVS2-754573028
2418840,2.06,F,VVS2,Ideal,364,https://www.luvansh.com/product/2418840/igi-certified-2-06-f-vvs2-round-lab-created-diamond-r,https://api.igi.org/viewpdf.php?r=LG633478404,NONE,Excellent,Excellent,57.00%,62.20%,1,8.12 - 8.1 x 5.04 mm,LV-ROUNDFVVS2-633478404
2418837,2.05,F,VVS2,Ideal,364,https://www.luvansh.com/product/2418837/igi-certified-2-05-f-vvs2-round-lab-created-diamond-r,https://api.igi.org/viewpdf.php?r=LG633477973,NONE,Excellent,Excellent,58.00%,62.10%,1,8.12 - 8.11 x 5.05 mm,LV-ROUNDFVVS2-633477973
2330081,2.05,F,VVS2,Ideal,364,https://www.luvansh.com/product/2330081/igi-certified-2-05-f-vvs2-round-lab-created-diamond-r,https://api.igi.org/viewpdf.php?r=LG759518166,NONE,Excellent,Excellent,58.00%,61.70%,1,8.12 - 8.15 x 5.02 mm,LV-ROUNDFVVS2-759518166
2452943,2,F,VVS2,Ideal,364,https://www.luvansh.com/product/2452943/igi-certified-2-0-f-vvs2-round-lab-created-diamond-r,https://api.igi.org/viewpdf.php?r=LG764689623,NONE,Excellent,Excellent,58.00%,61.00%,1,8.1 - 8.14 x 4.96 mm,LV-ROUNDFVVS2-764689623
2435990,1.82,F,VVS2,Ideal,364,https://www.luvansh.com/product/2435990/igi-certified-1-82-f-vvs2-round-lab-created-diamond-r,https://api.igi.org/viewpdf.php?r=LG769611286,NONE,Excellent,Excellent,58.00%,61.80%,1,7.81 - 7.79 x 4.82 mm,LV-ROUNDFVVS2-769611286
2000750,2.05,F,VVS2,Ideal,364,https://www.luvansh.com/product/2000750/igi-certified-2-05-f-vvs2-round-lab-created-diamond-r,https://api.igi.org/viewpdf.php?r=LG746514213,NONE,Excellent,Excellent,58.00%,61.10%,1.01,8.2 - 8.15 x 4.99 mm,LV-ROUNDFVVS2-746514213
1995293,2.05,F,VVS2,Ideal,364,https://www.luvansh.com/product/1995293/igi-certified-2-05-f-vvs2-round-lab-created-diamond-r,https://api.igi.org/viewpdf.php?r=LG727526817,NONE,Excellent,Excellent,58.00%,62.30%,1,8.12 - 8.09 x 5.05 mm,LV-ROUNDFVVS2-727526817
1968117,2.04,E,VVS2,Ideal,364,https://www.luvansh.com/product/1968117/igi-certified-2-04-e-vvs2-round-lab-created-diamond-r,https://api.igi.org/viewpdf.php?r=LG741524752,NONE,Excellent,Excellent,57.00%,61.70%,1,8.16 - 8.13 x 5.03 mm,LV-ROUNDEVVS2-741524752
2137954,1.8,F,VVS2,Ideal,364,https://www.luvansh.com/product/2137954/igi-certified-1-8-f-vvs2-round-lab-created-diamond-r,https://api.igi.org/viewpdf.php?r=LG546222011,NONE,Excellent,Excellent,57.50%,61.90%,1,7.81 - 7.78 x 4.82 mm,LV-ROUNDFVVS2-LG546222011
2413272,2.05,F,VVS2,Ideal,364,https://www.luvansh.com/product/2413272/igi-certified-2-05-f-vvs2-round-lab-created-diamond-r,https://api.igi.org/viewpdf.php?r=LG754573028,NONE,Excellent,Excellent,58.00%,61.60%,1,8.14 - 8.18 x 5.02 mm,LV-ROUNDFVVS2-754573028
2418840,2.06,F,VVS2,Ideal,364,https://www.luvansh.com/product/2418840/igi-certified-2-06-f-vvs2-round-lab-created-diamond-r,https://api.igi.org/viewpdf.php?r=LG633478404,NONE,Excellent,Excellent,57.00%,62.20%,1,8.12 - 8.1 x 5.04 mm,LV-ROUNDFVVS2-633478404
2418837,2.05,F,VVS2,Ideal,364,https://www.luvansh.com/product/2418837/igi-certified-2-05-f-vvs2-round-lab-created-diamond-r,https://api.igi.org/viewpdf.php?r=LG633477973,NONE,Excellent,Excellent,58.00%,62.10%,1,8.12 - 8.11 x 5.05 mm,LV-ROUNDFVVS2-633477973
2330081,2.05,F,VVS2,Ideal,364,https://www.luvansh.com/product/2330081/igi-certified-2-05-f-vvs2-round-lab-created-diamond-r,https://api.igi.org/viewpdf.php?r=LG759518166,NONE,Excellent,Excellent,58.00%,61.70%,1,8.12 - 8.15 x 5.02 mm,LV-ROUNDFVVS2-759518166
2452943,2,F,VVS2,Ideal,364,https://www.luvansh.com/product/2452943/igi-certified-2-0-f-vvs2-round-lab-created-diamond-r,https://api.igi.org/viewpdf.php?r=LG764689623,NONE,Excellent,Excellent,58.00%,61.00%,1,8.1 - 8.14 x 4.96 mm,LV-ROUNDFVVS2-764689623
2435990,1.82,F,VVS2,Ideal,364,https://www.luvansh.com/product/2435990/igi-certified-1-82-f-vvs2-round-lab-created-diamond-r,https://api.igi.org/viewpdf.php?r=LG769611286,NONE,Excellent,Excellent,58.00%,61.80%,1,7.81 - 7.79 x 4.82 mm,LV-ROUNDFVVS2-769611286
2000750,2.05,F,VVS2,Ideal,364,https://www.luvansh.com/product/2000750/igi-certified-2-05-f-vvs2-round-lab-created-diamond-r,https://api.igi.org/viewpdf.php?r=LG746514213,NONE,Excellent,Excellent,58.00%,61.10%,1.01,8.2 - 8.15 x 4.99 mm,LV-ROUNDFVVS2-746514213
1995293,2.05,F,VVS2,Ideal,364,https://www.luvansh.com/product/1995293/igi-certified-2-05-f-vvs2-round-lab-created-diamond-r,https://api.igi.org/viewpdf.php?r=LG727526817,NONE,Excellent,Excellent,58.00%,62.30%,1,8.12 - 8.09 x 5.05 mm,LV-ROUNDFVVS2-727526817
1968117,2.04,E,VVS2,Ideal,364,https://www.luvansh.com/product/1968117/igi-certified-2-04-e-vvs2-round-lab-created-diamond-r,https://api.igi.org/viewpdf.php?r=LG741524752,NONE,Excellent,Excellent,57.00%,61.70%,1,8.16 - 8.13 x 5.03 mm,LV-ROUNDEVVS2-741524752
2137954,1.8,F,VVS2,Ideal,364,https://www.luvansh.com/product/2137954/igi-certified-1-8-f-vvs2-round-lab-created-diamond-r,https://api.igi.org/viewpdf.php?r=LG546222011,NONE,Excellent,Excellent,57.50%,61.90%,1,7.81 - 7.78 x 4.82 mm,LV-ROUNDFVVS2-LG546222011
2000582,2.04,F,VVS2,Ideal,360,https://www.luvansh.com/product/2000582/igi-certified-2-04-f-vvs2-round-lab-created-diamond-r,https://api.igi.org/viewpdf.php?r=LG746513718,NONE,Excellent,Excellent,57.00%,61.80%,1,8.11 - 8.1 x 5.01 mm,LV-ROUNDFVVS2-746513718
2425670,2.04,E,VVS2,Ideal,360,https://www.luvansh.com/product/2425670/igi-certified-2-04-e-vvs2-round-lab-created-diamond-r,https://api.igi.org/viewpdf.php?r=LG769657263,NONE,Excellent,Excellent,57.00%,61.50%,1,8.13 - 8.17 x 5.01 mm,LV-ROUNDEVVS2-769657263
2452805,2.02,F,VVS2,Ideal,360,https://www.luvansh.com/product/2452805/igi-certified-2-02-f-vvs2-round-lab-created-diamond-r,https://api.igi.org/viewpdf.php?r=LG757515665,NONE,Excellent,Excellent,57.00%,61.20%,1,8.13 - 8.16 x 4.98 mm,LV-ROUNDFVVS2-757515665
2452808,2.03,F,VVS2,Ideal,360,https://www.luvansh.com/product/2452808/igi-certified-2-03-f-vvs2-round-lab-created-diamond-r,https://api.igi.org/viewpdf.php?r=LG758525216,NONE,Excellent,Excellent,58.00%,62.10%,1,8.08 - 8.12 x 5.03 mm,LV-ROUNDFVVS2-758525216
2330132,2.04,F,VVS2,Ideal,360,https://www.luvansh.com/product/2330132/igi-certified-2-04-f-vvs2-round-lab-created-diamond-r,https://api.igi.org/viewpdf.php?r=LG760521264,NONE,Excellent,Excellent,56.00%,62.10%,1,8.1 - 8.12 x 5.03 mm,LV-ROUNDFVVS2-760521264
2308438,2.02,E,VVS2,Ideal,360,https://www.luvansh.com/product/2308438/igi-certified-2-02-e-vvs2-round-lab-created-diamond-r,https://api.igi.org/viewpdf.php?r=LG739578053,NONE,Excellent,Excellent,57.00%,61.90%,1.01,8.12 - 8.07 x 5.01 mm,LV-ROUNDEVVS2-739578053
2308448,2.03,E,VVS2,Ideal,360,https://www.luvansh.com/product/2308448/igi-certified-2-03-e-vvs2-round-lab-created-diamond-r,https://api.igi.org/viewpdf.php?r=LG739578072,NONE,Excellent,Excellent,58.00%,62.20%,1,8.1 - 8.06 x 5.02 mm,LV-ROUNDEVVS2-739578072
2308457,2.04,E,VVS2,Ideal,360,https://www.luvansh.com/product/2308457/igi-certified-2-04-e-vvs2-round-lab-created-diamond-r,https://api.igi.org/viewpdf.php?r=LG739578086,NONE,Excellent,Excellent,57.00%,61.20%,1.01,8.28 - 8.2 x 5.03 mm,LV-ROUNDEVVS2-739578086
2380804,2.04,E,VVS2,Ideal,360,https://www.luvansh.com/product/2380804/igi-certified-2-04-e-vvs2-round-lab-created-diamond-r,https://api.igi.org/viewpdf.php?r=LG749569992,NONE,Excellent,Excellent,57.00%,62.20%,1,8.14 - 8.11 x 5.05 mm,LV-ROUNDEVVS2-749569992
2000582,2.04,F,VVS2,Ideal,360,https://www.luvansh.com/product/2000582/igi-certified-2-04-f-vvs2-round-lab-created-diamond-r,https://api.igi.org/viewpdf.php?r=LG746513718,NONE,Excellent,Excellent,57.00%,61.80%,1,8.11 - 8.1 x 5.01 mm,LV-ROUNDFVVS2-746513718
2425670,2.04,E,VVS2,Ideal,360,https://www.luvansh.com/product/2425670/igi-certified-2-04-e-vvs2-round-lab-created-diamond-r,https://api.igi.org/viewpdf.php?r=LG769657263,NONE,Excellent,Excellent,57.00%,61.50%,1,8.13 - 8.17 x 5.01 mm,LV-ROUNDEVVS2-769657263
2452805,2.02,F,VVS2,Ideal,360,https://www.luvansh.com/product/2452805/igi-certified-2-02-f-vvs2-round-lab-created-diamond-r,https://api.igi.org/viewpdf.php?r=LG757515665,NONE,Excellent,Excellent,57.00%,61.20%,1,8.13 - 8.16 x 4.98 mm,LV-ROUNDFVVS2-757515665
2452808,2.03,F,VVS2,Ideal,360,https://www.luvansh.com/product/2452808/igi-certified-2-03-f-vvs2-round-lab-created-diamond-r,https://api.igi.org/viewpdf.php?r=LG758525216,NONE,Excellent,Excellent,58.00%,62.10%,1,8.08 - 8.12 x 5.03 mm,LV-ROUNDFVVS2-758525216
2330132,2.04,F,VVS2,Ideal,360,https://www.luvansh.com/product/2330132/igi-certified-2-04-f-vvs2-round-lab-created-diamond-r,https://api.igi.org/viewpdf.php?r=LG760521264,NONE,Excellent,Excellent,56.00%,62.10%,1,8.1 - 8.12 x 5.03 mm,LV-ROUNDFVVS2-760521264
2308438,2.02,E,VVS2,Ideal,360,https://www.luvansh.com/product/2308438/igi-certified-2-02-e-vvs2-round-lab-created-diamond-r,https://api.igi.org/viewpdf.php?r=LG739578053,NONE,Excellent,Excellent,57.00%,61.90%,1.01,8.12 - 8.07 x 5.01 mm,LV-ROUNDEVVS2-739578053
2308448,2.03,E,VVS2,Ideal,360,https://www.luvansh.com/product/2308448/igi-certified-2-03-e-vvs2-round-lab-created-diamond-r,https://api.igi.org/viewpdf.php?r=LG739578072,NONE,Excellent,Excellent,58.00%,62.20%,1,8.1 - 8.06 x 5.02 mm,LV-ROUNDEVVS2-739578072
2308457,2.04,E,VVS2,Ideal,360,https://www.luvansh.com/product/2308457/igi-certified-2-04-e-vvs2-round-lab-created-diamond-r,https://api.igi.org/viewpdf.php?r=LG739578086,NONE,Excellent,Excellent,57.00%,61.20%,1.01,8.28 - 8.2 x 5.03 mm,LV-ROUNDEVVS2-739578086
2380804,2.04,E,VVS2,Ideal,360,https://www.luvansh.com/product/2380804/igi-certified-2-04-e-vvs2-round-lab-created-diamond-r,https://api.igi.org/viewpdf.php?r=LG749569992,NONE,Excellent,Excellent,57.00%,62.20%,1,8.14 - 8.11 x 5.05 mm,LV-ROUNDEVVS2-749569992
2423330,2,F,VVS2,Ideal,354,https://www.luvansh.com/product/2423330/igi-certified-2-0-f-vvs2-round-lab-created-diamond-r,https://api.igi.org/viewpdf.php?r=LG727526823,NONE,Excellent,Excellent,57.00%,61.30%,1.01,8.12 - 8.06 x 4.96 mm,LV-ROUNDFVVS2-727526823
2423330,2,F,VVS2,Ideal,354,https://www.luvansh.com/product/2423330/igi-certified-2-0-f-vvs2-round-lab-created-diamond-r,https://api.igi.org/viewpdf.php?r=LG727526823,NONE,Excellent,Excellent,57.00%,61.30%,1.01,8.12 - 8.06 x 4.96 mm,LV-ROUNDFVVS2-727526823
2433022,2.08,E,VVS2,Ideal,344,https://www.luvansh.com/product/2433022/igi-certified-2-08-e-vvs2-round-lab-created-diamond-r,https://api.igi.org/viewpdf.php?r=LG749569723,NONE,Excellent,Excellent,58.00%,62.20%,1.01,8.18 - 8.13 x 5.07 mm,LV-ROUNDEVVS2-749569723
2433023,2.08,E,VVS2,Ideal,344,https://www.luvansh.com/product/2433023/igi-certified-2-08-e-vvs2-round-lab-created-diamond-r,https://api.igi.org/viewpdf.php?r=LG749569739,NONE,Excellent,Excellent,58.00%,61.00%,1,8.25 - 8.22 x 5.02 mm,LV-ROUNDEVVS2-749569739
2433026,2.08,E,VVS2,Ideal,344,https://www.luvansh.com/product/2433026/igi-certified-2-08-e-vvs2-round-lab-created-diamond-r,https://api.igi.org/viewpdf.php?r=LG749569539,NONE,Excellent,Excellent,58.00%,61.20%,1,8.22 - 8.18 x 5.02 mm,LV-ROUNDEVVS2-749569539
2433027,2.08,E,VVS2,Ideal,344,https://www.luvansh.com/product/2433027/igi-certified-2-08-e-vvs2-round-lab-created-diamond-r,https://api.igi.org/viewpdf.php?r=LG749569340,NONE,Excellent,Excellent,55.00%,61.90%,1.01,8.21 - 8.16 x 5.06 mm,LV-ROUNDEVVS2-749569340
2433033,2.07,E,VVS2,Ideal,344,https://www.luvansh.com/product/2433033/igi-certified-2-07-e-vvs2-round-lab-created-diamond-r,https://api.igi.org/viewpdf.php?r=LG749569748,NONE,Excellent,Excellent,58.00%,62.00%,1.01,8.17 - 8.12 x 5.05 mm,LV-ROUNDEVVS2-749569748
2433000,2.08,E,VVS2,Ideal,344,https://www.luvansh.com/product/2433000/igi-certified-2-08-e-vvs2-round-lab-created-diamond-r,https://api.igi.org/viewpdf.php?r=LG726536859,NONE,Excellent,Excellent,56.00%,61.50%,1,8.22 - 8.19 x 5.05 mm,LV-ROUNDEVVS2-726536859
2433001,2.08,E,VVS2,Ideal,344,https://www.luvansh.com/product/2433001/igi-certified-2-08-e-vvs2-round-lab-created-diamond-r,https://api.igi.org/viewpdf.php?r=LG726536901,NONE,Excellent,Excellent,56.00%,61.10%,1,8.27 - 8.23 x 5.05 mm,LV-ROUNDEVVS2-726536901
2433002,2.07,E,VVS2,Ideal,344,https://www.luvansh.com/product/2433002/igi-certified-2-07-e-vvs2-round-lab-created-diamond-r,https://api.igi.org/viewpdf.php?r=LG726536267,NONE,Excellent,Excellent,58.00%,62.30%,1,8.17 - 8.13 x 5.08 mm,LV-ROUNDEVVS2-726536267
2433007,2.07,E,VVS2,Ideal,344,https://www.luvansh.com/product/2433007/igi-certified-2-07-e-vvs2-round-lab-created-diamond-r,https://api.igi.org/viewpdf.php?r=LG726535598,NONE,Excellent,Excellent,58.00%,61.10%,1,8.21 - 8.17 x 5 mm,LV-ROUNDEVVS2-726535598
2424161,2.09,E,VVS2,Ideal,344,https://www.luvansh.com/product/2424161/igi-certified-2-09-e-vvs2-round-lab-created-diamond-r,https://api.igi.org/viewpdf.php?r=LG749579556,NONE,Excellent,Excellent,57.00%,61.90%,1,8.17 - 8.21 x 5.07 mm,LV-ROUNDEVVS2-749579556
2424162,2.09,E,VVS2,Ideal,344,https://www.luvansh.com/product/2424162/igi-certified-2-09-e-vvs2-round-lab-created-diamond-r,https://api.igi.org/viewpdf.php?r=LG749579537,NONE,Excellent,Excellent,58.00%,61.20%,1,8.2 - 8.23 x 5.03 mm,LV-ROUNDEVVS2-749579537
2424163,2.09,E,VVS2,Ideal,344,https://www.luvansh.com/product/2424163/igi-certified-2-09-e-vvs2-round-lab-created-diamond-r,https://api.igi.org/viewpdf.php?r=LG749579542,NONE,Excellent,Excellent,58.00%,62.00%,1,8.15 - 8.19 x 5.07 mm,LV-ROUNDEVVS2-749579542
2440715,2.08,E,VVS2,Ideal,344,https://www.luvansh.com/product/2440715/igi-certified-2-08-e-vvs2-round-lab-created-diamond-r,https://api.igi.org/viewpdf.php?r=LG756598645,NONE,Excellent,Excellent,57.00%,61.60%,1.01,8.2 - 8.12 x 5.03 mm,LV-ROUNDEVVS2-756598645
2440716,2.09,E,VVS2,Ideal,344,https://www.luvansh.com/product/2440716/igi-certified-2-09-e-vvs2-round-lab-created-diamond-r,https://api.igi.org/viewpdf.php?r=LG756598638,NONE,Excellent,Excellent,56.00%,61.60%,1,8.26 - 8.22 x 5.07 mm,LV-ROUNDEVVS2-756598638
2440717,2.09,E,VVS2,Ideal,344,https://www.luvansh.com/product/2440717/igi-certified-2-09-e-vvs2-round-lab-created-diamond-r,https://api.igi.org/viewpdf.php?r=LG756598601,NONE,Excellent,Excellent,57.00%,61.70%,1.01,8.24 - 8.17 x 5.06 mm,LV-ROUNDEVVS2-756598601
2440723,2.08,E,VVS2,Ideal,344,https://www.luvansh.com/product/2440723/igi-certified-2-08-e-vvs2-round-lab-created-diamond-r,https://api.igi.org/viewpdf.php?r=LG633480477,NONE,Excellent,Excellent,56.50%,61.80%,1,8.19 - 8.16 x 5.06 mm,LV-ROUNDEVVS2-633480477
2440724,2.08,E,VVS2,Ideal,344,https://www.luvansh.com/product/2440724/igi-certified-2-08-e-vvs2-round-lab-created-diamond-r,https://api.igi.org/viewpdf.php?r=LG633477976,NONE,Excellent,Excellent,55.00%,62.20%,1,8.2 - 8.19 x 5.09 mm,LV-ROUNDEVVS2-633477976
2440401,2.09,E,VVS2,Ideal,344,https://www.luvansh.com/product/2440401/igi-certified-2-09-e-vvs2-round-lab-created-diamond-r,https://api.igi.org/viewpdf.php?r=LG761567969,NONE,Excellent,Excellent,58.00%,61.70%,1,8.17 - 8.21 x 5.06 mm,LV-ROUNDEVVS2-761567969
2440402,2.09,E,VVS2,Ideal,344,https://www.luvansh.com/product/2440402/igi-certified-2-09-e-vvs2-round-lab-created-diamond-r,https://api.igi.org/viewpdf.php?r=LG763629382,NONE,Excellent,Excellent,57.00%,61.80%,1,8.13 - 8.17 x 5.04 mm,LV-ROUNDEVVS2-763629382
2440412,2.08,E,VVS2,Ideal,344,https://www.luvansh.com/product/2440412/igi-certified-2-08-e-vvs2-round-lab-created-diamond-r,https://api.igi.org/viewpdf.php?r=LG761568014,NONE,Excellent,Excellent,57.00%,61.60%,1,8.18 - 8.2 x 5.04 mm,LV-ROUNDEVVS2-761568014
2440415,2.07,E,VVS2,Ideal,344,https://www.luvansh.com/product/2440415/igi-certified-2-07-e-vvs2-round-lab-created-diamond-r,https://api.igi.org/viewpdf.php?r=LG758507308,NONE,Excellent,Excellent,57.00%,62.30%,1,8.1 - 8.14 x 5.06 mm,LV-ROUNDEVVS2-758507308
2363222,2.07,E,VVS2,Ideal,344,https://www.luvansh.com/product/2363222/igi-certified-2-07-e-vvs2-round-lab-created-diamond-r,https://api.igi.org/viewpdf.php?r=LG762578093,NONE,Excellent,Excellent,57.00%,61.80%,1,8.17 - 8.19 x 5.05 mm,LV-ROUNDEVVS2-762578093
2363225,2.07,E,VVS2,Ideal,344,https://www.luvansh.com/product/2363225/igi-certified-2-07-e-vvs2-round-lab-created-diamond-r,https://api.igi.org/viewpdf.php?r=LG763620779,NONE,Excellent,Excellent,58.00%,61.00%,1,8.21 - 8.25 x 5.02 mm,LV-ROUNDEVVS2-763620779
2363236,2.08,E,VVS2,Ideal,344,https://www.luvansh.com/product/2363236/igi-certified-2-08-e-vvs2-round-lab-created-diamond-r,https://api.igi.org/viewpdf.php?r=LG763628861,NONE,Excellent,Excellent,58.00%,62.30%,1,8.14 - 8.17 x 5.09 mm,LV-ROUNDEVVS2-763628861
2363237,2.08,E,VVS2,Ideal,344,https://www.luvansh.com/product/2363237/igi-certified-2-08-e-vvs2-round-lab-created-diamond-r,https://api.igi.org/viewpdf.php?r=LG762562915,NONE,Excellent,Excellent,58.00%,61.10%,1,8.23 - 8.27 x 5.03 mm,LV-ROUNDEVVS2-762562915
2363239,2.08,E,VVS2,Ideal,344,https://www.luvansh.com/product/2363239/igi-certified-2-08-e-vvs2-round-lab-created-diamond-r,https://api.igi.org/viewpdf.php?r=LG763629059,NONE,Excellent,Excellent,57.00%,62.30%,1,8.13 - 8.16 x 5.08 mm,LV-ROUNDEVVS2-763629059
2363240,2.08,E,VVS2,Ideal,344,https://www.luvansh.com/product/2363240/igi-certified-2-08-e-vvs2-round-lab-created-diamond-r,https://api.igi.org/viewpdf.php?r=LG762559310,NONE,Excellent,Excellent,58.00%,62.10%,1,8.17 - 8.21 x 5.09 mm,LV-ROUNDEVVS2-762559310
2363241,2.08,E,VVS2,Ideal,344,https://www.luvansh.com/product/2363241/igi-certified-2-08-e-vvs2-round-lab-created-diamond-r,https://api.igi.org/viewpdf.php?r=LG762559335,NONE,Excellent,Excellent,58.00%,61.50%,1,8.17 - 8.2 x 5.03 mm,LV-ROUNDEVVS2-762559335
2363243,2.08,E,VVS2,Ideal,344,https://www.luvansh.com/product/2363243/igi-certified-2-08-e-vvs2-round-lab-created-diamond-r,https://api.igi.org/viewpdf.php?r=LG762577940,NONE,Excellent,Excellent,57.00%,61.50%,1,8.19 - 8.23 x 5.05 mm,LV-ROUNDEVVS2-762577940
2363244,2.08,E,VVS2,Ideal,344,https://www.luvansh.com/product/2363244/igi-certified-2-08-e-vvs2-round-lab-created-diamond-r,https://api.igi.org/viewpdf.php?r=LG763629051,NONE,Excellent,Excellent,58.00%,61.50%,1,8.2 - 8.23 x 5.05 mm,LV-ROUNDEVVS2-763629051
2363247,2.08,E,VVS2,Ideal,344,https://www.luvansh.com/product/2363247/igi-certified-2-08-e-vvs2-round-lab-created-diamond-r,https://api.igi.org/viewpdf.php?r=LG762559313,NONE,Excellent,Excellent,58.00%,62.10%,1,8.15 - 8.19 x 5.07 mm,LV-ROUNDEVVS2-762559313
2363252,2.09,E,VVS2,Ideal,344,https://www.luvansh.com/product/2363252/igi-certified-2-09-e-vvs2-round-lab-created-diamond-r,https://api.igi.org/viewpdf.php?r=LG762501715,NONE,Excellent,Excellent,57.00%,61.50%,1,8.21 - 8.23 x 5.06 mm,LV-ROUNDEVVS2-762501715
2363253,2.09,E,VVS2,Ideal,344,https://www.luvansh.com/product/2363253/igi-certified-2-09-e-vvs2-round-lab-created-diamond-r,https://api.igi.org/viewpdf.php?r=LG762526729,NONE,Excellent,Excellent,57.00%,61.50%,1,8.22 - 8.25 x 5.07 mm,LV-ROUNDEVVS2-762526729
2363254,2.09,E,VVS2,Ideal,344,https://www.luvansh.com/product/2363254/igi-certified-2-09-e-vvs2-round-lab-created-diamond-r,https://api.igi.org/viewpdf.php?r=LG762501645,NONE,Excellent,Excellent,58.00%,62.10%,1,8.18 - 8.22 x 5.1 mm,LV-ROUNDEVVS2-762501645
2363258,2.09,E,VVS2,Ideal,344,https://www.luvansh.com/product/2363258/igi-certified-2-09-e-vvs2-round-lab-created-diamond-r,https://api.igi.org/viewpdf.php?r=LG762562918,NONE,Excellent,Excellent,58.00%,61.80%,1,8.17 - 8.21 x 5.06 mm,LV-ROUNDEVVS2-762562918
2363259,2.09,E,VVS2,Ideal,344,https://www.luvansh.com/product/2363259/igi-certified-2-09-e-vvs2-round-lab-created-diamond-r,https://api.igi.org/viewpdf.php?r=LG762559323,NONE,Excellent,Excellent,57.00%,61.70%,1,8.18 - 8.2 x 5.06 mm,LV-ROUNDEVVS2-762559323
2363260,2.09,E,VVS2,Ideal,344,https://www.luvansh.com/product/2363260/igi-certified-2-09-e-vvs2-round-lab-created-diamond-r,https://api.igi.org/viewpdf.php?r=LG762581980,NONE,Excellent,Excellent,57.00%,62.00%,1,8.17 - 8.2 x 5.07 mm,LV-ROUNDEVVS2-762581980
2363265,2.09,E,VVS2,Ideal,344,https://www.luvansh.com/product/2363265/igi-certified-2-09-e-vvs2-round-lab-created-diamond-r,https://api.igi.org/viewpdf.php?r=LG762526702,NONE,Excellent,Excellent,58.00%,61.80%,1,8.13 - 8.17 x 5.04 mm,LV-ROUNDEVVS2-762526702
2363268,2.09,E,VVS2,Ideal,344,https://www.luvansh.com/product/2363268/igi-certified-2-09-e-vvs2-round-lab-created-diamond-r,https://api.igi.org/viewpdf.php?r=LG762577076,NONE,Excellent,Excellent,57.00%,61.50%,1,8.19 - 8.23 x 5.05 mm,LV-ROUNDEVVS2-762577076
2363269,2.09,E,VVS2,Ideal,344,https://www.luvansh.com/product/2363269/igi-certified-2-09-e-vvs2-round-lab-created-diamond-r,https://api.igi.org/viewpdf.php?r=LG762501510,NONE,Excellent,Excellent,58.00%,62.10%,1,8.17 - 8.19 x 5.08 mm,LV-ROUNDEVVS2-762501510
2363271,2.09,E,VVS2,Ideal,344,https://www.luvansh.com/product/2363271/igi-certified-2-09-e-vvs2-round-lab-created-diamond-r,https://api.igi.org/viewpdf.php?r=LG763620930,NONE,Excellent,Excellent,58.00%,62.20%,1,8.13 - 8.16 x 5.07 mm,LV-ROUNDEVVS2-763620930
2363272,2.09,E,VVS2,Ideal,344,https://www.luvansh.com/product/2363272/igi-certified-2-09-e-vvs2-round-lab-created-diamond-r,https://api.igi.org/viewpdf.php?r=LG763620879,NONE,Excellent,Excellent,57.00%,61.90%,1,8.17 - 8.2 x 5.07 mm,LV-ROUNDEVVS2-763620879
2363273,2.09,E,VVS2,Ideal,344,https://www.luvansh.com/product/2363273/igi-certified-2-09-e-vvs2-round-lab-created-diamond-r,https://api.igi.org/viewpdf.php?r=LG762578009,NONE,Excellent,Excellent,57.00%,62.00%,1,8.17 - 8.21 x 5.07 mm,LV-ROUNDEVVS2-762578009
2363294,2.08,E,VVS2,Ideal,344,https://www.luvansh.com/product/2363294/igi-certified-2-08-e-vvs2-round-lab-created-diamond-r,https://api.igi.org/viewpdf.php?r=LG763667271,NONE,Excellent,Excellent,58.00%,61.00%,1,8.22 - 8.24 x 5.02 mm,LV-ROUNDEVVS2-763667271
2351496,2.09,E,VVS2,Ideal,344,https://www.luvansh.com/product/2351496/igi-certified-2-09-e-vvs2-round-lab-created-diamond-r,https://api.igi.org/viewpdf.php?r=LG752531105,NONE,Excellent,Excellent,57.00%,61.60%,1,8.18 - 8.22 x 5.05 mm,LV-ROUNDEVVS2-752531105
2351992,2.08,E,VVS2,Ideal,344,https://www.luvansh.com/product/2351992/igi-certified-2-08-e-vvs2-round-lab-created-diamond-r,https://api.igi.org/viewpdf.php?r=LG762512496,NONE,Excellent,Excellent,58.00%,61.20%,1,8.21 - 8.24 x 5.03 mm,LV-ROUNDEVVS2-762512496
2351704,2.07,E,VVS2,Ideal,344,https://www.luvansh.com/product/2351704/igi-certified-2-07-e-vvs2-round-lab-created-diamond-r,https://api.igi.org/viewpdf.php?r=LG750566902,NONE,Excellent,Excellent,56.00%,61.20%,1,8.2 - 8.17 x 5.01 mm,LV-ROUNDEVVS2-750566902
2351706,2.07,E,VVS2,Ideal,344,https://www.luvansh.com/product/2351706/igi-certified-2-07-e-vvs2-round-lab-created-diamond-r,https://api.igi.org/viewpdf.php?r=LG750570976,NONE,Excellent,Excellent,58.00%,61.70%,1,8.18 - 8.15 x 5.04 mm,LV-ROUNDEVVS2-750570976
2417131,2.08,E,VVS2,Ideal,344,https://www.luvansh.com/product/2417131/igi-certified-2-08-e-vvs2-round-lab-created-diamond-r,https://api.igi.org/viewpdf.php?r=LG758569757,NONE,Excellent,Excellent,56.00%,62.10%,1,8.09 - 8.13 x 5.04 mm,LV-ROUNDEVVS2-758569757
2417133,2.07,E,VVS2,Ideal,344,https://www.luvansh.com/product/2417133/igi-certified-2-07-e-vvs2-round-lab-created-diamond-r,https://api.igi.org/viewpdf.php?r=LG758569753,NONE,Excellent,Excellent,57.00%,61.70%,1,8.16 - 8.19 x 5.05 mm,LV-ROUNDEVVS2-758569753
2361129,2.09,E,VVS2,Ideal,344,https://www.luvansh.com/product/2361129/igi-certified-2-09-e-vvs2-round-lab-created-diamond-r,https://api.igi.org/viewpdf.php?r=LG756543658,NONE,Excellent,Excellent,58.00%,61.20%,1,8.21 - 8.25 x 5.04 mm,LV-ROUNDEVVS2-756543658
2361140,2.07,E,VVS2,Ideal,344,https://www.luvansh.com/product/2361140/igi-certified-2-07-e-vvs2-round-lab-created-diamond-r,https://api.igi.org/viewpdf.php?r=LG754569497,NONE,Excellent,Excellent,57.00%,62.10%,1,8.11 - 8.14 x 5.04 mm,LV-ROUNDEVVS2-754569497
2361143,2.07,E,VVS2,Ideal,344,https://www.luvansh.com/product/2361143/igi-certified-2-07-e-vvs2-round-lab-created-diamond-r,https://api.igi.org/viewpdf.php?r=LG756536911,NONE,Excellent,Excellent,58.00%,62.20%,1,8.11 - 8.15 x 5.06 mm,LV-ROUNDEVVS2-756536911
2103229,1.89,D,VVS2,Ideal,344,https://www.luvansh.com/product/2103229/igi-certified-1-89-d-vvs2-round-lab-created-diamond-r,https://api.igi.org/viewpdf.php?r=LG747524650,NONE,Excellent,Excellent,57.00%,61.70%,1,7.91 - 7.94 x 4.89 mm,LV-ROUNDDVVS2-747524650
1928690,1.9,D,VVS2,Ideal,344,https://www.luvansh.com/product/1928690/igi-certified-1-9-d-vvs2-round-lab-created-diamond-r,https://api.igi.org/viewpdf.php?r=LG741541623,NONE,Excellent,Excellent,57.00%,61.40%,1.01,7.96 - 7.92 x 4.88 mm,LV-ROUNDDVVS2-741541623
2433022,2.08,E,VVS2,Ideal,344,https://www.luvansh.com/product/2433022/igi-certified-2-08-e-vvs2-round-lab-created-diamond-r,https://api.igi.org/viewpdf.php?r=LG749569723,NONE,Excellent,Excellent,58.00%,62.20%,1.01,8.18 - 8.13 x 5.07 mm,LV-ROUNDEVVS2-749569723
2433023,2.08,E,VVS2,Ideal,344,https://www.luvansh.com/product/2433023/igi-certified-2-08-e-vvs2-round-lab-created-diamond-r,https://api.igi.org/viewpdf.php?r=LG749569739,NONE,Excellent,Excellent,58.00%,61.00%,1,8.25 - 8.22 x 5.02 mm,LV-ROUNDEVVS2-749569739
2433026,2.08,E,VVS2,Ideal,344,https://www.luvansh.com/product/2433026/igi-certified-2-08-e-vvs2-round-lab-created-diamond-r,https://api.igi.org/viewpdf.php?r=LG749569539,NONE,Excellent,Excellent,58.00%,61.20%,1,8.22 - 8.18 x 5.02 mm,LV-ROUNDEVVS2-749569539
2433027,2.08,E,VVS2,Ideal,344,https://www.luvansh.com/product/2433027/igi-certified-2-08-e-vvs2-round-lab-created-diamond-r,https://api.igi.org/viewpdf.php?r=LG749569340,NONE,Excellent,Excellent,55.00%,61.90%,1.01,8.21 - 8.16 x 5.06 mm,LV-ROUNDEVVS2-749569340
2433033,2.07,E,VVS2,Ideal,344,https://www.luvansh.com/product/2433033/igi-certified-2-07-e-vvs2-round-lab-created-diamond-r,https://api.igi.org/viewpdf.php?r=LG749569748,NONE,Excellent,Excellent,58.00%,62.00%,1.01,8.17 - 8.12 x 5.05 mm,LV-ROUNDEVVS2-749569748
2433000,2.08,E,VVS2,Ideal,344,https://www.luvansh.com/product/2433000/igi-certified-2-08-e-vvs2-round-lab-created-diamond-r,https://api.igi.org/viewpdf.php?r=LG726536859,NONE,Excellent,Excellent,56.00%,61.50%,1,8.22 - 8.19 x 5.05 mm,LV-ROUNDEVVS2-726536859
2433001,2.08,E,VVS2,Ideal,344,https://www.luvansh.com/product/2433001/igi-certified-2-08-e-vvs2-round-lab-created-diamond-r,https://api.igi.org/viewpdf.php?r=LG726536901,NONE,Excellent,Excellent,56.00%,61.10%,1,8.27 - 8.23 x 5.05 mm,LV-ROUNDEVVS2-726536901
2433002,2.07,E,VVS2,Ideal,344,https://www.luvansh.com/product/2433002/igi-certified-2-07-e-vvs2-round-lab-created-diamond-r,https://api.igi.org/viewpdf.php?r=LG726536267,NONE,Excellent,Excellent,58.00%,62.30%,1,8.17 - 8.13 x 5.08 mm,LV-ROUNDEVVS2-726536267
2433007,2.07,E,VVS2,Ideal,344,https://www.luvansh.com/product/2433007/igi-certified-2-07-e-vvs2-round-lab-created-diamond-r,https://api.igi.org/viewpdf.php?r=LG726535598,NONE,Excellent,Excellent,58.00%,61.10%,1,8.21 - 8.17 x 5 mm,LV-ROUNDEVVS2-726535598
2424161,2.09,E,VVS2,Ideal,344,https://www.luvansh.com/product/2424161/igi-certified-2-09-e-vvs2-round-lab-created-diamond-r,https://api.igi.org/viewpdf.php?r=LG749579556,NONE,Excellent,Excellent,57.00%,61.90%,1,8.17 - 8.21 x 5.07 mm,LV-ROUNDEVVS2-749579556
2424162,2.09,E,VVS2,Ideal,344,https://www.luvansh.com/product/2424162/igi-certified-2-09-e-vvs2-round-lab-created-diamond-r,https://api.igi.org/viewpdf.php?r=LG749579537,NONE,Excellent,Excellent,58.00%,61.20%,1,8.2 - 8.23 x 5.03 mm,LV-ROUNDEVVS2-749579537
2424163,2.09,E,VVS2,Ideal,344,https://www.luvansh.com/product/2424163/igi-certified-2-09-e-vvs2-round-lab-created-diamond-r,https://api.igi.org/viewpdf.php?r=LG749579542,NONE,Excellent,Excellent,58.00%,62.00%,1,8.15 - 8.19 x 5.07 mm,LV-ROUNDEVVS2-749579542
2440715,2.08,E,VVS2,Ideal,344,https://www.luvansh.com/product/2440715/igi-certified-2-08-e-vvs2-round-lab-created-diamond-r,https://api.igi.org/viewpdf.php?r=LG756598645,NONE,Excellent,Excellent,57.00%,61.60%,1.01,8.2 - 8.12 x 5.03 mm,LV-ROUNDEVVS2-756598645
2440716,2.09,E,VVS2,Ideal,344,https://www.luvansh.com/product/2440716/igi-certified-2-09-e-vvs2-round-lab-created-diamond-r,https://api.igi.org/viewpdf.php?r=LG756598638,NONE,Excellent,Excellent,56.00%,61.60%,1,8.26 - 8.22 x 5.07 mm,LV-ROUNDEVVS2-756598638
2440717,2.09,E,VVS2,Ideal,344,https://www.luvansh.com/product/2440717/igi-certified-2-09-e-vvs2-round-lab-created-diamond-r,https://api.igi.org/viewpdf.php?r=LG756598601,NONE,Excellent,Excellent,57.00%,61.70%,1.01,8.24 - 8.17 x 5.06 mm,LV-ROUNDEVVS2-756598601
2440723,2.08,E,VVS2,Ideal,344,https://www.luvansh.com/product/2440723/igi-certified-2-08-e-vvs2-round-lab-created-diamond-r,https://api.igi.org/viewpdf.php?r=LG633480477,NONE,Excellent,Excellent,56.50%,61.80%,1,8.19 - 8.16 x 5.06 mm,LV-ROUNDEVVS2-633480477
2440724,2.08,E,VVS2,Ideal,344,https://www.luvansh.com/product/2440724/igi-certified-2-08-e-vvs2-round-lab-created-diamond-r,https://api.igi.org/viewpdf.php?r=LG633477976,NONE,Excellent,Excellent,55.00%,62.20%,1,8.2 - 8.19 x 5.09 mm,LV-ROUNDEVVS2-633477976
2440401,2.09,E,VVS2,Ideal,344,https://www.luvansh.com/product/2440401/igi-certified-2-09-e-vvs2-round-lab-created-diamond-r,https://api.igi.org/viewpdf.php?r=LG761567969,NONE,Excellent,Excellent,58.00%,61.70%,1,8.17 - 8.21 x 5.06 mm,LV-ROUNDEVVS2-761567969
2440402,2.09,E,VVS2,Ideal,344,https://www.luvansh.com/product/2440402/igi-certified-2-09-e-vvs2-round-lab-created-diamond-r,https://api.igi.org/viewpdf.php?r=LG763629382,NONE,Excellent,Excellent,57.00%,61.80%,1,8.13 - 8.17 x 5.04 mm,LV-ROUNDEVVS2-763629382
2440412,2.08,E,VVS2,Ideal,344,https://www.luvansh.com/product/2440412/igi-certified-2-08-e-vvs2-round-lab-created-diamond-r,https://api.igi.org/viewpdf.php?r=LG761568014,NONE,Excellent,Excellent,57.00%,61.60%,1,8.18 - 8.2 x 5.04 mm,LV-ROUNDEVVS2-761568014
2440415,2.07,E,VVS2,Ideal,344,https://www.luvansh.com/product/2440415/igi-certified-2-07-e-vvs2-round-lab-created-diamond-r,https://api.igi.org/viewpdf.php?r=LG758507308,NONE,Excellent,Excellent,57.00%,62.30%,1,8.1 - 8.14 x 5.06 mm,LV-ROUNDEVVS2-758507308
2363222,2.07,E,VVS2,Ideal,344,https://www.luvansh.com/product/2363222/igi-certified-2-07-e-vvs2-round-lab-created-diamond-r,https://api.igi.org/viewpdf.php?r=LG762578093,NONE,Excellent,Excellent,57.00%,61.80%,1,8.17 - 8.19 x 5.05 mm,LV-ROUNDEVVS2-762578093
2363225,2.07,E,VVS2,Ideal,344,https://www.luvansh.com/product/2363225/igi-certified-2-07-e-vvs2-round-lab-created-diamond-r,https://api.igi.org/viewpdf.php?r=LG763620779,NONE,Excellent,Excellent,58.00%,61.00%,1,8.21 - 8.25 x 5.02 mm,LV-ROUNDEVVS2-763620779
2363236,2.08,E,VVS2,Ideal,344,https://www.luvansh.com/product/2363236/igi-certified-2-08-e-vvs2-round-lab-created-diamond-r,https://api.igi.org/viewpdf.php?r=LG763628861,NONE,Excellent,Excellent,58.00%,62.30%,1,8.14 - 8.17 x 5.09 mm,LV-ROUNDEVVS2-763628861
2363237,2.08,E,VVS2,Ideal,344,https://www.luvansh.com/product/2363237/igi-certified-2-08-e-vvs2-round-lab-created-diamond-r,https://api.igi.org/viewpdf.php?r=LG762562915,NONE,Excellent,Excellent,58.00%,61.10%,1,8.23 - 8.27 x 5.03 mm,LV-ROUNDEVVS2-762562915
2363239,2.08,E,VVS2,Ideal,344,https://www.luvansh.com/product/2363239/igi-certified-2-08-e-vvs2-round-lab-created-diamond-r,https://api.igi.org/viewpdf.php?r=LG763629059,NONE,Excellent,Excellent,57.00%,62.30%,1,8.13 - 8.16 x 5.08 mm,LV-ROUNDEVVS2-763629059
2363240,2.08,E,VVS2,Ideal,344,https://www.luvansh.com/product/2363240/igi-certified-2-08-e-vvs2-round-lab-created-diamond-r,https://api.igi.org/viewpdf.php?r=LG762559310,NONE,Excellent,Excellent,58.00%,62.10%,1,8.17 - 8.21 x 5.09 mm,LV-ROUNDEVVS2-762559310
2363241,2.08,E,VVS2,Ideal,344,https://www.luvansh.com/product/2363241/igi-certified-2-08-e-vvs2-round-lab-created-diamond-r,https://api.igi.org/viewpdf.php?r=LG762559335,NONE,Excellent,Excellent,58.00%,61.50%,1,8.17 - 8.2 x 5.03 mm,LV-ROUNDEVVS2-762559335
2363243,2.08,E,VVS2,Ideal,344,https://www.luvansh.com/product/2363243/igi-certified-2-08-e-vvs2-round-lab-created-diamond-r,https://api.igi.org/viewpdf.php?r=LG762577940,NONE,Excellent,Excellent,57.00%,61.50%,1,8.19 - 8.23 x 5.05 mm,LV-ROUNDEVVS2-762577940
2363244,2.08,E,VVS2,Ideal,344,https://www.luvansh.com/product/2363244/igi-certified-2-08-e-vvs2-round-lab-created-diamond-r,https://api.igi.org/viewpdf.php?r=LG763629051,NONE,Excellent,Excellent,58.00%,61.50%,1,8.2 - 8.23 x 5.05 mm,LV-ROUNDEVVS2-763629051
2363247,2.08,E,VVS2,Ideal,344,https://www.luvansh.com/product/2363247/igi-certified-2-08-e-vvs2-round-lab-created-diamond-r,https://api.igi.org/viewpdf.php?r=LG762559313,NONE,Excellent,Excellent,58.00%,62.10%,1,8.15 - 8.19 x 5.07 mm,LV-ROUNDEVVS2-762559313
2363252,2.09,E,VVS2,Ideal,344,https://www.luvansh.com/product/2363252/igi-certified-2-09-e-vvs2-round-lab-created-diamond-r,https://api.igi.org/viewpdf.php?r=LG762501715,NONE,Excellent,Excellent,57.00%,61.50%,1,8.21 - 8.23 x 5.06 mm,LV-ROUNDEVVS2-762501715
2363253,2.09,E,VVS2,Ideal,344,https://www.luvansh.com/product/2363253/igi-certified-2-09-e-vvs2-round-lab-created-diamond-r,https://api.igi.org/viewpdf.php?r=LG762526729,NONE,Excellent,Excellent,57.00%,61.50%,1,8.22 - 8.25 x 5.07 mm,LV-ROUNDEVVS2-762526729
2363254,2.09,E,VVS2,Ideal,344,https://www.luvansh.com/product/2363254/igi-certified-2-09-e-vvs2-round-lab-created-diamond-r,https://api.igi.org/viewpdf.php?r=LG762501645,NONE,Excellent,Excellent,58.00%,62.10%,1,8.18 - 8.22 x 5.1 mm,LV-ROUNDEVVS2-762501645
2363258,2.09,E,VVS2,Ideal,344,https://www.luvansh.com/product/2363258/igi-certified-2-09-e-vvs2-round-lab-created-diamond-r,https://api.igi.org/viewpdf.php?r=LG762562918,NONE,Excellent,Excellent,58.00%,61.80%,1,8.17 - 8.21 x 5.06 mm,LV-ROUNDEVVS2-762562918
2363259,2.09,E,VVS2,Ideal,344,https://www.luvansh.com/product/2363259/igi-certified-2-09-e-vvs2-round-lab-created-diamond-r,https://api.igi.org/viewpdf.php?r=LG762559323,NONE,Excellent,Excellent,57.00%,61.70%,1,8.18 - 8.2 x 5.06 mm,LV-ROUNDEVVS2-762559323
2363260,2.09,E,VVS2,Ideal,344,https://www.luvansh.com/product/2363260/igi-certified-2-09-e-vvs2-round-lab-created-diamond-r,https://api.igi.org/viewpdf.php?r=LG762581980,NONE,Excellent,Excellent,57.00%,62.00%,1,8.17 - 8.2 x 5.07 mm,LV-ROUNDEVVS2-762581980
2363265,2.09,E,VVS2,Ideal,344,https://www.luvansh.com/product/2363265/igi-certified-2-09-e-vvs2-round-lab-created-diamond-r,https://api.igi.org/viewpdf.php?r=LG762526702,NONE,Excellent,Excellent,58.00%,61.80%,1,8.13 - 8.17 x 5.04 mm,LV-ROUNDEVVS2-762526702
2363268,2.09,E,VVS2,Ideal,344,https://www.luvansh.com/product/2363268/igi-certified-2-09-e-vvs2-round-lab-created-diamond-r,https://api.igi.org/viewpdf.php?r=LG762577076,NONE,Excellent,Excellent,57.00%,61.50%,1,8.19 - 8.23 x 5.05 mm,LV-ROUNDEVVS2-762577076
2363269,2.09,E,VVS2,Ideal,344,https://www.luvansh.com/product/2363269/igi-certified-2-09-e-vvs2-round-lab-created-diamond-r,https://api.igi.org/viewpdf.php?r=LG762501510,NONE,Excellent,Excellent,58.00%,62.10%,1,8.17 - 8.19 x 5.08 mm,LV-ROUNDEVVS2-762501510
2363271,2.09,E,VVS2,Ideal,344,https://www.luvansh.com/product/2363271/igi-certified-2-09-e-vvs2-round-lab-created-diamond-r,https://api.igi.org/viewpdf.php?r=LG763620930,NONE,Excellent,Excellent,58.00%,62.20%,1,8.13 - 8.16 x 5.07 mm,LV-ROUNDEVVS2-763620930
2363272,2.09,E,VVS2,Ideal,344,https://www.luvansh.com/product/2363272/igi-certified-2-09-e-vvs2-round-lab-created-diamond-r,https://api.igi.org/viewpdf.php?r=LG763620879,NONE,Excellent,Excellent,57.00%,61.90%,1,8.17 - 8.2 x 5.07 mm,LV-ROUNDEVVS2-763620879
2363273,2.09,E,VVS2,Ideal,344,https://www.luvansh.com/product/2363273/igi-certified-2-09-e-vvs2-round-lab-created-diamond-r,https://api.igi.org/viewpdf.php?r=LG762578009,NONE,Excellent,Excellent,57.00%,62.00%,1,8.17 - 8.21 x 5.07 mm,LV-ROUNDEVVS2-762578009
2363294,2.08,E,VVS2,Ideal,344,https://www.luvansh.com/product/2363294/igi-certified-2-08-e-vvs2-round-lab-created-diamond-r,https://api.igi.org/viewpdf.php?r=LG763667271,NONE,Excellent,Excellent,58.00%,61.00%,1,8.22 - 8.24 x 5.02 mm,LV-ROUNDEVVS2-763667271
2351496,2.09,E,VVS2,Ideal,344,https://www.luvansh.com/product/2351496/igi-certified-2-09-e-vvs2-round-lab-created-diamond-r,https://api.igi.org/viewpdf.php?r=LG752531105,NONE,Excellent,Excellent,57.00%,61.60%,1,8.18 - 8.22 x 5.05 mm,LV-ROUNDEVVS2-752531105
2351992,2.08,E,VVS2,Ideal,344,https://www.luvansh.com/product/2351992/igi-certified-2-08-e-vvs2-round-lab-created-diamond-r,https://api.igi.org/viewpdf.php?r=LG762512496,NONE,Excellent,Excellent,58.00%,61.20%,1,8.21 - 8.24 x 5.03 mm,LV-ROUNDEVVS2-762512496
2351704,2.07,E,VVS2,Ideal,344,https://www.luvansh.com/product/2351704/igi-certified-2-07-e-vvs2-round-lab-created-diamond-r,https://api.igi.org/viewpdf.php?r=LG750566902,NONE,Excellent,Excellent,56.00%,61.20%,1,8.2 - 8.17 x 5.01 mm,LV-ROUNDEVVS2-750566902
2351706,2.07,E,VVS2,Ideal,344,https://www.luvansh.com/product/2351706/igi-certified-2-07-e-vvs2-round-lab-created-diamond-r,https://api.igi.org/viewpdf.php?r=LG750570976,NONE,Excellent,Excellent,58.00%,61.70%,1,8.18 - 8.15 x 5.04 mm,LV-ROUNDEVVS2-750570976
2417131,2.08,E,VVS2,Ideal,344,https://www.luvansh.com/product/2417131/igi-certified-2-08-e-vvs2-round-lab-created-diamond-r,https://api.igi.org/viewpdf.php?r=LG758569757,NONE,Excellent,Excellent,56.00%,62.10%,1,8.09 - 8.13 x 5.04 mm,LV-ROUNDEVVS2-758569757
2417133,2.07,E,VVS2,Ideal,344,https://www.luvansh.com/product/2417133/igi-certified-2-07-e-vvs2-round-lab-created-diamond-r,https://api.igi.org/viewpdf.php?r=LG758569753,NONE,Excellent,Excellent,57.00%,61.70%,1,8.16 - 8.19 x 5.05 mm,LV-ROUNDEVVS2-758569753
2361129,2.09,E,VVS2,Ideal,344,https://www.luvansh.com/product/2361129/igi-certified-2-09-e-vvs2-round-lab-created-diamond-r,https://api.igi.org/viewpdf.php?r=LG756543658,NONE,Excellent,Excellent,58.00%,61.20%,1,8.21 - 8.25 x 5.04 mm,LV-ROUNDEVVS2-756543658
2361140,2.07,E,VVS2,Ideal,344,https://www.luvansh.com/product/2361140/igi-certified-2-07-e-vvs2-round-lab-created-diamond-r,https://api.igi.org/viewpdf.php?r=LG754569497,NONE,Excellent,Excellent,57.00%,62.10%,1,8.11 - 8.14 x 5.04 mm,LV-ROUNDEVVS2-754569497
2361143,2.07,E,VVS2,Ideal,344,https://www.luvansh.com/product/2361143/igi-certified-2-07-e-vvs2-round-lab-created-diamond-r,https://api.igi.org/viewpdf.php?r=LG756536911,NONE,Excellent,Excellent,58.00%,62.20%,1,8.11 - 8.15 x 5.06 mm,LV-ROUNDEVVS2-756536911
2103229,1.89,D,VVS2,Ideal,344,https://www.luvansh.com/product/2103229/igi-certified-1-89-d-vvs2-round-lab-created-diamond-r,https://api.igi.org/viewpdf.php?r=LG747524650,NONE,Excellent,Excellent,57.00%,61.70%,1,7.91 - 7.94 x 4.89 mm,LV-ROUNDDVVS2-747524650
1928690,1.9,D,VVS2,Ideal,344,https://www.luvansh.com/product/1928690/igi-certified-1-9-d-vvs2-round-lab-created-diamond-r,https://api.igi.org/viewpdf.php?r=LG741541623,NONE,Excellent,Excellent,57.00%,61.40%,1.01,7.96 - 7.92 x 4.88 mm,LV-ROUNDDVVS2-741541623
2103285,1.87,D,VVS2,Ideal,340,https://www.luvansh.com/product/2103285/igi-certified-1-87-d-vvs2-round-lab-created-diamond-r,https://api.igi.org/viewpdf.php?r=LG754544721,NONE,Excellent,Excellent,58.00%,61.20%,1,7.9 - 7.93 x 4.85 mm,LV-ROUNDDVVS2-754544721
2417067,2.04,E,VVS2,Ideal,340,https://www.luvansh.com/product/2417067/igi-certified-2-04-e-vvs2-round-lab-created-diamond-r,https://api.igi.org/viewpdf.php?r=LG749540103,NONE,Excellent,Excellent,57.00%,61.10%,1,8.15 - 8.17 x 4.98 mm,LV-ROUNDEVVS2-749540103
2417074,2.04,E,VVS2,Ideal,340,https://www.luvansh.com/product/2417074/igi-certified-2-04-e-vvs2-round-lab-created-diamond-r,https://api.igi.org/viewpdf.php?r=LG749540000,NONE,Excellent,Excellent,58.00%,61.60%,1,8.13 - 8.15 x 5.02 mm,LV-ROUNDEVVS2-749540000
2417086,2.04,E,VVS2,Ideal,340,https://www.luvansh.com/product/2417086/igi-certified-2-04-e-vvs2-round-lab-created-diamond-r,https://api.igi.org/viewpdf.php?r=LG764633687,NONE,Excellent,Excellent,58.00%,61.60%,1,8.12 - 8.14 x 5.01 mm,LV-ROUNDEVVS2-764633687
2363207,2.06,E,VVS2,Ideal,340,https://www.luvansh.com/product/2363207/igi-certified-2-06-e-vvs2-round-lab-created-diamond-r,https://api.igi.org/viewpdf.php?r=LG763667298,NONE,Excellent,Excellent,58.00%,62.30%,1,8.14 - 8.16 x 5.08 mm,LV-ROUNDEVVS2-763667298
2363208,2.06,E,VVS2,Ideal,340,https://www.luvansh.com/product/2363208/igi-certified-2-06-e-vvs2-round-lab-created-diamond-r,https://api.igi.org/viewpdf.php?r=LG763629056,NONE,Excellent,Excellent,58.00%,62.00%,1,8.12 - 8.14 x 5.04 mm,LV-ROUNDEVVS2-763629056
2440426,2.06,E,VVS2,Ideal,340,https://www.luvansh.com/product/2440426/igi-certified-2-06-e-vvs2-round-lab-created-diamond-r,https://api.igi.org/viewpdf.php?r=LG761570399,NONE,Excellent,Excellent,57.00%,62.00%,1,8.08 - 8.11 x 5.02 mm,LV-ROUNDEVVS2-761570399
2440427,2.06,E,VVS2,Ideal,340,https://www.luvansh.com/product/2440427/igi-certified-2-06-e-vvs2-round-lab-created-diamond-r,https://api.igi.org/viewpdf.php?r=LG762577599,NONE,Excellent,Excellent,58.00%,61.70%,1,8.1 - 8.14 x 5.02 mm,LV-ROUNDEVVS2-762577599
2440430,2.06,E,VVS2,Ideal,340,https://www.luvansh.com/product/2440430/igi-certified-2-06-e-vvs2-round-lab-created-diamond-r,https://api.igi.org/viewpdf.php?r=LG763628631,NONE,Excellent,Excellent,57.00%,61.30%,1,8.14 - 8.18 x 5 mm,LV-ROUNDEVVS2-763628631
2440434,2.05,E,VVS2,Ideal,340,https://www.luvansh.com/product/2440434/igi-certified-2-05-e-vvs2-round-lab-created-diamond-r,https://api.igi.org/viewpdf.php?r=LG757508928,NONE,Excellent,Excellent,58.00%,61.60%,1,8.13 - 8.14 x 5.01 mm,LV-ROUNDEVVS2-757508928
2440749,2.05,E,VVS2,Ideal,340,https://www.luvansh.com/product/2440749/igi-certified-2-05-e-vvs2-round-lab-created-diamond-r,https://api.igi.org/viewpdf.php?r=LG739568471,NONE,Excellent,Excellent,58.00%,61.50%,1.01,8.2 - 8.15 x 5.02 mm,LV-ROUNDEVVS2-739568471
2440789,2.04,E,VVS2,Ideal,340,https://www.luvansh.com/product/2440789/igi-certified-2-04-e-vvs2-round-lab-created-diamond-r,https://api.igi.org/viewpdf.php?r=LG758525237,NONE,Excellent,Excellent,56.00%,62.10%,1,8.11 - 8.15 x 5.05 mm,LV-ROUNDEVVS2-758525237
2440699,2.04,E,VVS2,Ideal,340,https://www.luvansh.com/product/2440699/igi-certified-2-04-e-vvs2-round-lab-created-diamond-r,https://api.igi.org/viewpdf.php?r=LG756598646,NONE,Excellent,Excellent,57.00%,61.60%,1,8.14 - 8.1 x 5 mm,LV-ROUNDEVVS2-756598646
2440705,2.05,E,VVS2,Ideal,340,https://www.luvansh.com/product/2440705/igi-certified-2-05-e-vvs2-round-lab-created-diamond-r,https://api.igi.org/viewpdf.php?r=LG756550270,NONE,Excellent,Excellent,58.00%,61.40%,1.01,8.19 - 8.14 x 5.01 mm,LV-ROUNDEVVS2-756550270
2433009,2.06,E,VVS2,Ideal,340,https://www.luvansh.com/product/2433009/igi-certified-2-06-e-vvs2-round-lab-created-diamond-r,https://api.igi.org/viewpdf.php?r=LG726535154,NONE,Excellent,Excellent,56.00%,61.10%,1,8.21 - 8.18 x 5.01 mm,LV-ROUNDEVVS2-726535154
2433013,2.05,E,VVS2,Ideal,340,https://www.luvansh.com/product/2433013/igi-certified-2-05-e-vvs2-round-lab-created-diamond-r,https://api.igi.org/viewpdf.php?r=LG726536327,NONE,Excellent,Excellent,57.00%,61.10%,1,8.2 - 8.16 x 5 mm,LV-ROUNDEVVS2-726536327
2103285,1.87,D,VVS2,Ideal,340,https://www.luvansh.com/product/2103285/igi-certified-1-87-d-vvs2-round-lab-created-diamond-r,https://api.igi.org/viewpdf.php?r=LG754544721,NONE,Excellent,Excellent,58.00%,61.20%,1,7.9 - 7.93 x 4.85 mm,LV-ROUNDDVVS2-754544721
2417067,2.04,E,VVS2,Ideal,340,https://www.luvansh.com/product/2417067/igi-certified-2-04-e-vvs2-round-lab-created-diamond-r,https://api.igi.org/viewpdf.php?r=LG749540103,NONE,Excellent,Excellent,57.00%,61.10%,1,8.15 - 8.17 x 4.98 mm,LV-ROUNDEVVS2-749540103
2417074,2.04,E,VVS2,Ideal,340,https://www.luvansh.com/product/2417074/igi-certified-2-04-e-vvs2-round-lab-created-diamond-r,https://api.igi.org/viewpdf.php?r=LG749540000,NONE,Excellent,Excellent,58.00%,61.60%,1,8.13 - 8.15 x 5.02 mm,LV-ROUNDEVVS2-749540000
2417086,2.04,E,VVS2,Ideal,340,https://www.luvansh.com/product/2417086/igi-certified-2-04-e-vvs2-round-lab-created-diamond-r,https://api.igi.org/viewpdf.php?r=LG764633687,NONE,Excellent,Excellent,58.00%,61.60%,1,8.12 - 8.14 x 5.01 mm,LV-ROUNDEVVS2-764633687
2363207,2.06,E,VVS2,Ideal,340,https://www.luvansh.com/product/2363207/igi-certified-2-06-e-vvs2-round-lab-created-diamond-r,https://api.igi.org/viewpdf.php?r=LG763667298,NONE,Excellent,Excellent,58.00%,62.30%,1,8.14 - 8.16 x 5.08 mm,LV-ROUNDEVVS2-763667298
2363208,2.06,E,VVS2,Ideal,340,https://www.luvansh.com/product/2363208/igi-certified-2-06-e-vvs2-round-lab-created-diamond-r,https://api.igi.org/viewpdf.php?r=LG763629056,NONE,Excellent,Excellent,58.00%,62.00%,1,8.12 - 8.14 x 5.04 mm,LV-ROUNDEVVS2-763629056
2440426,2.06,E,VVS2,Ideal,340,https://www.luvansh.com/product/2440426/igi-certified-2-06-e-vvs2-round-lab-created-diamond-r,https://api.igi.org/viewpdf.php?r=LG761570399,NONE,Excellent,Excellent,57.00%,62.00%,1,8.08 - 8.11 x 5.02 mm,LV-ROUNDEVVS2-761570399
2440427,2.06,E,VVS2,Ideal,340,https://www.luvansh.com/product/2440427/igi-certified-2-06-e-vvs2-round-lab-created-diamond-r,https://api.igi.org/viewpdf.php?r=LG762577599,NONE,Excellent,Excellent,58.00%,61.70%,1,8.1 - 8.14 x 5.02 mm,LV-ROUNDEVVS2-762577599
2440430,2.06,E,VVS2,Ideal,340,https://www.luvansh.com/product/2440430/igi-certified-2-06-e-vvs2-round-lab-created-diamond-r,https://api.igi.org/viewpdf.php?r=LG763628631,NONE,Excellent,Excellent,57.00%,61.30%,1,8.14 - 8.18 x 5 mm,LV-ROUNDEVVS2-763628631
2440434,2.05,E,VVS2,Ideal,340,https://www.luvansh.com/product/2440434/igi-certified-2-05-e-vvs2-round-lab-created-diamond-r,https://api.igi.org/viewpdf.php?r=LG757508928,NONE,Excellent,Excellent,58.00%,61.60%,1,8.13 - 8.14 x 5.01 mm,LV-ROUNDEVVS2-757508928
2440749,2.05,E,VVS2,Ideal,340,https://www.luvansh.com/product/2440749/igi-certified-2-05-e-vvs2-round-lab-created-diamond-r,https://api.igi.org/viewpdf.php?r=LG739568471,NONE,Excellent,Excellent,58.00%,61.50%,1.01,8.2 - 8.15 x 5.02 mm,LV-ROUNDEVVS2-739568471
2440789,2.04,E,VVS2,Ideal,340,https://www.luvansh.com/product/2440789/igi-certified-2-04-e-vvs2-round-lab-created-diamond-r,https://api.igi.org/viewpdf.php?r=LG758525237,NONE,Excellent,Excellent,56.00%,62.10%,1,8.11 - 8.15 x 5.05 mm,LV-ROUNDEVVS2-758525237
2440699,2.04,E,VVS2,Ideal,340,https://www.luvansh.com/product/2440699/igi-certified-2-04-e-vvs2-round-lab-created-diamond-r,https://api.igi.org/viewpdf.php?r=LG756598646,NONE,Excellent,Excellent,57.00%,61.60%,1,8.14 - 8.1 x 5 mm,LV-ROUNDEVVS2-756598646
2440705,2.05,E,VVS2,Ideal,340,https://www.luvansh.com/product/2440705/igi-certified-2-05-e-vvs2-round-lab-created-diamond-r,https://api.igi.org/viewpdf.php?r=LG756550270,NONE,Excellent,Excellent,58.00%,61.40%,1.01,8.19 - 8.14 x 5.01 mm,LV-ROUNDEVVS2-756550270
2433009,2.06,E,VVS2,Ideal,340,https://www.luvansh.com/product/2433009/igi-certified-2-06-e-vvs2-round-lab-created-diamond-r,https://api.igi.org/viewpdf.php?r=LG726535154,NONE,Excellent,Excellent,56.00%,61.10%,1,8.21 - 8.18 x 5.01 mm,LV-ROUNDEVVS2-726535154
2433013,2.05,E,VVS2,Ideal,340,https://www.luvansh.com/product/2433013/igi-certified-2-05-e-vvs2-round-lab-created-diamond-r,https://api.igi.org/viewpdf.php?r=LG726536327,NONE,Excellent,Excellent,57.00%,61.10%,1,8.2 - 8.16 x 5 mm,LV-ROUNDEVVS2-726536327
2440239,2.03,E,VVS2,Ideal,334,https://www.luvansh.com/product/2440239/igi-certified-2-03-e-vvs2-round-lab-created-diamond-r,https://api.igi.org/viewpdf.php?r=LG756575858,NONE,Excellent,Excellent,58.00%,62.00%,1,8.07 - 8.11 x 5.01 mm,LV-ROUNDEVVS2-756575858
2440455,2.03,E,VVS2,Ideal,334,https://www.luvansh.com/product/2440455/igi-certified-2-03-e-vvs2-round-lab-created-diamond-r,https://api.igi.org/viewpdf.php?r=LG760556307,NONE,Excellent,Excellent,58.00%,61.80%,1,8.04 - 8.08 x 4.98 mm,LV-ROUNDEVVS2-760556307
2440689,2.02,E,VVS2,Ideal,334,https://www.luvansh.com/product/2440689/igi-certified-2-02-e-vvs2-round-lab-created-diamond-r,https://api.igi.org/viewpdf.php?r=LG756598674,NONE,Excellent,Excellent,56.00%,61.70%,1.01,8.15 - 8.07 x 5 mm,LV-ROUNDEVVS2-756598674
2440690,2.02,E,VVS2,Ideal,334,https://www.luvansh.com/product/2440690/igi-certified-2-02-e-vvs2-round-lab-created-diamond-r,https://api.igi.org/viewpdf.php?r=LG756598587,NONE,Excellent,Excellent,56.00%,62.10%,1.01,8.11 - 8.04 x 5.02 mm,LV-ROUNDEVVS2-756598587
2417100,2.03,E,VVS2,Ideal,334,https://www.luvansh.com/product/2417100/igi-certified-2-03-e-vvs2-round-lab-created-diamond-r,https://api.igi.org/viewpdf.php?r=LG768607912,NONE,Excellent,Excellent,58.00%,61.00%,1,8.13 - 8.16 x 4.96 mm,LV-ROUNDEVVS2-768607912
2440239,2.03,E,VVS2,Ideal,334,https://www.luvansh.com/product/2440239/igi-certified-2-03-e-vvs2-round-lab-created-diamond-r,https://api.igi.org/viewpdf.php?r=LG756575858,NONE,Excellent,Excellent,58.00%,62.00%,1,8.07 - 8.11 x 5.01 mm,LV-ROUNDEVVS2-756575858
2440455,2.03,E,VVS2,Ideal,334,https://www.luvansh.com/product/2440455/igi-certified-2-03-e-vvs2-round-lab-created-diamond-r,https://api.igi.org/viewpdf.php?r=LG760556307,NONE,Excellent,Excellent,58.00%,61.80%,1,8.04 - 8.08 x 4.98 mm,LV-ROUNDEVVS2-760556307
2440689,2.02,E,VVS2,Ideal,334,https://www.luvansh.com/product/2440689/igi-certified-2-02-e-vvs2-round-lab-created-diamond-r,https://api.igi.org/viewpdf.php?r=LG756598674,NONE,Excellent,Excellent,56.00%,61.70%,1.01,8.15 - 8.07 x 5 mm,LV-ROUNDEVVS2-756598674
2440690,2.02,E,VVS2,Ideal,334,https://www.luvansh.com/product/2440690/igi-certified-2-02-e-vvs2-round-lab-created-diamond-r,https://api.igi.org/viewpdf.php?r=LG756598587,NONE,Excellent,Excellent,56.00%,62.10%,1.01,8.11 - 8.04 x 5.02 mm,LV-ROUNDEVVS2-756598587
2417100,2.03,E,VVS2,Ideal,334,https://www.luvansh.com/product/2417100/igi-certified-2-03-e-vvs2-round-lab-created-diamond-r,https://api.igi.org/viewpdf.php?r=LG768607912,NONE,Excellent,Excellent,58.00%,61.00%,1,8.13 - 8.16 x 4.96 mm,LV-ROUNDEVVS2-768607912
2103213,1.92,E,VVS2,Ideal,324,https://www.luvansh.com/product/2103213/igi-certified-1-92-e-vvs2-round-lab-created-diamond-r,https://api.igi.org/viewpdf.php?r=LG738517597,NONE,Excellent,Excellent,58.00%,61.40%,1,7.92 - 7.95 x 4.87 mm,LV-ROUNDEVVS2-738517597
2352197,1.91,E,VVS2,Ideal,324,https://www.luvansh.com/product/2352197/igi-certified-1-91-e-vvs2-round-lab-created-diamond-r,https://api.igi.org/viewpdf.php?r=LG756535930,NONE,Excellent,Excellent,57.00%,61.90%,1,7.94 - 7.96 x 4.92 mm,LV-ROUNDEVVS2-756535930
2103213,1.92,E,VVS2,Ideal,324,https://www.luvansh.com/product/2103213/igi-certified-1-92-e-vvs2-round-lab-created-diamond-r,https://api.igi.org/viewpdf.php?r=LG738517597,NONE,Excellent,Excellent,58.00%,61.40%,1,7.92 - 7.95 x 4.87 mm,LV-ROUNDEVVS2-738517597
2352197,1.91,E,VVS2,Ideal,324,https://www.luvansh.com/product/2352197/igi-certified-1-91-e-vvs2-round-lab-created-diamond-r,https://api.igi.org/viewpdf.php?r=LG756535930,NONE,Excellent,Excellent,57.00%,61.90%,1,7.94 - 7.96 x 4.92 mm,LV-ROUNDEVVS2-756535930
2108001,1.83,F,VVS2,Ideal,284,https://www.luvansh.com/product/2108001/igi-certified-1-83-f-vvs2-round-lab-created-diamond-r,https://api.igi.org/viewpdf.php?r=LG638428579,NONE,Excellent,Excellent,57.00%,61.00%,1,7.83 - 7.86 x 4.78 mm,LV-ROUNDFVVS2-638428579
2108001,1.83,F,VVS2,Ideal,284,https://www.luvansh.com/product/2108001/igi-certified-1-83-f-vvs2-round-lab-created-diamond-r,https://api.igi.org/viewpdf.php?r=LG638428579,NONE,Excellent,Excellent,57.00%,61.00%,1,7.83 - 7.86 x 4.78 mm,LV-ROUNDFVVS2-638428579
